info A dev server is already running for this project on port 8081.
info Found Xcode workspace "RewardsPlanners.xcworkspace"
info Found booted Kunmun’s iPhone
info Building (using "xcodebuild -workspace RewardsPlanners.xcworkspace -configuration Debug -scheme RewardsPlanners -destination id=00008101-001658210A11001E")
debug Command line invocation:
    /Users/ppbuddy/Downloads/Xcode.app/Contents/Developer/usr/bin/xcodebuild -workspace RewardsPlanners.xcworkspace -configuration Debug -scheme RewardsPlanners -destination id=00008101-001658210A11001E


debug ComputePackagePrebuildTargetDependencyGraph

debug 

debug Prepare packages

debug 

debug CreateBuildRequest

debug 
SendProjectDescription

debug 

debug CreateBuildOperation

debug 

debug ComputeTargetDependencyGraph

debug note: Building targets in dependency order

debug note: Target dependency graph (109 targets)
    Target 'RewardsPlanners' in project 'RewardsPlanners'
        ➜ Explicit dependency on target 'Pods-RewardsPlanners' in project 'Pods'
        ➜ Implicit dependency on target 'BVLinearGradient' in project 'Pods' via options '-lBVLinearGradient' in build setting 'OTHER_LDFLAGS'
        ➜ Implicit dependency on target 'DoubleConversion' in project 'Pods' via options '-lDoubleConversion' in build setting 'OTHER_LDFLAGS'
        ➜ Implicit dependency on target 'HtmlToPdf' in project 'Pods' via options '-lHtmlToPdf' in build setting 'OTHER_LDFLAGS'
        ➜ Implicit dependency on target 'RCT-Folly' in project 'Pods' via options '-lRCT-Folly' in build setting 'OTHER_LDFLAGS'
        ➜ Implicit dependency on target 'RCTDeprecation' in project 'Pods' via options '-lRCTDeprecation' in build setting 'OTHER_LDFLAGS'
        ➜ Implicit dependency on target 'RCTTypeSafety' in project 'Pods' via options '-lRCTTypeSafety' in build setting 'OTHER_LDFLAGS'
        ➜ Implicit dependency on target 'RNCAsyncStorage' in project 'Pods' via options '-lRNCAsyncStorage' in build setting 'OTHER_LDFLAGS'
        ➜ Implicit dependency on target 'RNCMaskedView' in project 'Pods' via options '-lRNCMaskedView' in build setting 'OTHER_LDFLAGS'
        ➜ Implicit dependency on target 'RNDeviceInfo' in project 'Pods' via options '-lRNDeviceInfo' in build setting 'OTHER_LDFLAGS'
        ➜ Implicit dependency on target 'RNGestureHandler' in project 'Pods' via options '-lRNGestureHandler' in build setting 'OTHER_LDFLAGS'
        ➜ Implicit dependency on target 'RNPermissions' in project 'Pods' via options '-lRNPermissions' in build setting 'OTHER_LDFLAGS'
        ➜ Implicit dependency on target 'RNReanimated' in project 'Pods' via options '-lRNReanimated' in build setting 'OTHER_LDFLAGS'
        ➜ Implicit dependency on target 'RNSVG' in project 'Pods' via options '-lRNSVG' in build setting 'OTHER_LDFLAGS'
        ➜ Implicit dependency on target 'RNScreens' in project 'Pods' via options '-lRNScreens' in build setting 'OTHER_LDFLAGS'
        ➜ Implicit dependency on target 'RNShare' in project 'Pods' via options '-lRNShare' in build setting 'OTHER_LDFLAGS'
        ➜ Implicit dependency on target 'RNVectorIcons' in project 'Pods' via options '-lRNVectorIcons' in build setting 'OTHER_LDFLAGS'
        ➜ Implicit dependency on target 'RNWorklets' in project 'Pods' via options '-lRNWorklets' in build setting 'OTHER_LDFLAGS'
        ➜ Implicit dependency on target 'React-Core' in project 'Pods' via options '-lReact-Core' in build setting 'OTHER_LDFLAGS'
        ➜ Implicit dependency on target 'React-CoreModules' in project 'Pods' via options '-lReact-CoreModules' in build setting 'OTHER_LDFLAGS'
        ➜ Implicit dependency on target 'React-Fabric' in project 'Pods' via options '-lReact-Fabric' in build setting 'OTHER_LDFLAGS'
        ➜ Implicit dependency on target 'React-FabricComponents' in project 'Pods' via options '-lReact-FabricComponents' in build setting 'OTHER_LDFLAGS'
        ➜ Implicit dependency on target 'React-FabricImage' in project 'Pods' via options '-lReact-FabricImage' in build setting 'OTHER_LDFLAGS'
        ➜ Implicit dependency on target 'React-ImageManager' in project 'Pods' via options '-lReact-ImageManager' in build setting 'OTHER_LDFLAGS'
        ➜ Implicit dependency on target 'React-Mapbuffer' in project 'Pods' via options '-lReact-Mapbuffer' in build setting 'OTHER_LDFLAGS'
        ➜ Implicit dependency on target 'React-NativeModulesApple' in project 'Pods' via options '-lReact-NativeModulesApple' in build setting 'OTHER_LDFLAGS'
        ➜ Implicit dependency on target 'React-RCTAnimation' in project 'Pods' via options '-lReact-RCTAnimation' in build setting 'OTHER_LDFLAGS'
        ➜ Implicit dependency on target 'React-RCTAppDelegate' in project 'Pods' via options '-lReact-RCTAppDelegate' in build setting 'OTHER_LDFLAGS'
        ➜ Implicit dependency on target 'React-RCTBlob' in project 'Pods' via options '-lReact-RCTBlob' in build setting 'OTHER_LDFLAGS'
        ➜ Implicit dependency on target 'React-RCTFBReactNativeSpec' in project 'Pods' via options '-lReact-RCTFBReactNativeSpec' in build setting 'OTHER_LDFLAGS'
        ➜ Implicit dependency on target 'React-RCTFabric' in project 'Pods' via options '-lReact-RCTFabric' in build setting 'OTHER_LDFLAGS'
        ➜ Implicit dependency on target 'React-RCTImage' in project 'Pods' via options '-lReact-RCTImage' in build setting 'OTHER_LDFLAGS'
        ➜ Implicit dependency on target 'React-RCTLinking' in project 'Pods' via options '-lReact-RCTLinking' in build setting 'OTHER_LDFLAGS'
        ➜ Implicit dependency on target 'React-RCTNetwork' in project 'Pods' via options '-lReact-RCTNetwork' in build setting 'OTHER_LDFLAGS'
        ➜ Implicit dependency on target 'React-RCTRuntime' in project 'Pods' via options '-lReact-RCTRuntime' in build setting 'OTHER_LDFLAGS'
        ➜ Implicit dependency on target 'React-RCTSettings' in project 'Pods' via options '-lReact-RCTSettings' in build setting 'OTHER_LDFLAGS'
        ➜ Implicit dependency on target 'React-RCTText' in project 'Pods' via options '-lReact-RCTText' in build setting 'OTHER_LDFLAGS'
        ➜ Implicit dependency on target 'React-RCTVibration' in project 'Pods' via options '-lReact-RCTVibration' in build setting 'OTHER_LDFLAGS'
        ➜ Implicit dependency on target 'React-RuntimeApple' in project 'Pods' via options '-lReact-RuntimeApple' in build setting 'OTHER_LDFLAGS'
        ➜ Implicit dependency on target 'React-RuntimeCore' in project 'Pods' via options '-lReact-RuntimeCore' in build setting 'OTHER_LDFLAGS'
        ➜ Implicit dependency on target 'React-RuntimeHermes' in project 'Pods' via options '-lReact-RuntimeHermes' in build setting 'OTHER_LDFLAGS'
        ➜ Implicit dependency on target 'React-cxxreact' in project 'Pods' via options '-lReact-cxxreact' in build setting 'OTHER_LDFLAGS'
        ➜ Implicit dependency on target 'React-debug' in project 'Pods' via options '-lReact-debug' in build setting 'OTHER_LDFLAGS'
        ➜ Implicit dependency on target 'React-defaultsnativemodule' in project 'Pods' via options '-lReact-defaultsnativemodule' in build setting 'OTHER_LDFLAGS'
        ➜ Implicit dependency on target 'React-domnativemodule' in project 'Pods' via options '-lReact-domnativemodule' in build setting 'OTHER_LDFLAGS'
        ➜ Implicit dependency on target 'React-featureflags' in project 'Pods' via options '-lReact-featureflags' in build setting 'OTHER_LDFLAGS'
        ➜ Implicit dependency on target 'React-featureflagsnativemodule' in project 'Pods' via options '-lReact-featureflagsnativemodule' in build setting 'OTHER_LDFLAGS'
        ➜ Implicit dependency on target 'React-graphics' in project 'Pods' via options '-lReact-graphics' in build setting 'OTHER_LDFLAGS'
        ➜ Implicit dependency on target 'React-hermes' in project 'Pods' via options '-lReact-hermes' in build setting 'OTHER_LDFLAGS'
        ➜ Implicit dependency on target 'React-idlecallbacksnativemodule' in project 'Pods' via options '-lReact-idlecallbacksnativemodule' in build setting 'OTHER_LDFLAGS'
        ➜ Implicit dependency on target 'React-jserrorhandler' in project 'Pods' via options '-lReact-jserrorhandler' in build setting 'OTHER_LDFLAGS'
        ➜ Implicit dependency on target 'React-jsi' in project 'Pods' via options '-lReact-jsi' in build setting 'OTHER_LDFLAGS'
        ➜ Implicit dependency on target 'React-jsiexecutor' in project 'Pods' via options '-lReact-jsiexecutor' in build setting 'OTHER_LDFLAGS'
        ➜ Implicit dependency on target 'React-jsinspector' in project 'Pods' via options '-lReact-jsinspector' in build setting 'OTHER_LDFLAGS'
        ➜ Implicit dependency on target 'React-jsinspectorcdp' in project 'Pods' via options '-lReact-jsinspectorcdp' in build setting 'OTHER_LDFLAGS'
        ➜ Implicit dependency on target 'React-jsinspectornetwork' in project 'Pods' via options '-lReact-jsinspectornetwork' in build setting 'OTHER_LDFLAGS'
        ➜ Implicit dependency on target 'React-jsinspectortracing' in project 'Pods' via options '-lReact-jsinspectortracing' in build setting 'OTHER_LDFLAGS'
        ➜ Implicit dependency on target 'React-jsitooling' in project 'Pods' via options '-lReact-jsitooling' in build setting 'OTHER_LDFLAGS'
        ➜ Implicit dependency on target 'React-logger' in project 'Pods' via options '-lReact-logger' in build setting 'OTHER_LDFLAGS'
        ➜ Implicit dependency on target 'React-microtasksnativemodule' in project 'Pods' via options '-lReact-microtasksnativemodule' in build setting 'OTHER_LDFLAGS'
        ➜ Implicit dependency on target 'React-oscompat' in project 'Pods' via options '-lReact-oscompat' in build setting 'OTHER_LDFLAGS'
        ➜ Implicit dependency on target 'React-perflogger' in project 'Pods' via options '-lReact-perflogger' in build setting 'OTHER_LDFLAGS'
        ➜ Implicit dependency on target 'React-performancecdpmetrics' in project 'Pods' via options '-lReact-performancecdpmetrics' in build setting 'OTHER_LDFLAGS'
        ➜ Implicit dependency on target 'React-performancetimeline' in project 'Pods' via options '-lReact-performancetimeline' in build setting 'OTHER_LDFLAGS'
        ➜ Implicit dependency on target 'React-rendererconsistency' in project 'Pods' via options '-lReact-rendererconsistency' in build setting 'OTHER_LDFLAGS'
        ➜ Implicit dependency on target 'React-renderercss' in project 'Pods' via options '-lReact-renderercss' in build setting 'OTHER_LDFLAGS'
        ➜ Implicit dependency on target 'React-rendererdebug' in project 'Pods' via options '-lReact-rendererdebug' in build setting 'OTHER_LDFLAGS'
        ➜ Implicit dependency on target 'React-runtimeexecutor' in project 'Pods' via options '-lReact-runtimeexecutor' in build setting 'OTHER_LDFLAGS'
        ➜ Implicit dependency on target 'React-runtimescheduler' in project 'Pods' via options '-lReact-runtimescheduler' in build setting 'OTHER_LDFLAGS'
        ➜ Implicit dependency on target 'React-utils' in project 'Pods' via options '-lReact-utils' in build setting 'OTHER_LDFLAGS'
        ➜ Implicit dependency on target 'React-webperformancenativemodule' in project 'Pods' via options '-lReact-webperformancenativemodule' in build setting 'OTHER_LDFLAGS'
        ➜ Implicit dependency on target 'ReactAppDependencyProvider' in project 'Pods' via options '-lReactAppDependencyProvider' in build setting 'OTHER_LDFLAGS'
        ➜ Implicit dependency on target 'ReactCodegen' in project 'Pods' via options '-lReactCodegen' in build setting 'OTHER_LDFLAGS'
        ➜ Implicit dependency on target 'ReactCommon' in project 'Pods' via options '-lReactCommon' in build setting 'OTHER_LDFLAGS'
        ➜ Implicit dependency on target 'SocketRocket' in project 'Pods' via options '-lSocketRocket' in build setting 'OTHER_LDFLAGS'
        ➜ Implicit dependency on target 'Yoga' in project 'Pods' via options '-lYoga' in build setting 'OTHER_LDFLAGS'
        ➜ Implicit dependency on target 'fmt' in project 'Pods' via options '-lfmt' in build setting 'OTHER_LDFLAGS'
        ➜ Implicit dependency on target 'glog' in project 'Pods' via options '-lglog' in build setting 'OTHER_LDFLAGS'
        ➜ Implicit dependency on target 'react-native-geolocation' in project 'Pods' via options '-lreact-native-geolocation' in build setting 'OTHER_LDFLAGS'
        ➜ Implicit dependency on target 'react-native-image-picker' in project 'Pods' via options '-lreact-native-image-picker' in build setting 'OTHER_LDFLAGS'
        ➜ Implicit dependency on target 'react-native-maps' in project 'Pods' via options '-lreact-native-maps' in build setting 'OTHER_LDFLAGS'
        ➜ Implicit dependency on target 'react-native-netinfo' in project 'Pods' via options '-lreact-native-netinfo' in build setting 'OTHER_LDFLAGS'
        ➜ Implicit dependency on target 'react-native-razorpay' in project 'Pods' via options '-lreact-native-razorpay' in build setting 'OTHER_LDFLAGS'
        ➜ Implicit dependency on target 'react-native-safe-area-context' in project 'Pods' via options '-lreact-native-safe-area-context' in build setting 'OTHER_LDFLAGS'
    Target 'Pods-RewardsPlanners' in project 'Pods'
        ➜ Explicit dependency on target 'BVLinearGradient' in project 'Pods'
        ➜ Explicit dependency on target 'DoubleConversion' in project 'Pods'
        ➜ Explicit dependency on target 'FBLazyVector' in project 'Pods'
        ➜ Explicit dependency on target 'HtmlToPdf' in project 'Pods'
        ➜ Explicit dependency on target 'RCT-Folly' in project 'Pods'
        ➜ Explicit dependency on target 'RCTDeprecation' in project 'Pods'
        ➜ Explicit dependency on target 'RCTRequired' in project 'Pods'
        ➜ Explicit dependency on target 'RCTTypeSafety' in project 'Pods'
        ➜ Explicit dependency on target 'RNCAsyncStorage' in project 'Pods'
        ➜ Explicit dependency on target 'RNCMaskedView' in project 'Pods'
        ➜ Explicit dependency on target 'RNDeviceInfo' in project 'Pods'
        ➜ Explicit dependency on target 'RNGestureHandler' in project 'Pods'
        ➜ Explicit dependency on target 'RNPermissions' in project 'Pods'
        ➜ Explicit dependency on target 'RNReanimated' in project 'Pods'
        ➜ Explicit dependency on target 'RNSVG' in project 'Pods'
        ➜ Explicit dependency on target 'RNScreens' in project 'Pods'
        ➜ Explicit dependency on target 'RNShare' in project 'Pods'
        ➜ Explicit dependency on target 'RNVectorIcons' in project 'Pods'
        ➜ Explicit dependency on target 'RNWorklets' in project 'Pods'
        ➜ Explicit dependency on target 'React' in project 'Pods'
        ➜ Explicit dependency on target 'React-Core' in project 'Pods'
        ➜ Explicit dependency on target 'React-CoreModules' in project 'Pods'
        ➜ Explicit dependency on target 'React-Fabric' in project 'Pods'
        ➜ Explicit dependency on target 'React-FabricComponents' in project 'Pods'
        ➜ Explicit dependency on target 'React-FabricImage' in project 'Pods'
        ➜ Explicit dependency on target 'React-ImageManager' in project 'Pods'
        ➜ Explicit dependency on target 'React-Mapbuffer' in project 'Pods'
        ➜ Explicit dependency on target 'React-NativeModulesApple' in project 'Pods'
        ➜ Explicit dependency on target 'React-RCTActionSheet' in project 'Pods'
        ➜ Explicit dependency on target 'React-RCTAnimation' in project 'Pods'
        ➜ Explicit dependency on target 'React-RCTAppDelegate' in project 'Pods'
        ➜ Explicit dependency on target 'React-RCTBlob' in project 'Pods'
        ➜ Explicit dependency on target 'React-RCTFBReactNativeSpec' in project 'Pods'
        ➜ Explicit dependency on target 'React-RCTFabric' in project 'Pods'
        ➜ Explicit dependency on target 'React-RCTImage' in project 'Pods'
        ➜ Explicit dependency on target 'React-RCTLinking' in project 'Pods'
        ➜ Explicit dependency on target 'React-RCTNetwork' in project 'Pods'
        ➜ Explicit dependency on target 'React-RCTRuntime' in project 'Pods'
        ➜ Explicit dependency on target 'React-RCTSettings' in project 'Pods'
        ➜ Explicit dependency on target 'React-RCTText' in project 'Pods'
        ➜ Explicit dependency on target 'React-RCTVibration' in project 'Pods'
        ➜ Explicit dependency on target 'React-RuntimeApple' in project 'Pods'
        ➜ Explicit dependency on target 'React-RuntimeCore' in project 'Pods'
        ➜ Explicit dependency on target 'React-RuntimeHermes' in project 'Pods'
        ➜ Explicit dependency on target 'React-callinvoker' in project 'Pods'
        ➜ Explicit dependency on target 'React-cxxreact' in project 'Pods'
        ➜ Explicit dependency on target 'React-debug' in project 'Pods'
        ➜ Explicit dependency on target 'React-defaultsnativemodule' in project 'Pods'
        ➜ Explicit dependency on target 'React-domnativemodule' in project 'Pods'
        ➜ Explicit dependency on target 'React-featureflags' in project 'Pods'
        ➜ Explicit dependency on target 'React-featureflagsnativemodule' in project 'Pods'
        ➜ Explicit dependency on target 'React-graphics' in project 'Pods'
        ➜ Explicit dependency on target 'React-hermes' in project 'Pods'
        ➜ Explicit dependency on target 'React-idlecallbacksnativemodule' in project 'Pods'
        ➜ Explicit dependency on target 'React-jserrorhandler' in project 'Pods'
        ➜ Explicit dependency on target 'React-jsi' in project 'Pods'
        ➜ Explicit dependency on target 'React-jsiexecutor' in project 'Pods'
        ➜ Explicit dependency on target 'React-jsinspector' in project 'Pods'
        ➜ Explicit dependency on target 'React-jsinspectorcdp' in project 'Pods'
        ➜ Explicit dependency on target 'React-jsinspectornetwork' in project 'Pods'
        ➜ Explicit dependency on target 'React-jsinspectortracing' in project 'Pods'
        ➜ Explicit dependency on target 'React-jsitooling' in project 'Pods'
        ➜ Explicit dependency on target 'React-jsitracing' in project 'Pods'
        ➜ Explicit dependency on target 'React-logger' in project 'Pods'
        ➜ Explicit dependency on target 'React-microtasksnativemodule' in project 'Pods'
        ➜ Explicit dependency on target 'React-oscompat' in project 'Pods'
        ➜ Explicit dependency on target 'React-perflogger' in project 'Pods'
        ➜ Explicit dependency on target 'React-performancecdpmetrics' in project 'Pods'
        ➜ Explicit dependency on target 'React-performancetimeline' in project 'Pods'
        ➜ Explicit dependency on target 'React-rendererconsistency' in project 'Pods'
        ➜ Explicit dependency on target 'React-renderercss' in project 'Pods'
        ➜ Explicit dependency on target 'React-rendererdebug' in project 'Pods'
        ➜ Explicit dependency on target 'React-runtimeexecutor' in project 'Pods'
        ➜ Explicit dependency on target 'React-runtimescheduler' in project 'Pods'
        ➜ Explicit dependency on target 'React-timing' in project 'Pods'
        ➜ Explicit dependency on target 'React-utils' in project 'Pods'
        ➜ Explicit dependency on target 'React-webperformancenativemodule' in project 'Pods'
        ➜ Explicit dependency on target 'ReactAppDependencyProvider' in project 'Pods'
        ➜ Explicit dependency on target 'ReactCodegen' in project 'Pods'
        ➜ Explicit dependency on target 'ReactCommon' in project 'Pods'
        ➜ Explicit dependency on target 'SocketRocket' in project 'Pods'
        ➜ Explicit dependency on target 'Yoga' in project 'Pods'
        ➜ Explicit dependency on target 'boost' in project 'Pods'
        ➜ Explicit dependency on target 'fast_float' in project 'Pods'
        ➜ Explicit dependency on target 'fmt' in project 'Pods'
        ➜ Explicit dependency on target 'glog' in project 'Pods'
        ➜ Explicit dependency on target 'hermes-engine' in project 'Pods'
        ➜ Explicit dependency on target 'razorpay-core-pod' in project 'Pods'
        ➜ Explicit dependency on target 'razorpay-pod' in project 'Pods'
        ➜ Explicit dependency on target 'react-native-geolocation' in project 'Pods'
        ➜ Explicit dependency on target 'react-native-image-picker' in project 'Pods'
        ➜ Explicit dependency on target 'react-native-maps' in project 'Pods'
        ➜ Explicit dependency on target 'react-native-netinfo' in project 'Pods'
        ➜ Explicit dependency on target 'react-native-razorpay' in project 'Pods'
        ➜ Explicit dependency on target 'react-native-render-html' in project 'Pods'
        ➜ Explicit dependency on target 'react-native-safe-area-context' in project 'Pods'
        ➜ Explicit dependency on target 'react-native-vector-icons-fontawesome' in project 'Pods'
    Target 'react-native-vector-icons-fontawesome' in project 'Pods' (no dependencies)
    Target 'react-native-safe-area-context' in project 'Pods'
        ➜ Explicit dependency on target 'DoubleConversion' in project 'Pods'
        ➜ Explicit dependency on target 'RCT-Folly' in project 'Pods'
        ➜ Explicit dependency on target 'RCTRequired' in project 'Pods'
        ➜ Explicit dependency on target 'RCTTypeSafety' in project 'Pods'
        ➜ Explicit dependency on target 'React-Core' in project 'Pods'
        ➜ Explicit dependency on target 'React-Fabric' in project 'Pods'
        ➜ Explicit dependency on target 'React-ImageManager' in project 'Pods'
        ➜ Explicit dependency on target 'React-NativeModulesApple' in project 'Pods'
        ➜ Explicit dependency on target 'React-RCTFabric' in project 'Pods'
        ➜ Explicit dependency on target 'React-debug' in project 'Pods'
        ➜ Explicit dependency on target 'React-featureflags' in project 'Pods'
        ➜ Explicit dependency on target 'React-graphics' in project 'Pods'
        ➜ Explicit dependency on target 'React-jsi' in project 'Pods'
        ➜ Explicit dependency on target 'React-renderercss' in project 'Pods'
        ➜ Explicit dependency on target 'React-rendererdebug' in project 'Pods'
        ➜ Explicit dependency on target 'React-utils' in project 'Pods'
        ➜ Explicit dependency on target 'ReactCodegen' in project 'Pods'
        ➜ Explicit dependency on target 'ReactCommon' in project 'Pods'
        ➜ Explicit dependency on target 'SocketRocket' in project 'Pods'
        ➜ Explicit dependency on target 'Yoga' in project 'Pods'
        ➜ Explicit dependency on target 'boost' in project 'Pods'
        ➜ Explicit dependency on target 'fast_float' in project 'Pods'
        ➜ Explicit dependency on target 'fmt' in project 'Pods'
        ➜ Explicit dependency on target 'glog' in project 'Pods'
        ➜ Explicit dependency on target 'hermes-engine' in project 'Pods'
    Target 'react-native-render-html' in project 'Pods'
        ➜ Explicit dependency on target 'React-Core' in project 'Pods'
    Target 'react-native-razorpay' in project 'Pods'
        ➜ Explicit dependency on target 'React' in project 'Pods'
        ➜ Explicit dependency on target 'razorpay-pod' in project 'Pods'
    Target 'react-native-netinfo' in project 'Pods'
        ➜ Explicit dependency on target 'DoubleConversion' in project 'Pods'
        ➜ Explicit dependency on target 'RCT-Folly' in project 'Pods'
        ➜ Explicit dependency on target 'RCTRequired' in project 'Pods'
        ➜ Explicit dependency on target 'RCTTypeSafety' in project 'Pods'
        ➜ Explicit dependency on target 'React-Core' in project 'Pods'
        ➜ Explicit dependency on target 'React-Fabric' in project 'Pods'
        ➜ Explicit dependency on target 'React-ImageManager' in project 'Pods'
        ➜ Explicit dependency on target 'React-NativeModulesApple' in project 'Pods'
        ➜ Explicit dependency on target 'React-RCTFabric' in project 'Pods'
        ➜ Explicit dependency on target 'React-debug' in project 'Pods'
        ➜ Explicit dependency on target 'React-featureflags' in project 'Pods'
        ➜ Explicit dependency on target 'React-graphics' in project 'Pods'
        ➜ Explicit dependency on target 'React-jsi' in project 'Pods'
        ➜ Explicit dependency on target 'React-renderercss' in project 'Pods'
        ➜ Explicit dependency on target 'React-rendererdebug' in project 'Pods'
        ➜ Explicit dependency on target 'React-utils' in project 'Pods'
        ➜ Explicit dependency on target 'ReactCodegen' in project 'Pods'
        ➜ Explicit dependency on target 'ReactCommon' in project 'Pods'
        ➜ Explicit dependency on target 'SocketRocket' in project 'Pods'
        ➜ Explicit dependency on target 'Yoga' in project 'Pods'
        ➜ Explicit dependency on target 'boost' in project 'Pods'
        ➜ Explicit dependency on target 'fast_float' in project 'Pods'
        ➜ Explicit dependency on target 'fmt' in project 'Pods'
        ➜ Explicit dependency on target 'glog' in project 'Pods'
        ➜ Explicit dependency on target 'hermes-engine' in project 'Pods'
    Target 'react-native-maps' in project 'Pods'
        ➜ Explicit dependency on target 'DoubleConversion' in project 'Pods'
        ➜ Explicit dependency on target 'RCT-Folly' in project 'Pods'
        ➜ Explicit dependency on target 'RCTRequired' in project 'Pods'
        ➜ Explicit dependency on target 'RCTTypeSafety' in project 'Pods'
        ➜ Explicit dependency on target 'React-Core' in project 'Pods'
        ➜ Explicit dependency on target 'React-Fabric' in project 'Pods'
        ➜ Explicit dependency on target 'React-ImageManager' in project 'Pods'
        ➜ Explicit dependency on target 'React-NativeModulesApple' in project 'Pods'
        ➜ Explicit dependency on target 'React-RCTFabric' in project 'Pods'
        ➜ Explicit dependency on target 'React-debug' in project 'Pods'
        ➜ Explicit dependency on target 'React-featureflags' in project 'Pods'
        ➜ Explicit dependency on target 'React-graphics' in project 'Pods'
        ➜ Explicit dependency on target 'React-jsi' in project 'Pods'
        ➜ Explicit dependency on target 'React-renderercss' in project 'Pods'
        ➜ Explicit dependency on target 'React-rendererdebug' in project 'Pods'
        ➜ Explicit dependency on target 'React-utils' in project 'Pods'
        ➜ Explicit dependency on target 'ReactCodegen' in project 'Pods'
        ➜ Explicit dependency on target 'ReactCommon' in project 'Pods'
        ➜ Explicit dependency on target 'SocketRocket' in project 'Pods'
        ➜ Explicit dependency on target 'Yoga' in project 'Pods'
        ➜ Explicit dependency on target 'boost' in project 'Pods'
        ➜ Explicit dependency on target 'fast_float' in project 'Pods'
        ➜ Explicit dependency on target 'fmt' in project 'Pods'
        ➜ Explicit dependency on target 'glog' in project 'Pods'
        ➜ Explicit dependency on target 'hermes-engine' in project 'Pods'
    Target 'react-native-image-picker' in project 'Pods'
        ➜ Explicit dependency on target 'DoubleConversion' in project 'Pods'
        ➜ Explicit dependency on target 'RCT-Folly' in project 'Pods'
        ➜ Explicit dependency on target 'RCTRequired' in project 'Pods'
        ➜ Explicit dependency on target 'RCTTypeSafety' in project 'Pods'
        ➜ Explicit dependency on target 'React-Core' in project 'Pods'
        ➜ Explicit dependency on target 'React-Fabric' in project 'Pods'
        ➜ Explicit dependency on target 'React-ImageManager' in project 'Pods'
        ➜ Explicit dependency on target 'React-NativeModulesApple' in project 'Pods'
        ➜ Explicit dependency on target 'React-RCTFabric' in project 'Pods'
        ➜ Explicit dependency on target 'React-debug' in project 'Pods'
        ➜ Explicit dependency on target 'React-featureflags' in project 'Pods'
        ➜ Explicit dependency on target 'React-graphics' in project 'Pods'
        ➜ Explicit dependency on target 'React-jsi' in project 'Pods'
        ➜ Explicit dependency on target 'React-renderercss' in project 'Pods'
        ➜ Explicit dependency on target 'React-rendererdebug' in project 'Pods'
        ➜ Explicit dependency on target 'React-utils' in project 'Pods'
        ➜ Explicit dependency on target 'ReactCodegen' in project 'Pods'
        ➜ Explicit dependency on target 'ReactCommon' in project 'Pods'
        ➜ Explicit dependency on target 'SocketRocket' in project 'Pods'
        ➜ Explicit dependency on target 'Yoga' in project 'Pods'
        ➜ Explicit dependency on target 'boost' in project 'Pods'
        ➜ Explicit dependency on target 'fast_float' in project 'Pods'
        ➜ Explicit dependency on target 'fmt' in project 'Pods'
        ➜ Explicit dependency on target 'glog' in project 'Pods'
        ➜ Explicit dependency on target 'hermes-engine' in project 'Pods'
        ➜ Explicit dependency on target 'react-native-image-picker-RNImagePickerPrivacyInfo' in project 'Pods'
    Target 'react-native-image-picker-RNImagePickerPrivacyInfo' in project 'Pods' (no dependencies)
    Target 'react-native-geolocation' in project 'Pods'
        ➜ Explicit dependency on target 'DoubleConversion' in project 'Pods'
        ➜ Explicit dependency on target 'RCT-Folly' in project 'Pods'
        ➜ Explicit dependency on target 'RCTRequired' in project 'Pods'
        ➜ Explicit dependency on target 'RCTTypeSafety' in project 'Pods'
        ➜ Explicit dependency on target 'React-Core' in project 'Pods'
        ➜ Explicit dependency on target 'React-Fabric' in project 'Pods'
        ➜ Explicit dependency on target 'React-ImageManager' in project 'Pods'
        ➜ Explicit dependency on target 'React-NativeModulesApple' in project 'Pods'
        ➜ Explicit dependency on target 'React-RCTFabric' in project 'Pods'
        ➜ Explicit dependency on target 'React-debug' in project 'Pods'
        ➜ Explicit dependency on target 'React-featureflags' in project 'Pods'
        ➜ Explicit dependency on target 'React-graphics' in project 'Pods'
        ➜ Explicit dependency on target 'React-jsi' in project 'Pods'
        ➜ Explicit dependency on target 'React-renderercss' in project 'Pods'
        ➜ Explicit dependency on target 'React-rendererdebug' in project 'Pods'
        ➜ Explicit dependency on target 'React-utils' in project 'Pods'
        ➜ Explicit dependency on target 'ReactCodegen' in project 'Pods'
        ➜ Explicit dependency on target 'ReactCommon' in project 'Pods'
        ➜ Explicit dependency on target 'SocketRocket' in project 'Pods'
        ➜ Explicit dependency on target 'Yoga' in project 'Pods'
        ➜ Explicit dependency on target 'boost' in project 'Pods'
        ➜ Explicit dependency on target 'fast_float' in project 'Pods'
        ➜ Explicit dependency on target 'fmt' in project 'Pods'
        ➜ Explicit dependency on target 'glog' in project 'Pods'
        ➜ Explicit dependency on target 'hermes-engine' in project 'Pods'
    Target 'razorpay-pod' in project 'Pods'
        ➜ Explicit dependency on target 'razorpay-core-pod' in project 'Pods'
    Target 'razorpay-core-pod' in project 'Pods' (no dependencies)
    Target 'ReactAppDependencyProvider' in project 'Pods'
        ➜ Explicit dependency on target 'ReactCodegen' in project 'Pods'
    Target 'React' in project 'Pods'
        ➜ Explicit dependency on target 'React-Core' in project 'Pods'
        ➜ Explicit dependency on target 'React-RCTActionSheet' in project 'Pods'
        ➜ Explicit dependency on target 'React-RCTAnimation' in project 'Pods'
        ➜ Explicit dependency on target 'React-RCTBlob' in project 'Pods'
        ➜ Explicit dependency on target 'React-RCTImage' in project 'Pods'
        ➜ Explicit dependency on target 'React-RCTLinking' in project 'Pods'
        ➜ Explicit dependency on target 'React-RCTNetwork' in project 'Pods'
        ➜ Explicit dependency on target 'React-RCTSettings' in project 'Pods'
        ➜ Explicit dependency on target 'React-RCTText' in project 'Pods'
        ➜ Explicit dependency on target 'React-RCTVibration' in project 'Pods'
    Target 'React-RCTVibration' in project 'Pods'
        ➜ Explicit dependency on target 'DoubleConversion' in project 'Pods'
        ➜ Explicit dependency on target 'RCT-Folly' in project 'Pods'
        ➜ Explicit dependency on target 'React-Core' in project 'Pods'
        ➜ Explicit dependency on target 'React-NativeModulesApple' in project 'Pods'
        ➜ Explicit dependency on target 'React-RCTFBReactNativeSpec' in project 'Pods'
        ➜ Explicit dependency on target 'React-jsi' in project 'Pods'
        ➜ Explicit dependency on target 'ReactCommon' in project 'Pods'
        ➜ Explicit dependency on target 'SocketRocket' in project 'Pods'
        ➜ Explicit dependency on target 'boost' in project 'Pods'
        ➜ Explicit dependency on target 'fast_float' in project 'Pods'
        ➜ Explicit dependency on target 'fmt' in project 'Pods'
        ➜ Explicit dependency on target 'glog' in project 'Pods'
    Target 'React-RCTSettings' in project 'Pods'
        ➜ Explicit dependency on target 'DoubleConversion' in project 'Pods'
        ➜ Explicit dependency on target 'RCT-Folly' in project 'Pods'
        ➜ Explicit dependency on target 'RCTTypeSafety' in project 'Pods'
        ➜ Explicit dependency on target 'React-Core' in project 'Pods'
        ➜ Explicit dependency on target 'React-NativeModulesApple' in project 'Pods'
        ➜ Explicit dependency on target 'React-RCTFBReactNativeSpec' in project 'Pods'
        ➜ Explicit dependency on target 'React-jsi' in project 'Pods'
        ➜ Explicit dependency on target 'ReactCommon' in project 'Pods'
        ➜ Explicit dependency on target 'SocketRocket' in project 'Pods'
        ➜ Explicit dependency on target 'boost' in project 'Pods'
        ➜ Explicit dependency on target 'fast_float' in project 'Pods'
        ➜ Explicit dependency on target 'fmt' in project 'Pods'
        ➜ Explicit dependency on target 'glog' in project 'Pods'
    Target 'React-RCTLinking' in project 'Pods'
        ➜ Explicit dependency on target 'React-Core' in project 'Pods'
        ➜ Explicit dependency on target 'React-NativeModulesApple' in project 'Pods'
        ➜ Explicit dependency on target 'React-RCTFBReactNativeSpec' in project 'Pods'
        ➜ Explicit dependency on target 'React-jsi' in project 'Pods'
        ➜ Explicit dependency on target 'ReactCommon' in project 'Pods'
    Target 'React-RCTActionSheet' in project 'Pods'
        ➜ Explicit dependency on target 'React-Core' in project 'Pods'
    Target 'RNVectorIcons' in project 'Pods'
        ➜ Explicit dependency on target 'DoubleConversion' in project 'Pods'
        ➜ Explicit dependency on target 'RCT-Folly' in project 'Pods'
        ➜ Explicit dependency on target 'RCTRequired' in project 'Pods'
        ➜ Explicit dependency on target 'RCTTypeSafety' in project 'Pods'
        ➜ Explicit dependency on target 'React-Core' in project 'Pods'
        ➜ Explicit dependency on target 'React-Fabric' in project 'Pods'
        ➜ Explicit dependency on target 'React-ImageManager' in project 'Pods'
        ➜ Explicit dependency on target 'React-NativeModulesApple' in project 'Pods'
        ➜ Explicit dependency on target 'React-RCTFabric' in project 'Pods'
        ➜ Explicit dependency on target 'React-debug' in project 'Pods'
        ➜ Explicit dependency on target 'React-featureflags' in project 'Pods'
        ➜ Explicit dependency on target 'React-graphics' in project 'Pods'
        ➜ Explicit dependency on target 'React-jsi' in project 'Pods'
        ➜ Explicit dependency on target 'React-renderercss' in project 'Pods'
        ➜ Explicit dependency on target 'React-rendererdebug' in project 'Pods'
        ➜ Explicit dependency on target 'React-utils' in project 'Pods'
        ➜ Explicit dependency on target 'ReactCodegen' in project 'Pods'
        ➜ Explicit dependency on target 'ReactCommon' in project 'Pods'
        ➜ Explicit dependency on target 'SocketRocket' in project 'Pods'
        ➜ Explicit dependency on target 'Yoga' in project 'Pods'
        ➜ Explicit dependency on target 'boost' in project 'Pods'
        ➜ Explicit dependency on target 'fast_float' in project 'Pods'
        ➜ Explicit dependency on target 'fmt' in project 'Pods'
        ➜ Explicit dependency on target 'glog' in project 'Pods'
        ➜ Explicit dependency on target 'hermes-engine' in project 'Pods'
    Target 'RNShare' in project 'Pods'
        ➜ Explicit dependency on target 'DoubleConversion' in project 'Pods'
        ➜ Explicit dependency on target 'RCT-Folly' in project 'Pods'
        ➜ Explicit dependency on target 'RCTRequired' in project 'Pods'
        ➜ Explicit dependency on target 'RCTTypeSafety' in project 'Pods'
        ➜ Explicit dependency on target 'React-Core' in project 'Pods'
        ➜ Explicit dependency on target 'React-Fabric' in project 'Pods'
        ➜ Explicit dependency on target 'React-ImageManager' in project 'Pods'
        ➜ Explicit dependency on target 'React-NativeModulesApple' in project 'Pods'
        ➜ Explicit dependency on target 'React-RCTFabric' in project 'Pods'
        ➜ Explicit dependency on target 'React-debug' in project 'Pods'
        ➜ Explicit dependency on target 'React-featureflags' in project 'Pods'
        ➜ Explicit dependency on target 'React-graphics' in project 'Pods'
        ➜ Explicit dependency on target 'React-jsi' in project 'Pods'
        ➜ Explicit dependency on target 'React-renderercss' in project 'Pods'
        ➜ Explicit dependency on target 'React-rendererdebug' in project 'Pods'
        ➜ Explicit dependency on target 'React-utils' in project 'Pods'
        ➜ Explicit dependency on target 'ReactCodegen' in project 'Pods'
        ➜ Explicit dependency on target 'ReactCommon' in project 'Pods'
        ➜ Explicit dependency on target 'SocketRocket' in project 'Pods'
        ➜ Explicit dependency on target 'Yoga' in project 'Pods'
        ➜ Explicit dependency on target 'boost' in project 'Pods'
        ➜ Explicit dependency on target 'fast_float' in project 'Pods'
        ➜ Explicit dependency on target 'fmt' in project 'Pods'
        ➜ Explicit dependency on target 'glog' in project 'Pods'
        ➜ Explicit dependency on target 'hermes-engine' in project 'Pods'
    Target 'RNScreens' in project 'Pods'
        ➜ Explicit dependency on target 'DoubleConversion' in project 'Pods'
        ➜ Explicit dependency on target 'RCT-Folly' in project 'Pods'
        ➜ Explicit dependency on target 'RCTRequired' in project 'Pods'
        ➜ Explicit dependency on target 'RCTTypeSafety' in project 'Pods'
        ➜ Explicit dependency on target 'React-Core' in project 'Pods'
        ➜ Explicit dependency on target 'React-Fabric' in project 'Pods'
        ➜ Explicit dependency on target 'React-ImageManager' in project 'Pods'
        ➜ Explicit dependency on target 'React-NativeModulesApple' in project 'Pods'
        ➜ Explicit dependency on target 'React-RCTFabric' in project 'Pods'
        ➜ Explicit dependency on target 'React-RCTImage' in project 'Pods'
        ➜ Explicit dependency on target 'React-debug' in project 'Pods'
        ➜ Explicit dependency on target 'React-featureflags' in project 'Pods'
        ➜ Explicit dependency on target 'React-graphics' in project 'Pods'
        ➜ Explicit dependency on target 'React-jsi' in project 'Pods'
        ➜ Explicit dependency on target 'React-renderercss' in project 'Pods'
        ➜ Explicit dependency on target 'React-rendererdebug' in project 'Pods'
        ➜ Explicit dependency on target 'React-utils' in project 'Pods'
        ➜ Explicit dependency on target 'ReactCodegen' in project 'Pods'
        ➜ Explicit dependency on target 'ReactCommon' in project 'Pods'
        ➜ Explicit dependency on target 'SocketRocket' in project 'Pods'
        ➜ Explicit dependency on target 'Yoga' in project 'Pods'
        ➜ Explicit dependency on target 'boost' in project 'Pods'
        ➜ Explicit dependency on target 'fast_float' in project 'Pods'
        ➜ Explicit dependency on target 'fmt' in project 'Pods'
        ➜ Explicit dependency on target 'glog' in project 'Pods'
        ➜ Explicit dependency on target 'hermes-engine' in project 'Pods'
    Target 'RNSVG' in project 'Pods'
        ➜ Explicit dependency on target 'DoubleConversion' in project 'Pods'
        ➜ Explicit dependency on target 'RCT-Folly' in project 'Pods'
        ➜ Explicit dependency on target 'RCTRequired' in project 'Pods'
        ➜ Explicit dependency on target 'RCTTypeSafety' in project 'Pods'
        ➜ Explicit dependency on target 'RNSVG-RNSVGFilters' in project 'Pods'
        ➜ Explicit dependency on target 'React-Core' in project 'Pods'
        ➜ Explicit dependency on target 'React-Fabric' in project 'Pods'
        ➜ Explicit dependency on target 'React-ImageManager' in project 'Pods'
        ➜ Explicit dependency on target 'React-NativeModulesApple' in project 'Pods'
        ➜ Explicit dependency on target 'React-RCTFabric' in project 'Pods'
        ➜ Explicit dependency on target 'React-debug' in project 'Pods'
        ➜ Explicit dependency on target 'React-featureflags' in project 'Pods'
        ➜ Explicit dependency on target 'React-graphics' in project 'Pods'
        ➜ Explicit dependency on target 'React-jsi' in project 'Pods'
        ➜ Explicit dependency on target 'React-renderercss' in project 'Pods'
        ➜ Explicit dependency on target 'React-rendererdebug' in project 'Pods'
        ➜ Explicit dependency on target 'React-utils' in project 'Pods'
        ➜ Explicit dependency on target 'ReactCodegen' in project 'Pods'
        ➜ Explicit dependency on target 'ReactCommon' in project 'Pods'
        ➜ Explicit dependency on target 'SocketRocket' in project 'Pods'
        ➜ Explicit dependency on target 'Yoga' in project 'Pods'
        ➜ Explicit dependency on target 'boost' in project 'Pods'
        ➜ Explicit dependency on target 'fast_float' in project 'Pods'
        ➜ Explicit dependency on target 'fmt' in project 'Pods'
        ➜ Explicit dependency on target 'glog' in project 'Pods'
        ➜ Explicit dependency on target 'hermes-engine' in project 'Pods'
    Target 'RNSVG-RNSVGFilters' in project 'Pods' (no dependencies)
    Target 'RNReanimated' in project 'Pods'
        ➜ Explicit dependency on target 'DoubleConversion' in project 'Pods'
        ➜ Explicit dependency on target 'RCT-Folly' in project 'Pods'
        ➜ Explicit dependency on target 'RCTRequired' in project 'Pods'
        ➜ Explicit dependency on target 'RCTTypeSafety' in project 'Pods'
        ➜ Explicit dependency on target 'RNWorklets' in project 'Pods'
        ➜ Explicit dependency on target 'React-Core' in project 'Pods'
        ➜ Explicit dependency on target 'React-Fabric' in project 'Pods'
        ➜ Explicit dependency on target 'React-ImageManager' in project 'Pods'
        ➜ Explicit dependency on target 'React-NativeModulesApple' in project 'Pods'
        ➜ Explicit dependency on target 'React-RCTFabric' in project 'Pods'
        ➜ Explicit dependency on target 'React-debug' in project 'Pods'
        ➜ Explicit dependency on target 'React-featureflags' in project 'Pods'
        ➜ Explicit dependency on target 'React-graphics' in project 'Pods'
        ➜ Explicit dependency on target 'React-hermes' in project 'Pods'
        ➜ Explicit dependency on target 'React-jsi' in project 'Pods'
        ➜ Explicit dependency on target 'React-renderercss' in project 'Pods'
        ➜ Explicit dependency on target 'React-rendererdebug' in project 'Pods'
        ➜ Explicit dependency on target 'React-utils' in project 'Pods'
        ➜ Explicit dependency on target 'ReactCodegen' in project 'Pods'
        ➜ Explicit dependency on target 'ReactCommon' in project 'Pods'
        ➜ Explicit dependency on target 'SocketRocket' in project 'Pods'
        ➜ Explicit dependency on target 'Yoga' in project 'Pods'
        ➜ Explicit dependency on target 'boost' in project 'Pods'
        ➜ Explicit dependency on target 'fast_float' in project 'Pods'
        ➜ Explicit dependency on target 'fmt' in project 'Pods'
        ➜ Explicit dependency on target 'glog' in project 'Pods'
        ➜ Explicit dependency on target 'hermes-engine' in project 'Pods'
    Target 'RNWorklets' in project 'Pods'
        ➜ Explicit dependency on target 'DoubleConversion' in project 'Pods'
        ➜ Explicit dependency on target 'RCT-Folly' in project 'Pods'
        ➜ Explicit dependency on target 'RCTRequired' in project 'Pods'
        ➜ Explicit dependency on target 'RCTTypeSafety' in project 'Pods'
        ➜ Explicit dependency on target 'React-Core' in project 'Pods'
        ➜ Explicit dependency on target 'React-Fabric' in project 'Pods'
        ➜ Explicit dependency on target 'React-ImageManager' in project 'Pods'
        ➜ Explicit dependency on target 'React-NativeModulesApple' in project 'Pods'
        ➜ Explicit dependency on target 'React-RCTFabric' in project 'Pods'
        ➜ Explicit dependency on target 'React-debug' in project 'Pods'
        ➜ Explicit dependency on target 'React-featureflags' in project 'Pods'
        ➜ Explicit dependency on target 'React-graphics' in project 'Pods'
        ➜ Explicit dependency on target 'React-hermes' in project 'Pods'
        ➜ Explicit dependency on target 'React-jsi' in project 'Pods'
        ➜ Explicit dependency on target 'React-renderercss' in project 'Pods'
        ➜ Explicit dependency on target 'React-rendererdebug' in project 'Pods'
        ➜ Explicit dependency on target 'React-utils' in project 'Pods'
        ➜ Explicit dependency on target 'ReactCodegen' in project 'Pods'
        ➜ Explicit dependency on target 'ReactCommon' in project 'Pods'
        ➜ Explicit dependency on target 'SocketRocket' in project 'Pods'
        ➜ Explicit dependency on target 'Yoga' in project 'Pods'
        ➜ Explicit dependency on target 'boost' in project 'Pods'
        ➜ Explicit dependency on target 'fast_float' in project 'Pods'
        ➜ Explicit dependency on target 'fmt' in project 'Pods'
        ➜ Explicit dependency on target 'glog' in project 'Pods'
        ➜ Explicit dependency on target 'hermes-engine' in project 'Pods'
    Target 'RNPermissions' in project 'Pods'
        ➜ Explicit dependency on target 'DoubleConversion' in project 'Pods'
        ➜ Explicit dependency on target 'RCT-Folly' in project 'Pods'
        ➜ Explicit dependency on target 'RCTRequired' in project 'Pods'
        ➜ Explicit dependency on target 'RCTTypeSafety' in project 'Pods'
        ➜ Explicit dependency on target 'RNPermissions-RNPermissionsPrivacyInfo' in project 'Pods'
        ➜ Explicit dependency on target 'React-Core' in project 'Pods'
        ➜ Explicit dependency on target 'React-Fabric' in project 'Pods'
        ➜ Explicit dependency on target 'React-ImageManager' in project 'Pods'
        ➜ Explicit dependency on target 'React-NativeModulesApple' in project 'Pods'
        ➜ Explicit dependency on target 'React-RCTFabric' in project 'Pods'
        ➜ Explicit dependency on target 'React-debug' in project 'Pods'
        ➜ Explicit dependency on target 'React-featureflags' in project 'Pods'
        ➜ Explicit dependency on target 'React-graphics' in project 'Pods'
        ➜ Explicit dependency on target 'React-jsi' in project 'Pods'
        ➜ Explicit dependency on target 'React-renderercss' in project 'Pods'
        ➜ Explicit dependency on target 'React-rendererdebug' in project 'Pods'
        ➜ Explicit dependency on target 'React-utils' in project 'Pods'
        ➜ Explicit dependency on target 'ReactCodegen' in project 'Pods'
        ➜ Explicit dependency on target 'ReactCommon' in project 'Pods'
        ➜ Explicit dependency on target 'SocketRocket' in project 'Pods'
        ➜ Explicit dependency on target 'Yoga' in project 'Pods'
        ➜ Explicit dependency on target 'boost' in project 'Pods'
        ➜ Explicit dependency on target 'fast_float' in project 'Pods'
        ➜ Explicit dependency on target 'fmt' in project 'Pods'
        ➜ Explicit dependency on target 'glog' in project 'Pods'
        ➜ Explicit dependency on target 'hermes-engine' in project 'Pods'
    Target 'RNPermissions-RNPermissionsPrivacyInfo' in project 'Pods' (no dependencies)
    Target 'RNGestureHandler' in project 'Pods'
        ➜ Explicit dependency on target 'DoubleConversion' in project 'Pods'
        ➜ Explicit dependency on target 'RCT-Folly' in project 'Pods'
        ➜ Explicit dependency on target 'RCTRequired' in project 'Pods'
        ➜ Explicit dependency on target 'RCTTypeSafety' in project 'Pods'
        ➜ Explicit dependency on target 'React-Core' in project 'Pods'
        ➜ Explicit dependency on target 'React-Fabric' in project 'Pods'
        ➜ Explicit dependency on target 'React-ImageManager' in project 'Pods'
        ➜ Explicit dependency on target 'React-NativeModulesApple' in project 'Pods'
        ➜ Explicit dependency on target 'React-RCTFabric' in project 'Pods'
        ➜ Explicit dependency on target 'React-debug' in project 'Pods'
        ➜ Explicit dependency on target 'React-featureflags' in project 'Pods'
        ➜ Explicit dependency on target 'React-graphics' in project 'Pods'
        ➜ Explicit dependency on target 'React-jsi' in project 'Pods'
        ➜ Explicit dependency on target 'React-renderercss' in project 'Pods'
        ➜ Explicit dependency on target 'React-rendererdebug' in project 'Pods'
        ➜ Explicit dependency on target 'React-utils' in project 'Pods'
        ➜ Explicit dependency on target 'ReactCodegen' in project 'Pods'
        ➜ Explicit dependency on target 'ReactCommon' in project 'Pods'
        ➜ Explicit dependency on target 'SocketRocket' in project 'Pods'
        ➜ Explicit dependency on target 'Yoga' in project 'Pods'
        ➜ Explicit dependency on target 'boost' in project 'Pods'
        ➜ Explicit dependency on target 'fast_float' in project 'Pods'
        ➜ Explicit dependency on target 'fmt' in project 'Pods'
        ➜ Explicit dependency on target 'glog' in project 'Pods'
        ➜ Explicit dependency on target 'hermes-engine' in project 'Pods'
    Target 'RNDeviceInfo' in project 'Pods'
        ➜ Explicit dependency on target 'RNDeviceInfo-RNDeviceInfoPrivacyInfo' in project 'Pods'
        ➜ Explicit dependency on target 'React-Core' in project 'Pods'
    Target 'RNDeviceInfo-RNDeviceInfoPrivacyInfo' in project 'Pods' (no dependencies)
    Target 'RNCMaskedView' in project 'Pods'
        ➜ Explicit dependency on target 'DoubleConversion' in project 'Pods'
        ➜ Explicit dependency on target 'RCT-Folly' in project 'Pods'
        ➜ Explicit dependency on target 'RCTRequired' in project 'Pods'
        ➜ Explicit dependency on target 'RCTTypeSafety' in project 'Pods'
        ➜ Explicit dependency on target 'React-Core' in project 'Pods'
        ➜ Explicit dependency on target 'React-Fabric' in project 'Pods'
        ➜ Explicit dependency on target 'React-ImageManager' in project 'Pods'
        ➜ Explicit dependency on target 'React-NativeModulesApple' in project 'Pods'
        ➜ Explicit dependency on target 'React-RCTFabric' in project 'Pods'
        ➜ Explicit dependency on target 'React-debug' in project 'Pods'
        ➜ Explicit dependency on target 'React-featureflags' in project 'Pods'
        ➜ Explicit dependency on target 'React-graphics' in project 'Pods'
        ➜ Explicit dependency on target 'React-jsi' in project 'Pods'
        ➜ Explicit dependency on target 'React-renderercss' in project 'Pods'
        ➜ Explicit dependency on target 'React-rendererdebug' in project 'Pods'
        ➜ Explicit dependency on target 'React-utils' in project 'Pods'
        ➜ Explicit dependency on target 'ReactCodegen' in project 'Pods'
        ➜ Explicit dependency on target 'ReactCommon' in project 'Pods'
        ➜ Explicit dependency on target 'SocketRocket' in project 'Pods'
        ➜ Explicit dependency on target 'Yoga' in project 'Pods'
        ➜ Explicit dependency on target 'boost' in project 'Pods'
        ➜ Explicit dependency on target 'fast_float' in project 'Pods'
        ➜ Explicit dependency on target 'fmt' in project 'Pods'
        ➜ Explicit dependency on target 'glog' in project 'Pods'
        ➜ Explicit dependency on target 'hermes-engine' in project 'Pods'
    Target 'RNCAsyncStorage' in project 'Pods'
        ➜ Explicit dependency on target 'DoubleConversion' in project 'Pods'
        ➜ Explicit dependency on target 'RCT-Folly' in project 'Pods'
        ➜ Explicit dependency on target 'RCTRequired' in project 'Pods'
        ➜ Explicit dependency on target 'RCTTypeSafety' in project 'Pods'
        ➜ Explicit dependency on target 'RNCAsyncStorage-RNCAsyncStorage_resources' in project 'Pods'
        ➜ Explicit dependency on target 'React-Core' in project 'Pods'
        ➜ Explicit dependency on target 'React-Fabric' in project 'Pods'
        ➜ Explicit dependency on target 'React-ImageManager' in project 'Pods'
        ➜ Explicit dependency on target 'React-NativeModulesApple' in project 'Pods'
        ➜ Explicit dependency on target 'React-RCTFabric' in project 'Pods'
        ➜ Explicit dependency on target 'React-debug' in project 'Pods'
        ➜ Explicit dependency on target 'React-featureflags' in project 'Pods'
        ➜ Explicit dependency on target 'React-graphics' in project 'Pods'
        ➜ Explicit dependency on target 'React-jsi' in project 'Pods'
        ➜ Explicit dependency on target 'React-renderercss' in project 'Pods'
        ➜ Explicit dependency on target 'React-rendererdebug' in project 'Pods'
        ➜ Explicit dependency on target 'React-utils' in project 'Pods'
        ➜ Explicit dependency on target 'ReactCodegen' in project 'Pods'
        ➜ Explicit dependency on target 'ReactCommon' in project 'Pods'
        ➜ Explicit dependency on target 'SocketRocket' in project 'Pods'
        ➜ Explicit dependency on target 'Yoga' in project 'Pods'
        ➜ Explicit dependency on target 'boost' in project 'Pods'
        ➜ Explicit dependency on target 'fast_float' in project 'Pods'
        ➜ Explicit dependency on target 'fmt' in project 'Pods'
        ➜ Explicit dependency on target 'glog' in project 'Pods'
        ➜ Explicit dependency on target 'hermes-engine' in project 'Pods'
    Target 'RNCAsyncStorage-RNCAsyncStorage_resources' in project 'Pods' (no dependencies)
    Target 'HtmlToPdf' in project 'Pods'
        ➜ Explicit dependency on target 'DoubleConversion' in project 'Pods'
        ➜ Explicit dependency on target 'RCT-Folly' in project 'Pods'
        ➜ Explicit dependency on target 'RCTRequired' in project 'Pods'
        ➜ Explicit dependency on target 'RCTTypeSafety' in project 'Pods'
        ➜ Explicit dependency on target 'React-Core' in project 'Pods'
        ➜ Explicit dependency on target 'React-Fabric' in project 'Pods'
        ➜ Explicit dependency on target 'React-ImageManager' in project 'Pods'
        ➜ Explicit dependency on target 'React-NativeModulesApple' in project 'Pods'
        ➜ Explicit dependency on target 'React-RCTFabric' in project 'Pods'
        ➜ Explicit dependency on target 'React-debug' in project 'Pods'
        ➜ Explicit dependency on target 'React-featureflags' in project 'Pods'
        ➜ Explicit dependency on target 'React-graphics' in project 'Pods'
        ➜ Explicit dependency on target 'React-jsi' in project 'Pods'
        ➜ Explicit dependency on target 'React-renderercss' in project 'Pods'
        ➜ Explicit dependency on target 'React-rendererdebug' in project 'Pods'
        ➜ Explicit dependency on target 'React-utils' in project 'Pods'
        ➜ Explicit dependency on target 'ReactCodegen' in project 'Pods'
        ➜ Explicit dependency on target 'ReactCommon' in project 'Pods'
        ➜ Explicit dependency on target 'SocketRocket' in project 'Pods'
        ➜ Explicit dependency on target 'Yoga' in project 'Pods'
        ➜ Explicit dependency on target 'boost' in project 'Pods'
        ➜ Explicit dependency on target 'fast_float' in project 'Pods'
        ➜ Explicit dependency on target 'fmt' in project 'Pods'
        ➜ Explicit dependency on target 'glog' in project 'Pods'
        ➜ Explicit dependency on target 'hermes-engine' in project 'Pods'
    Target 'ReactCodegen' in project 'Pods'
        ➜ Explicit dependency on target 'DoubleConversion' in project 'Pods'
        ➜ Explicit dependency on target 'RCT-Folly' in project 'Pods'
        ➜ Explicit dependency on target 'RCTRequired' in project 'Pods'
        ➜ Explicit dependency on target 'RCTTypeSafety' in project 'Pods'
        ➜ Explicit dependency on target 'React-Core' in project 'Pods'
        ➜ Explicit dependency on target 'React-Fabric' in project 'Pods'
        ➜ Explicit dependency on target 'React-FabricImage' in project 'Pods'
        ➜ Explicit dependency on target 'React-NativeModulesApple' in project 'Pods'
        ➜ Explicit dependency on target 'React-RCTAppDelegate' in project 'Pods'
        ➜ Explicit dependency on target 'React-debug' in project 'Pods'
        ➜ Explicit dependency on target 'React-featureflags' in project 'Pods'
        ➜ Explicit dependency on target 'React-graphics' in project 'Pods'
        ➜ Explicit dependency on target 'React-jsi' in project 'Pods'
        ➜ Explicit dependency on target 'React-jsiexecutor' in project 'Pods'
        ➜ Explicit dependency on target 'React-rendererdebug' in project 'Pods'
        ➜ Explicit dependency on target 'React-utils' in project 'Pods'
        ➜ Explicit dependency on target 'ReactCommon' in project 'Pods'
        ➜ Explicit dependency on target 'SocketRocket' in project 'Pods'
        ➜ Explicit dependency on target 'boost' in project 'Pods'
        ➜ Explicit dependency on target 'fast_float' in project 'Pods'
        ➜ Explicit dependency on target 'fmt' in project 'Pods'
        ➜ Explicit dependency on target 'glog' in project 'Pods'
        ➜ Explicit dependency on target 'hermes-engine' in project 'Pods'
    Target 'React-RCTAppDelegate' in project 'Pods'
        ➜ Explicit dependency on target 'DoubleConversion' in project 'Pods'
        ➜ Explicit dependency on target 'RCT-Folly' in project 'Pods'
        ➜ Explicit dependency on target 'RCTRequired' in project 'Pods'
        ➜ Explicit dependency on target 'RCTTypeSafety' in project 'Pods'
        ➜ Explicit dependency on target 'React-Core' in project 'Pods'
        ➜ Explicit dependency on target 'React-CoreModules' in project 'Pods'
        ➜ Explicit dependency on target 'React-Fabric' in project 'Pods'
        ➜ Explicit dependency on target 'React-NativeModulesApple' in project 'Pods'
        ➜ Explicit dependency on target 'React-RCTFBReactNativeSpec' in project 'Pods'
        ➜ Explicit dependency on target 'React-RCTFabric' in project 'Pods'
        ➜ Explicit dependency on target 'React-RCTImage' in project 'Pods'
        ➜ Explicit dependency on target 'React-RCTNetwork' in project 'Pods'
        ➜ Explicit dependency on target 'React-RCTRuntime' in project 'Pods'
        ➜ Explicit dependency on target 'React-RuntimeApple' in project 'Pods'
        ➜ Explicit dependency on target 'React-RuntimeCore' in project 'Pods'
        ➜ Explicit dependency on target 'React-debug' in project 'Pods'
        ➜ Explicit dependency on target 'React-defaultsnativemodule' in project 'Pods'
        ➜ Explicit dependency on target 'React-featureflags' in project 'Pods'
        ➜ Explicit dependency on target 'React-graphics' in project 'Pods'
        ➜ Explicit dependency on target 'React-hermes' in project 'Pods'
        ➜ Explicit dependency on target 'React-jsitooling' in project 'Pods'
        ➜ Explicit dependency on target 'React-rendererdebug' in project 'Pods'
        ➜ Explicit dependency on target 'React-runtimeexecutor' in project 'Pods'
        ➜ Explicit dependency on target 'React-runtimescheduler' in project 'Pods'
        ➜ Explicit dependency on target 'React-utils' in project 'Pods'
        ➜ Explicit dependency on target 'ReactCommon' in project 'Pods'
        ➜ Explicit dependency on target 'SocketRocket' in project 'Pods'
        ➜ Explicit dependency on target 'boost' in project 'Pods'
        ➜ Explicit dependency on target 'fast_float' in project 'Pods'
        ➜ Explicit dependency on target 'fmt' in project 'Pods'
        ➜ Explicit dependency on target 'glog' in project 'Pods'
        ➜ Explicit dependency on target 'hermes-engine' in project 'Pods'
    Target 'React-defaultsnativemodule' in project 'Pods'
        ➜ Explicit dependency on target 'DoubleConversion' in project 'Pods'
        ➜ Explicit dependency on target 'RCT-Folly' in project 'Pods'
        ➜ Explicit dependency on target 'React-RCTFBReactNativeSpec' in project 'Pods'
        ➜ Explicit dependency on target 'React-domnativemodule' in project 'Pods'
        ➜ Explicit dependency on target 'React-featureflagsnativemodule' in project 'Pods'
        ➜ Explicit dependency on target 'React-idlecallbacksnativemodule' in project 'Pods'
        ➜ Explicit dependency on target 'React-jsi' in project 'Pods'
        ➜ Explicit dependency on target 'React-jsiexecutor' in project 'Pods'
        ➜ Explicit dependency on target 'React-microtasksnativemodule' in project 'Pods'
        ➜ Explicit dependency on target 'React-webperformancenativemodule' in project 'Pods'
        ➜ Explicit dependency on target 'SocketRocket' in project 'Pods'
        ➜ Explicit dependency on target 'boost' in project 'Pods'
        ➜ Explicit dependency on target 'fast_float' in project 'Pods'
        ➜ Explicit dependency on target 'fmt' in project 'Pods'
        ➜ Explicit dependency on target 'glog' in project 'Pods'
        ➜ Explicit dependency on target 'hermes-engine' in project 'Pods'
    Target 'React-webperformancenativemodule' in project 'Pods'
        ➜ Explicit dependency on target 'DoubleConversion' in project 'Pods'
        ➜ Explicit dependency on target 'RCT-Folly' in project 'Pods'
        ➜ Explicit dependency on target 'React-RCTFBReactNativeSpec' in project 'Pods'
        ➜ Explicit dependency on target 'React-jsi' in project 'Pods'
        ➜ Explicit dependency on target 'React-jsiexecutor' in project 'Pods'
        ➜ Explicit dependency on target 'React-performancetimeline' in project 'Pods'
        ➜ Explicit dependency on target 'React-runtimeexecutor' in project 'Pods'
        ➜ Explicit dependency on target 'ReactCommon' in project 'Pods'
        ➜ Explicit dependency on target 'SocketRocket' in project 'Pods'
        ➜ Explicit dependency on target 'boost' in project 'Pods'
        ➜ Explicit dependency on target 'fast_float' in project 'Pods'
        ➜ Explicit dependency on target 'fmt' in project 'Pods'
        ➜ Explicit dependency on target 'glog' in project 'Pods'
        ➜ Explicit dependency on target 'hermes-engine' in project 'Pods'
    Target 'React-microtasksnativemodule' in project 'Pods'
        ➜ Explicit dependency on target 'DoubleConversion' in project 'Pods'
        ➜ Explicit dependency on target 'RCT-Folly' in project 'Pods'
        ➜ Explicit dependency on target 'React-RCTFBReactNativeSpec' in project 'Pods'
        ➜ Explicit dependency on target 'React-jsi' in project 'Pods'
        ➜ Explicit dependency on target 'React-jsiexecutor' in project 'Pods'
        ➜ Explicit dependency on target 'ReactCommon' in project 'Pods'
        ➜ Explicit dependency on target 'SocketRocket' in project 'Pods'
        ➜ Explicit dependency on target 'boost' in project 'Pods'
        ➜ Explicit dependency on target 'fast_float' in project 'Pods'
        ➜ Explicit dependency on target 'fmt' in project 'Pods'
        ➜ Explicit dependency on target 'glog' in project 'Pods'
        ➜ Explicit dependency on target 'hermes-engine' in project 'Pods'
    Target 'React-idlecallbacksnativemodule' in project 'Pods'
        ➜ Explicit dependency on target 'DoubleConversion' in project 'Pods'
        ➜ Explicit dependency on target 'RCT-Folly' in project 'Pods'
        ➜ Explicit dependency on target 'React-RCTFBReactNativeSpec' in project 'Pods'
        ➜ Explicit dependency on target 'React-jsi' in project 'Pods'
        ➜ Explicit dependency on target 'React-jsiexecutor' in project 'Pods'
        ➜ Explicit dependency on target 'React-runtimeexecutor' in project 'Pods'
        ➜ Explicit dependency on target 'React-runtimescheduler' in project 'Pods'
        ➜ Explicit dependency on target 'ReactCommon' in project 'Pods'
        ➜ Explicit dependency on target 'SocketRocket' in project 'Pods'
        ➜ Explicit dependency on target 'boost' in project 'Pods'
        ➜ Explicit dependency on target 'fast_float' in project 'Pods'
        ➜ Explicit dependency on target 'fmt' in project 'Pods'
        ➜ Explicit dependency on target 'glog' in project 'Pods'
        ➜ Explicit dependency on target 'hermes-engine' in project 'Pods'
    Target 'React-featureflagsnativemodule' in project 'Pods'
        ➜ Explicit dependency on target 'DoubleConversion' in project 'Pods'
        ➜ Explicit dependency on target 'RCT-Folly' in project 'Pods'
        ➜ Explicit dependency on target 'React-RCTFBReactNativeSpec' in project 'Pods'
        ➜ Explicit dependency on target 'React-featureflags
debug ' in project 'Pods'
        ➜ Explicit dependency on target 'React-jsi' in project 'Pods'
        ➜ Explicit dependency on target 'React-jsiexecutor' in project 'Pods'
        ➜ Explicit dependency on target 'ReactCommon' in project 'Pods'
        ➜ Explicit dependency on target 'SocketRocket' in project 'Pods'
        ➜ Explicit dependency on target 'boost' in project 'Pods'
        ➜ Explicit dependency on target 'fast_float' in project 'Pods'
        ➜ Explicit dependency on target 'fmt' in project 'Pods'
        ➜ Explicit dependency on target 'glog' in project 'Pods'
        ➜ Explicit dependency on target 'hermes-engine' in project 'Pods'
    Target 'React-domnativemodule' in project 'Pods'
        ➜ Explicit dependency on target 'DoubleConversion' in project 'Pods'
        ➜ Explicit dependency on target 'RCT-Folly' in project 'Pods'
        ➜ Explicit dependency on target 'React-Fabric' in project 'Pods'
        ➜ Explicit dependency on target 'React-FabricComponents' in project 'Pods'
        ➜ Explicit dependency on target 'React-RCTFBReactNativeSpec' in project 'Pods'
        ➜ Explicit dependency on target 'React-graphics' in project 'Pods'
        ➜ Explicit dependency on target 'React-jsi' in project 'Pods'
        ➜ Explicit dependency on target 'React-jsiexecutor' in project 'Pods'
        ➜ Explicit dependency on target 'React-runtimeexecutor' in project 'Pods'
        ➜ Explicit dependency on target 'ReactCommon' in project 'Pods'
        ➜ Explicit dependency on target 'SocketRocket' in project 'Pods'
        ➜ Explicit dependency on target 'Yoga' in project 'Pods'
        ➜ Explicit dependency on target 'boost' in project 'Pods'
        ➜ Explicit dependency on target 'fast_float' in project 'Pods'
        ➜ Explicit dependency on target 'fmt' in project 'Pods'
        ➜ Explicit dependency on target 'glog' in project 'Pods'
        ➜ Explicit dependency on target 'hermes-engine' in project 'Pods'
    Target 'React-RCTRuntime' in project 'Pods'
        ➜ Explicit dependency on target 'DoubleConversion' in project 'Pods'
        ➜ Explicit dependency on target 'RCT-Folly' in project 'Pods'
        ➜ Explicit dependency on target 'React-Core' in project 'Pods'
        ➜ Explicit dependency on target 'React-RuntimeApple' in project 'Pods'
        ➜ Explicit dependency on target 'React-RuntimeCore' in project 'Pods'
        ➜ Explicit dependency on target 'React-RuntimeHermes' in project 'Pods'
        ➜ Explicit dependency on target 'React-debug' in project 'Pods'
        ➜ Explicit dependency on target 'React-jsi' in project 'Pods'
        ➜ Explicit dependency on target 'React-jsinspector' in project 'Pods'
        ➜ Explicit dependency on target 'React-jsinspectorcdp' in project 'Pods'
        ➜ Explicit dependency on target 'React-jsinspectortracing' in project 'Pods'
        ➜ Explicit dependency on target 'React-jsitooling' in project 'Pods'
        ➜ Explicit dependency on target 'React-runtimeexecutor' in project 'Pods'
        ➜ Explicit dependency on target 'SocketRocket' in project 'Pods'
        ➜ Explicit dependency on target 'boost' in project 'Pods'
        ➜ Explicit dependency on target 'fast_float' in project 'Pods'
        ➜ Explicit dependency on target 'fmt' in project 'Pods'
        ➜ Explicit dependency on target 'glog' in project 'Pods'
        ➜ Explicit dependency on target 'hermes-engine' in project 'Pods'
    Target 'React-RuntimeApple' in project 'Pods'
        ➜ Explicit dependency on target 'DoubleConversion' in project 'Pods'
        ➜ Explicit dependency on target 'RCT-Folly' in project 'Pods'
        ➜ Explicit dependency on target 'React-Core' in project 'Pods'
        ➜ Explicit dependency on target 'React-CoreModules' in project 'Pods'
        ➜ Explicit dependency on target 'React-Mapbuffer' in project 'Pods'
        ➜ Explicit dependency on target 'React-NativeModulesApple' in project 'Pods'
        ➜ Explicit dependency on target 'React-RCTFBReactNativeSpec' in project 'Pods'
        ➜ Explicit dependency on target 'React-RCTFabric' in project 'Pods'
        ➜ Explicit dependency on target 'React-RuntimeCore' in project 'Pods'
        ➜ Explicit dependency on target 'React-RuntimeHermes' in project 'Pods'
        ➜ Explicit dependency on target 'React-callinvoker' in project 'Pods'
        ➜ Explicit dependency on target 'React-cxxreact' in project 'Pods'
        ➜ Explicit dependency on target 'React-featureflags' in project 'Pods'
        ➜ Explicit dependency on target 'React-jserrorhandler' in project 'Pods'
        ➜ Explicit dependency on target 'React-jsi' in project 'Pods'
        ➜ Explicit dependency on target 'React-jsiexecutor' in project 'Pods'
        ➜ Explicit dependency on target 'React-jsinspector' in project 'Pods'
        ➜ Explicit dependency on target 'React-jsitooling' in project 'Pods'
        ➜ Explicit dependency on target 'React-runtimeexecutor' in project 'Pods'
        ➜ Explicit dependency on target 'React-runtimescheduler' in project 'Pods'
        ➜ Explicit dependency on target 'React-utils' in project 'Pods'
        ➜ Explicit dependency on target 'SocketRocket' in project 'Pods'
        ➜ Explicit dependency on target 'boost' in project 'Pods'
        ➜ Explicit dependency on target 'fast_float' in project 'Pods'
        ➜ Explicit dependency on target 'fmt' in project 'Pods'
        ➜ Explicit dependency on target 'glog' in project 'Pods'
        ➜ Explicit dependency on target 'hermes-engine' in project 'Pods'
    Target 'React-RuntimeHermes' in project 'Pods'
        ➜ Explicit dependency on target 'DoubleConversion' in project 'Pods'
        ➜ Explicit dependency on target 'RCT-Folly' in project 'Pods'
        ➜ Explicit dependency on target 'React-RuntimeCore' in project 'Pods'
        ➜ Explicit dependency on target 'React-featureflags' in project 'Pods'
        ➜ Explicit dependency on target 'React-hermes' in project 'Pods'
        ➜ Explicit dependency on target 'React-jsi' in project 'Pods'
        ➜ Explicit dependency on target 'React-jsinspector' in project 'Pods'
        ➜ Explicit dependency on target 'React-jsinspectorcdp' in project 'Pods'
        ➜ Explicit dependency on target 'React-jsinspectortracing' in project 'Pods'
        ➜ Explicit dependency on target 'React-jsitooling' in project 'Pods'
        ➜ Explicit dependency on target 'React-jsitracing' in project 'Pods'
        ➜ Explicit dependency on target 'React-runtimeexecutor' in project 'Pods'
        ➜ Explicit dependency on target 'React-utils' in project 'Pods'
        ➜ Explicit dependency on target 'SocketRocket' in project 'Pods'
        ➜ Explicit dependency on target 'boost' in project 'Pods'
        ➜ Explicit dependency on target 'fast_float' in project 'Pods'
        ➜ Explicit dependency on target 'fmt' in project 'Pods'
        ➜ Explicit dependency on target 'glog' in project 'Pods'
        ➜ Explicit dependency on target 'hermes-engine' in project 'Pods'
    Target 'React-jsitracing' in project 'Pods'
        ➜ Explicit dependency on target 'React-jsi' in project 'Pods'
    Target 'React-RuntimeCore' in project 'Pods'
        ➜ Explicit dependency on target 'DoubleConversion' in project 'Pods'
        ➜ Explicit dependency on target 'RCT-Folly' in project 'Pods'
        ➜ Explicit dependency on target 'React-Fabric' in project 'Pods'
        ➜ Explicit dependency on target 'React-cxxreact' in project 'Pods'
        ➜ Explicit dependency on target 'React-featureflags' in project 'Pods'
        ➜ Explicit dependency on target 'React-jserrorhandler' in project 'Pods'
        ➜ Explicit dependency on target 'React-jsi' in project 'Pods'
        ➜ Explicit dependency on target 'React-jsiexecutor' in project 'Pods'
        ➜ Explicit dependency on target 'React-jsinspector' in project 'Pods'
        ➜ Explicit dependency on target 'React-jsitooling' in project 'Pods'
        ➜ Explicit dependency on target 'React-performancetimeline' in project 'Pods'
        ➜ Explicit dependency on target 'React-runtimeexecutor' in project 'Pods'
        ➜ Explicit dependency on target 'React-runtimescheduler' in project 'Pods'
        ➜ Explicit dependency on target 'React-utils' in project 'Pods'
        ➜ Explicit dependency on target 'SocketRocket' in project 'Pods'
        ➜ Explicit dependency on target 'boost' in project 'Pods'
        ➜ Explicit dependency on target 'fast_float' in project 'Pods'
        ➜ Explicit dependency on target 'fmt' in project 'Pods'
        ➜ Explicit dependency on target 'glog' in project 'Pods'
        ➜ Explicit dependency on target 'hermes-engine' in project 'Pods'
    Target 'React-jserrorhandler' in project 'Pods'
        ➜ Explicit dependency on target 'DoubleConversion' in project 'Pods'
        ➜ Explicit dependency on target 'RCT-Folly' in project 'Pods'
        ➜ Explicit dependency on target 'React-cxxreact' in project 'Pods'
        ➜ Explicit dependency on target 'React-debug' in project 'Pods'
        ➜ Explicit dependency on target 'React-featureflags' in project 'Pods'
        ➜ Explicit dependency on target 'React-jsi' in project 'Pods'
        ➜ Explicit dependency on target 'ReactCommon' in project 'Pods'
        ➜ Explicit dependency on target 'SocketRocket' in project 'Pods'
        ➜ Explicit dependency on target 'boost' in project 'Pods'
        ➜ Explicit dependency on target 'fast_float' in project 'Pods'
        ➜ Explicit dependency on target 'fmt' in project 'Pods'
        ➜ Explicit dependency on target 'glog' in project 'Pods'
        ➜ Explicit dependency on target 'hermes-engine' in project 'Pods'
    Target 'React-Mapbuffer' in project 'Pods'
        ➜ Explicit dependency on target 'DoubleConversion' in project 'Pods'
        ➜ Explicit dependency on target 'RCT-Folly' in project 'Pods'
        ➜ Explicit dependency on target 'React-debug' in project 'Pods'
        ➜ Explicit dependency on target 'SocketRocket' in project 'Pods'
        ➜ Explicit dependency on target 'boost' in project 'Pods'
        ➜ Explicit dependency on target 'fast_float' in project 'Pods'
        ➜ Explicit dependency on target 'fmt' in project 'Pods'
        ➜ Explicit dependency on target 'glog' in project 'Pods'
    Target 'React-CoreModules' in project 'Pods'
        ➜ Explicit dependency on target 'DoubleConversion' in project 'Pods'
        ➜ Explicit dependency on target 'RCT-Folly' in project 'Pods'
        ➜ Explicit dependency on target 'RCTTypeSafety' in project 'Pods'
        ➜ Explicit dependency on target 'React-Core' in project 'Pods'
        ➜ Explicit dependency on target 'React-NativeModulesApple' in project 'Pods'
        ➜ Explicit dependency on target 'React-RCTBlob' in project 'Pods'
        ➜ Explicit dependency on target 'React-RCTFBReactNativeSpec' in project 'Pods'
        ➜ Explicit dependency on target 'React-RCTImage' in project 'Pods'
        ➜ Explicit dependency on target 'React-debug' in project 'Pods'
        ➜ Explicit dependency on target 'React-jsi' in project 'Pods'
        ➜ Explicit dependency on target 'React-jsinspector' in project 'Pods'
        ➜ Explicit dependency on target 'React-jsinspectorcdp' in project 'Pods'
        ➜ Explicit dependency on target 'React-jsinspectortracing' in project 'Pods'
        ➜ Explicit dependency on target 'React-runtimeexecutor' in project 'Pods'
        ➜ Explicit dependency on target 'ReactCommon' in project 'Pods'
        ➜ Explicit dependency on target 'SocketRocket' in project 'Pods'
        ➜ Explicit dependency on target 'boost' in project 'Pods'
        ➜ Explicit dependency on target 'fast_float' in project 'Pods'
        ➜ Explicit dependency on target 'fmt' in project 'Pods'
        ➜ Explicit dependency on target 'glog' in project 'Pods'
    Target 'React-RCTBlob' in project 'Pods'
        ➜ Explicit dependency on target 'DoubleConversion' in project 'Pods'
        ➜ Explicit dependency on target 'RCT-Folly' in project 'Pods'
        ➜ Explicit dependency on target 'React-Core' in project 'Pods'
        ➜ Explicit dependency on target 'React-NativeModulesApple' in project 'Pods'
        ➜ Explicit dependency on target 'React-RCTFBReactNativeSpec' in project 'Pods'
        ➜ Explicit dependency on target 'React-RCTNetwork' in project 'Pods'
        ➜ Explicit dependency on target 'React-jsi' in project 'Pods'
        ➜ Explicit dependency on target 'React-jsinspector' in project 'Pods'
        ➜ Explicit dependency on target 'React-jsinspectorcdp' in project 'Pods'
        ➜ Explicit dependency on target 'ReactCommon' in project 'Pods'
        ➜ Explicit dependency on target 'SocketRocket' in project 'Pods'
        ➜ Explicit dependency on target 'boost' in project 'Pods'
        ➜ Explicit dependency on target 'fast_float' in project 'Pods'
        ➜ Explicit dependency on target 'fmt' in project 'Pods'
        ➜ Explicit dependency on target 'glog' in project 'Pods'
        ➜ Explicit dependency on target 'hermes-engine' in project 'Pods'
    Target 'React-RCTFabric' in project 'Pods'
        ➜ Explicit dependency on target 'DoubleConversion' in project 'Pods'
        ➜ Explicit dependency on target 'RCT-Folly' in project 'Pods'
        ➜ Explicit dependency on target 'React-Core' in project 'Pods'
        ➜ Explicit dependency on target 'React-Fabric' in project 'Pods'
        ➜ Explicit dependency on target 'React-FabricComponents' in project 'Pods'
        ➜ Explicit dependency on target 'React-FabricImage' in project 'Pods'
        ➜ Explicit dependency on target 'React-ImageManager' in project 'Pods'
        ➜ Explicit dependency on target 'React-RCTAnimation' in project 'Pods'
        ➜ Explicit dependency on target 'React-RCTFBReactNativeSpec' in project 'Pods'
        ➜ Explicit dependency on target 'React-RCTImage' in project 'Pods'
        ➜ Explicit dependency on target 'React-RCTText' in project 'Pods'
        ➜ Explicit dependency on target 'React-debug' in project 'Pods'
        ➜ Explicit dependency on target 'React-featureflags' in project 'Pods'
        ➜ Explicit dependency on target 'React-graphics' in project 'Pods'
        ➜ Explicit dependency on target 'React-jsi' in project 'Pods'
        ➜ Explicit dependency on target 'React-jsinspector' in project 'Pods'
        ➜ Explicit dependency on target 'React-jsinspectorcdp' in project 'Pods'
        ➜ Explicit dependency on target 'React-jsinspectornetwork' in project 'Pods'
        ➜ Explicit dependency on target 'React-jsinspectortracing' in project 'Pods'
        ➜ Explicit dependency on target 'React-performancecdpmetrics' in project 'Pods'
        ➜ Explicit dependency on target 'React-performancetimeline' in project 'Pods'
        ➜ Explicit dependency on target 'React-rendererconsistency' in project 'Pods'
        ➜ Explicit dependency on target 'React-renderercss' in project 'Pods'
        ➜ Explicit dependency on target 'React-rendererdebug' in project 'Pods'
        ➜ Explicit dependency on target 'React-runtimeexecutor' in project 'Pods'
        ➜ Explicit dependency on target 'React-runtimescheduler' in project 'Pods'
        ➜ Explicit dependency on target 'React-utils' in project 'Pods'
        ➜ Explicit dependency on target 'SocketRocket' in project 'Pods'
        ➜ Explicit dependency on target 'Yoga' in project 'Pods'
        ➜ Explicit dependency on target 'boost' in project 'Pods'
        ➜ Explicit dependency on target 'fast_float' in project 'Pods'
        ➜ Explicit dependency on target 'fmt' in project 'Pods'
        ➜ Explicit dependency on target 'glog' in project 'Pods'
        ➜ Explicit dependency on target 'hermes-engine' in project 'Pods'
    Target 'React-RCTText' in project 'Pods'
        ➜ Explicit dependency on target 'React-Core' in project 'Pods'
        ➜ Explicit dependency on target 'Yoga' in project 'Pods'
    Target 'React-RCTImage' in project 'Pods'
        ➜ Explicit dependency on target 'DoubleConversion' in project 'Pods'
        ➜ Explicit dependency on target 'RCT-Folly' in project 'Pods'
        ➜ Explicit dependency on target 'RCTTypeSafety' in project 'Pods'
        ➜ Explicit dependency on target 'React-Core' in project 'Pods'
        ➜ Explicit dependency on target 'React-NativeModulesApple' in project 'Pods'
        ➜ Explicit dependency on target 'React-RCTFBReactNativeSpec' in project 'Pods'
        ➜ Explicit dependency on target 'React-RCTNetwork' in project 'Pods'
        ➜ Explicit dependency on target 'React-jsi' in project 'Pods'
        ➜ Explicit dependency on target 'ReactCommon' in project 'Pods'
        ➜ Explicit dependency on target 'SocketRocket' in project 'Pods'
        ➜ Explicit dependency on target 'boost' in project 'Pods'
        ➜ Explicit dependency on target 'fast_float' in project 'Pods'
        ➜ Explicit dependency on target 'fmt' in project 'Pods'
        ➜ Explicit dependency on target 'glog' in project 'Pods'
    Target 'React-RCTNetwork' in project 'Pods'
        ➜ Explicit dependency on target 'DoubleConversion' in project 'Pods'
        ➜ Explicit dependency on target 'RCT-Folly' in project 'Pods'
        ➜ Explicit dependency on target 'RCTTypeSafety' in project 'Pods'
        ➜ Explicit dependency on target 'React-Core' in project 'Pods'
        ➜ Explicit dependency on target 'React-NativeModulesApple' in project 'Pods'
        ➜ Explicit dependency on target 'React-RCTFBReactNativeSpec' in project 'Pods'
        ➜ Explicit dependency on target 'React-debug' in project 'Pods'
        ➜ Explicit dependency on target 'React-featureflags' in project 'Pods'
        ➜ Explicit dependency on target 'React-jsi' in project 'Pods'
        ➜ Explicit dependency on target 'React-jsinspectorcdp' in project 'Pods'
        ➜ Explicit dependency on target 'React-jsinspectornetwork' in project 'Pods'
        ➜ Explicit dependency on target 'ReactCommon' in project 'Pods'
        ➜ Explicit dependency on target 'SocketRocket' in project 'Pods'
        ➜ Explicit dependency on target 'boost' in project 'Pods'
        ➜ Explicit dependency on target 'fast_float' in project 'Pods'
        ➜ Explicit dependency on target 'fmt' in project 'Pods'
        ➜ Explicit dependency on target 'glog' in project 'Pods'
    Target 'React-RCTAnimation' in project 'Pods'
        ➜ Explicit dependency on target 'DoubleConversion' in project 'Pods'
        ➜ Explicit dependency on target 'RCT-Folly' in project 'Pods'
        ➜ Explicit dependency on target 'RCTTypeSafety' in project 'Pods'
        ➜ Explicit dependency on target 'React-Core' in project 'Pods'
        ➜ Explicit dependency on target 'React-NativeModulesApple' in project 'Pods'
        ➜ Explicit dependency on target 'React-RCTFBReactNativeSpec' in project 'Pods'
        ➜ Explicit dependency on target 'React-featureflags' in project 'Pods'
        ➜ Explicit dependency on target 'React-jsi' in project 'Pods'
        ➜ Explicit dependency on target 'ReactCommon' in project 'Pods'
        ➜ Explicit dependency on target 'SocketRocket' in project 'Pods'
        ➜ Explicit dependency on target 'boost' in project 'Pods'
        ➜ Explicit dependency on target 'fast_float' in project 'Pods'
        ➜ Explicit dependency on target 'fmt' in project 'Pods'
        ➜ Explicit dependency on target 'glog' in project 'Pods'
    Target 'React-FabricImage' in project 'Pods'
        ➜ Explicit dependency on target 'DoubleConversion' in project 'Pods'
        ➜ Explicit dependency on target 'RCT-Folly' in project 'Pods'
        ➜ Explicit dependency on target 'RCTRequired' in project 'Pods'
        ➜ Explicit dependency on target 'RCTTypeSafety' in project 'Pods'
        ➜ Explicit dependency on target 'React-Fabric' in project 'Pods'
        ➜ Explicit dependency on target 'React-ImageManager' in project 'Pods'
        ➜ Explicit dependency on target 'React-featureflags' in project 'Pods'
        ➜ Explicit dependency on target 'React-graphics' in project 'Pods'
        ➜ Explicit dependency on target 'React-jsi' in project 'Pods'
        ➜ Explicit dependency on target 'React-jsiexecutor' in project 'Pods'
        ➜ Explicit dependency on target 'React-logger' in project 'Pods'
        ➜ Explicit dependency on target 'React-rendererdebug' in project 'Pods'
        ➜ Explicit dependency on target 'React-utils' in project 'Pods'
        ➜ Explicit dependency on target 'ReactCommon' in project 'Pods'
        ➜ Explicit dependency on target 'SocketRocket' in project 'Pods'
        ➜ Explicit dependency on target 'Yoga' in project 'Pods'
        ➜ Explicit dependency on target 'boost' in project 'Pods'
        ➜ Explicit dependency on target 'fast_float' in project 'Pods'
        ➜ Explicit dependency on target 'fmt' in project 'Pods'
        ➜ Explicit dependency on target 'glog' in project 'Pods'
        ➜ Explicit dependency on target 'hermes-engine' in project 'Pods'
    Target 'React-FabricComponents' in project 'Pods'
        ➜ Explicit dependency on target 'DoubleConversion' in project 'Pods'
        ➜ Explicit dependency on target 'RCT-Folly' in project 'Pods'
        ➜ Explicit dependency on target 'RCTRequired' in project 'Pods'
        ➜ Explicit dependency on target 'RCTTypeSafety' in project 'Pods'
        ➜ Explicit dependency on target 'React-Core' in project 'Pods'
        ➜ Explicit dependency on target 'React-Fabric' in project 'Pods'
        ➜ Explicit dependency on target 'React-RCTFBReactNativeSpec' in project 'Pods'
        ➜ Explicit dependency on target 'React-cxxreact' in project 'Pods'
        ➜ Explicit dependency on target 'React-debug' in project 'Pods'
        ➜ Explicit dependency on target 'React-featureflags' in project 'Pods'
        ➜ Explicit dependency on target 'React-graphics' in project 'Pods'
        ➜ Explicit dependency on target 'React-jsi' in project 'Pods'
        ➜ Explicit dependency on target 'React-jsiexecutor' in project 'Pods'
        ➜ Explicit dependency on target 'React-logger' in project 'Pods'
        ➜ Explicit dependency on target 'React-rendererdebug' in project 'Pods'
        ➜ Explicit dependency on target 'React-runtimescheduler' in project 'Pods'
        ➜ Explicit dependency on target 'React-utils' in project 'Pods'
        ➜ Explicit dependency on target 'ReactCommon' in project 'Pods'
        ➜ Explicit dependency on target 'SocketRocket' in project 'Pods'
        ➜ Explicit dependency on target 'Yoga' in project 'Pods'
        ➜ Explicit dependency on target 'boost' in project 'Pods'
        ➜ Explicit dependency on target 'fast_float' in project 'Pods'
        ➜ Explicit dependency on target 'fmt' in project 'Pods'
        ➜ Explicit dependency on target 'glog' in project 'Pods'
        ➜ Explicit dependency on target 'hermes-engine' in project 'Pods'
    Target 'React-RCTFBReactNativeSpec' in project 'Pods'
        ➜ Explicit dependency on target 'DoubleConversion' in project 'Pods'
        ➜ Explicit dependency on target 'RCT-Folly' in project 'Pods'
        ➜ Explicit dependency on target 'RCTRequired' in project 'Pods'
        ➜ Explicit dependency on target 'RCTTypeSafety' in project 'Pods'
        ➜ Explicit dependency on target 'React-Core' in project 'Pods'
        ➜ Explicit dependency on target 'React-Fabric' in project 'Pods'
        ➜ Explicit dependency on target 'React-NativeModulesApple' in project 'Pods'
        ➜ Explicit dependency on target 'React-debug' in project 'Pods'
        ➜ Explicit dependency on target 'React-featureflags' in project 'Pods'
        ➜ Explicit dependency on target 'React-graphics' in project 'Pods'
        ➜ Explicit dependency on target 'React-jsi' in project 'Pods'
        ➜ Explicit dependency on target 'React-rendererdebug' in project 'Pods'
        ➜ Explicit dependency on target 'React-utils' in project 'Pods'
        ➜ Explicit dependency on target 'ReactCommon' in project 'Pods'
        ➜ Explicit dependency on target 'SocketRocket' in project 'Pods'
        ➜ Explicit dependency on target 'Yoga' in project 'Pods'
        ➜ Explicit dependency on target 'boost' in project 'Pods'
        ➜ Explicit dependency on target 'fast_float' in project 'Pods'
        ➜ Explicit dependency on target 'fmt' in project 'Pods'
        ➜ Explicit dependency on target 'glog' in project 'Pods'
        ➜ Explicit dependency on target 'hermes-engine' in project 'Pods'
    Target 'React-NativeModulesApple' in project 'Pods'
        ➜ Explicit dependency on target 'DoubleConversion' in project 'Pods'
        ➜ Explicit dependency on target 'RCT-Folly' in project 'Pods'
        ➜ Explicit dependency on target 'React-Core' in project 'Pods'
        ➜ Explicit dependency on target 'React-callinvoker' in project 'Pods'
        ➜ Explicit dependency on target 'React-cxxreact' in project 'Pods'
        ➜ Explicit dependency on target 'React-debug' in project 'Pods'
        ➜ Explicit dependency on target 'React-featureflags' in project 'Pods'
        ➜ Explicit dependency on target 'React-jsi' in project 'Pods'
        ➜ Explicit dependency on target 'React-jsinspector' in project 'Pods'
        ➜ Explicit dependency on target 'React-jsinspectorcdp' in project 'Pods'
        ➜ Explicit dependency on target 'React-runtimeexecutor' in project 'Pods'
        ➜ Explicit dependency on target 'ReactCommon' in project 'Pods'
        ➜ Explicit dependency on target 'SocketRocket' in project 'Pods'
        ➜ Explicit dependency on target 'boost' in project 'Pods'
        ➜ Explicit dependency on target 'fast_float' in project 'Pods'
        ➜ Explicit dependency on target 'fmt' in project 'Pods'
        ➜ Explicit dependency on target 'glog' in project 'Pods'
        ➜ Explicit dependency on target 'hermes-engine' in project 'Pods'
    Target 'React-ImageManager' in project 'Pods'
        ➜ Explicit dependency on target 'DoubleConversion' in project 'Pods'
        ➜ Explicit dependency on target 'RCT-Folly' in project 'Pods'
        ➜ Explicit dependency on target 'React-Core' in project 'Pods'
        ➜ Explicit dependency on target 'React-Fabric' in project 'Pods'
        ➜ Explicit dependency on target 'React-debug' in project 'Pods'
        ➜ Explicit dependency on target 'React-graphics' in project 'Pods'
        ➜ Explicit dependency on target 'React-rendererdebug' in project 'Pods'
        ➜ Explicit dependency on target 'React-utils' in project 'Pods'
        ➜ Explicit dependency on target 'SocketRocket' in project 'Pods'
        ➜ Explicit dependency on target 'boost' in project 'Pods'
        ➜ Explicit dependency on target 'fast_float' in project 'Pods'
        ➜ Explicit dependency on target 'fmt' in project 'Pods'
        ➜ Explicit dependency on target 'glog' in project 'Pods'
    Target 'React-Fabric' in project 'Pods'
        ➜ Explicit dependency on target 'DoubleConversion' in project 'Pods'
        ➜ Explicit dependency on target 'RCT-Folly' in project 'Pods'
        ➜ Explicit dependency on target 'RCTRequired' in project 'Pods'
        ➜ Explicit dependency on target 'RCTTypeSafety' in project 'Pods'
        ➜ Explicit dependency on target 'React-Core' in project 'Pods'
        ➜ Explicit dependency on target 'React-cxxreact' in project 'Pods'
        ➜ Explicit dependency on target 'React-debug' in project 'Pods'
        ➜ Explicit dependency on target 'React-featureflags' in project 'Pods'
        ➜ Explicit dependency on target 'React-graphics' in project 'Pods'
        ➜ Explicit dependency on target 'React-jsi' in project 'Pods'
        ➜ Explicit dependency on target 'React-jsiexecutor' in project 'Pods'
        ➜ Explicit dependency on target 'React-logger' in project 'Pods'
        ➜ Explicit dependency on target 'React-performancecdpmetrics' in project 'Pods'
        ➜ Explicit dependency on target 'React-performancetimeline' in project 'Pods'
        ➜ Explicit dependency on target 'React-rendererconsistency' in project 'Pods'
        ➜ Explicit dependency on target 'React-renderercss' in project 'Pods'
        ➜ Explicit dependency on target 'React-rendererdebug' in project 'Pods'
        ➜ Explicit dependency on target 'React-runtimeexecutor' in project 'Pods'
        ➜ Explicit dependency on target 'React-runtimescheduler' in project 'Pods'
        ➜ Explicit dependency on target 'React-utils' in project 'Pods'
        ➜ Explicit dependency on target 'ReactCommon' in project 'Pods'
        ➜ Explicit dependency on target 'SocketRocket' in project 'Pods'
        ➜ Explicit dependency on target 'Yoga' in project 'Pods'
        ➜ Explicit dependency on target 'boost' in project 'Pods'
        ➜ Explicit dependency on target 'fast_float' in project 'Pods'
        ➜ Explicit dependency on target 'fmt' in project 'Pods'
        ➜ Explicit dependency on target 'glog' in project 'Pods'
        ➜ Explicit dependency on target 'hermes-engine' in project 'Pods'
    Target 'ReactCommon' in project 'Pods'
        ➜ Explicit dependency on target 'DoubleConversion' in project 'Pods'
        ➜ Explicit dependency on target 'RCT-Folly' in project 'Pods'
        ➜ Explicit dependency on target 'React-callinvoker' in project 'Pods'
        ➜ Explicit dependency on target 'React-cxxreact' in project 'Pods'
        ➜ Explicit dependency on target 'React-debug' in project 'Pods'
        ➜ Explicit dependency on target 'React-featureflags' in project 'Pods'
        ➜ Explicit dependency on target 'React-jsi' in project 'Pods'
        ➜ Explicit dependency on target 'React-logger' in project 'Pods'
        ➜ Explicit dependency on target 'React-perflogger' in project 'Pods'
        ➜ Explicit dependency on target 'React-utils' in project 'Pods'
        ➜ Explicit dependency on target 'SocketRocket' in project 'Pods'
        ➜ Explicit dependency on target 'boost' in project 'Pods'
        ➜ Explicit dependency on target 'fast_float' in project 'Pods'
        ➜ Explicit dependency on target 'fmt' in project 'Pods'
        ➜ Explicit dependency on target 'glog' in project 'Pods'
        ➜ Explicit dependency on target 'hermes-engine' in project 'Pods'
    Target 'React-renderercss' in project 'Pods'
        ➜ Explicit dependency on target 'React-debug' in project 'Pods'
        ➜ Explicit dependency on target 'React-utils' in project 'Pods'
    Target 'React-performancecdpmetrics' in project 'Pods'
        ➜ Explicit dependency on target 'DoubleConversion' in project 'Pods'
        ➜ Explicit dependency on target 'RCT-Folly' in project 'Pods'
        ➜ Explicit dependency on target 'React-jsi' in project 'Pods'
        ➜ Explicit dependency on target 'React-performancetimeline' in project 'Pods'
        ➜ Explicit dependency on target 'React-runtimeexecutor' in project 'Pods'
        ➜ Explicit dependency on target 'React-timing' in project 'Pods'
        ➜ Explicit dependency on target 'SocketRocket' in project 'Pods'
        ➜ Explicit dependency on target 'boost' in project 'Pods'
        ➜ Explicit dependency on target 'fast_float' in project 'Pods'
        ➜ Explicit dependency on target 'fmt' in project 'Pods'
        ➜ Explicit dependency on target 'glog' in project 'Pods'
        ➜ Explicit dependency on target 'hermes-engine' in project 'Pods'
    Target 'React-graphics' in project 'Pods'
        ➜ Explicit dependency on target 'DoubleConversion' in project 'Pods'
        ➜ Explicit dependency on target 'RCT-Folly' in project 'Pods'
        ➜ Explicit dependency on target 'React-jsi' in project 'Pods'
        ➜ Explicit dependency on target 'React-jsiexecutor' in project 'Pods'
        ➜ Explicit dependency on target 'React-utils' in project 'Pods'
        ➜ Explicit dependency on target 'SocketRocket' in project 'Pods'
        ➜ Explicit dependency on target 'boost' in project 'Pods'
        ➜ Explicit dependency on target 'fast_float' in project 'Pods'
        ➜ Explicit dependency on target 'fmt' in project 'Pods'
        ➜ Explicit dependency on target 'glog' in project 'Pods'
        ➜ Explicit dependency on target 'hermes-engine' in project 'Pods'
    Target 'RCTTypeSafety' in project 'Pods'
        ➜ Explicit dependency on target 'FBLazyVector' in project 'Pods'
        ➜ Explicit dependency on target 'RCTRequired' in project 'Pods'
        ➜ Explicit dependency on target 'React-Core' in project 'Pods'
    Target 'RCTRequired' in project 'Pods' (no dependencies)
    Target 'FBLazyVector' in project 'Pods' (no dependencies)
    Target 'BVLinearGradient' in project 'Pods'
        ➜ Explicit dependency on target 'React-Core' in project 'Pods'
    Target 'React-Core' in project 'Pods'
        ➜ Explicit dependency on target 'DoubleConversion' in project 'Pods'
        ➜ Explicit dependency on target 'RCT-Folly' in project 'Pods'
        ➜ Explicit dependency on target 'RCTDeprecation' in project 'Pods'
        ➜ Explicit dependency on target 'React-Core-React-Core_privacy' in project 'Pods'
        ➜ Explicit dependency on target 'React-cxxreact' in project 'Pods'
        ➜ Explicit dependency on target 'React-featureflags' in project 'Pods'
        ➜ Explicit dependency on target 'React-hermes' in project 'Pods'
        ➜ Explicit dependency on target 'React-jsi' in project 'Pods'
        ➜ Explicit dependency on target 'React-jsiexecutor' in project 'Pods'
        ➜ Explicit dependency on target 'React-jsinspector' in project 'Pods'
        ➜ Explicit dependency on target 'React-jsinspectorcdp' in project 'Pods'
        ➜ Explicit dependency on target 'React-jsitooling' in project 'Pods'
        ➜ Explicit dependency on target 'React-perflogger' in project 'Pods'
        ➜ Explicit dependency on target 'React-runtimeexecutor' in project 'Pods'
        ➜ Explicit dependency on target 'React-runtimescheduler' in project 'Pods'
        ➜ Explicit dependency on target 'React-utils' in project 'Pods'
        ➜ Explicit dependency on target 'SocketRocket' in project 'Pods'
        ➜ Explicit dependency on target 'Yoga' in project 'Pods'
        ➜ Explicit dependency on target 'boost' in project 'Pods'
        ➜ Explicit dependency on target 'fast_float' in project 'Pods'
        ➜ Explicit dependency on target 'fmt' in project 'Pods'
        ➜ Explicit dependency on target 'glog' in project 'Pods'
        ➜ Explicit dependency on target 'hermes-engine' in project 'Pods'
    Target 'Yoga' in project 'Pods' (no dependencies)
    Target 'React-runtimescheduler' in project 'Pods'
        ➜ Explicit dependency on target 'DoubleConversion' in project 'Pods'
        ➜ Explicit dependency on target 'RCT-Folly' in project 'Pods'
        ➜ Explicit dependency on target 'React-callinvoker' in project 'Pods'
        ➜ Explicit dependency on target 'React-cxxreact' in project 'Pods'
        ➜ Explicit dependency on target 'React-debug' in project 'Pods'
        ➜ Explicit dependency on target 'React-featureflags' in project 'Pods'
        ➜ Explicit dependency on target 'React-jsi' in project 'Pods'
        ➜ Explicit dependency on target 'React-jsinspectortracing' in project 'Pods'
        ➜ Explicit dependency on target 'React-performancetimeline' in project 'Pods'
        ➜ Explicit dependency on target 'React-rendererconsistency' in project 'Pods'
        ➜ Explicit dependency on target 'React-rendererdebug' in project 'Pods'
        ➜ Explicit dependency on target 'React-runtimeexecutor' in project 'Pods'
        ➜ Explicit dependency on target 'React-timing' in project 'Pods'
        ➜ Explicit dependency on target 'React-utils' in project 'Pods'
        ➜ Explicit dependency on target 'SocketRocket' in project 'Pods'
        ➜ Explicit dependency on target 'boost' in project 'Pods'
        ➜ Explicit dependency on target 'fast_float' in project 'Pods'
        ➜ Explicit dependency on target 'fmt' in project 'Pods'
        ➜ Explicit dependency on target 'glog' in project 'Pods'
        ➜ Explicit dependency on target 'hermes-engine' in project 'Pods'
    Target 'React-rendererdebug' in project 'Pods'
        ➜ Explicit dependency on target 'DoubleConversion' in project 'Pods'
        ➜ Explicit dependency on target 'RCT-Folly' in project 'Pods'
        ➜ Explicit dependency on target 'React-debug' in project 'Pods'
        ➜ Explicit dependency on target 'SocketRocket' in project 'Pods'
        ➜ Explicit dependency on target 'boost' in project 'Pods'
        ➜ Explicit dependency on target 'fast_float' in project 'Pods'
        ➜ Explicit dependency on target 'fmt' in project 'Pods'
        ➜ Explicit dependency on target 'glog' in project 'Pods'
    Target 'React-rendererconsistency' in project 'Pods' (no dependencies)
    Target 'React-jsitooling' in project 'Pods'
        ➜ Explicit dependency on target 'DoubleConversion' in project 'Pods'
        ➜ Explicit dependency on target 'RCT-Folly' in project 'Pods'
        ➜ Explicit dependency on target 'React-cxxreact' in project 'Pods'
        ➜ Explicit dependency on target 'React-debug' in project 'Pods'
        ➜ Explicit dependency on target 'React-jsi' in project 'Pods'
        ➜ Explicit dependency on target 'React-jsinspector' in project 'Pods'
        ➜ Explicit dependency on target 'React-jsinspectorcdp' in project 'Pods'
        ➜ Explicit dependency on target 'React-jsinspectortracing' in project 'Pods'
        ➜ Explicit dependency on target 'React-runtimeexecutor' in project 'Pods'
        ➜ Explicit dependency on target 'SocketRocket' in project 'Pods'
        ➜ Explicit dependency on target 'boost' in project 'Pods'
        ➜ Explicit dependency on target 'fast_float' in project 'Pods'
        ➜ Explicit dependency on target 'fmt' in project 'Pods'
        ➜ Explicit dependency on target 'glog' in project 'Pods'
    Target 'React-hermes' in project 'Pods'
        ➜ Explicit dependency on target 'DoubleConversion' in project 'Pods'
        ➜ Explicit dependency on target 'RCT-Folly' in project 'Pods'
        ➜ Explicit dependency on target 'React-cxxreact' in project 'Pods'
        ➜ Explicit dependency on target 'React-jsi' in project 'Pods'
        ➜ Explicit dependency on target 'React-jsiexecutor' in project 'Pods'
        ➜ Explicit dependency on target 'React-jsinspector' in project 'Pods'
        ➜ Explicit dependency on target 'React-jsinspectorcdp' in project 'Pods'
        ➜ Explicit dependency on target 'React-jsinspectortracing' in project 'Pods'
        ➜ Explicit dependency on target 'React-oscompat' in project 'Pods'
        ➜ Explicit dependency on target 'React-perflogger' in project 'Pods'
        ➜ Explicit dependency on target 'React-runtimeexecutor' in project 'Pods'
        ➜ Explicit dependency on target 'SocketRocket' in project 'Pods'
        ➜ Explicit dependency on target 'boost' in project 'Pods'
        ➜ Explicit dependency on target 'fast_float' in project 'Pods'
        ➜ Explicit dependency on target 'fmt' in project 'Pods'
        ➜ Explicit dependency on target 'glog' in project 'Pods'
        ➜ Explicit dependency on target 'hermes-engine' in project 'Pods'
    Target 'React-jsiexecutor' in project 'Pods'
        ➜ Explicit dependency on target 'DoubleConversion' in project 'Pods'
        ➜ Explicit dependency on target 'RCT-Folly' in project 'Pods'
        ➜ Explicit dependency on target 'React-cxxreact' in project 'Pods'
        ➜ Explicit dependency on target 'React-debug' in project 'Pods'
        ➜ Explicit dependency on target 'React-jsi' in project 'Pods'
        ➜ Explicit dependency on target 'React-jsinspector' in project 'Pods'
        ➜ Explicit dependency on target 'React-jsinspectorcdp' in project 'Pods'
        ➜ Explicit dependency on target 'React-jsinspectortracing' in project 'Pods'
        ➜ Explicit dependency on target 'React-perflogger' in project 'Pods'
        ➜ Explicit dependency on target 'React-runtimeexecutor' in project 'Pods'
        ➜ Explicit dependency on target 'SocketRocket' in project 'Pods'
        ➜ Explicit dependency on target 'boost' in project 'Pods'
        ➜ Explicit dependency on target 'fast_float' in project 'Pods'
        ➜ Explicit dependency on target 'fmt' in project 'Pods'
        ➜ Explicit dependency on target 'glog' in project 'Pods'
        ➜ Explicit dependency on target 'hermes-engine' in project 'Pods'
    Target 'React-cxxreact' in project 'Pods'
        ➜ Explicit dependency on target 'DoubleConversion' in project 'Pods'
        ➜ Explicit dependency on target 'RCT-Folly' in project 'Pods'
        ➜ Explicit dependency on target 'React-callinvoker' in project 'Pods'
        ➜ Explicit dependency on target 'React-cxxreact-React-cxxreact_privacy' in project 'Pods'
        ➜ Explicit dependency on target 'React-debug' in project 'Pods'
        ➜ Explicit dependency on target 'React-jsi' in project 'Pods'
        ➜ Explicit dependency on target 'React-jsinspector' in project 'Pods'
        ➜ Explicit dependency on target 'React-jsinspectorcdp' in project 'Pods'
        ➜ Explicit dependency on target 'React-jsinspectortracing' in project 'Pods'
        ➜ Explicit dependency on target 'React-logger' in project 'Pods'
        ➜ Explicit dependency on target 'React-perflogger' in project 'Pods'
        ➜ Explicit dependency on target 'React-runtimeexecutor' in project 'Pods'
        ➜ Explicit dependency on target 'React-timing' in project 'Pods'
        ➜ Explicit dependency on target 'SocketRocket' in project 'Pods'
        ➜ Explicit dependency on target 'boost' in project 'Pods'
        ➜ Explicit dependency on target 'fast_float' in project 'Pods'
        ➜ Explicit dependency on target 'fmt' in project 'Pods'
        ➜ Explicit dependency on target 'glog' in project 'Pods'
        ➜ Explicit dependency on target 'hermes-engine' in project 'Pods'
    Target 'React-logger' in project 'Pods'
        ➜ Explicit dependency on target 'DoubleConversion' in project 'Pods'
        ➜ Explicit dependency on target 'RCT-Folly' in project 'Pods'
        ➜ Explicit dependency on target 'SocketRocket' in project 'Pods'
        ➜ Explicit dependency on target 'boost' in project 'Pods'
        ➜ Explicit dependency on target 'fast_float' in project 'Pods'
        ➜ Explicit dependency on target 'fmt' in project 'Pods'
        ➜ Explicit dependency on target 'glog' in project 'Pods'
    Target 'React-jsinspector' in project 'Pods'
        ➜ Explicit dependency on target 'DoubleConversion' in project 'Pods'
        ➜ Explicit dependency on target 'RCT-Folly' in project 'Pods'
        ➜ Explicit dependency on target 'React-featureflags' in project 'Pods'
        ➜ Explicit dependency on target 'React-jsi' in project 'Pods'
        ➜ Explicit dependency on target 'React-jsinspectorcdp' in project 'Pods'
        ➜ Explicit dependency on target 'React-jsinspectornetwork' in project 'Pods'
        ➜ Explicit dependency on target 'React-jsinspectortracing' in project 'Pods'
        ➜ Explicit dependency on target 'React-oscompat' in project 'Pods'
        ➜ Explicit dependency on target 'React-perflogger' in project 'Pods'
        ➜ Explicit dependency on target 'React-runtimeexecutor' in project 'Pods'
        ➜ Explicit dependency on target 'SocketRocket' in project 'Pods'
        ➜ Explicit dependency on target 'boost' in project 'Pods'
        ➜ Explicit dependency on target 'fast_float' in project 'Pods'
        ➜ Explicit dependency on target 'fmt' in project 'Pods'
        ➜ Explicit dependency on target 'glog' in project 'Pods'
        ➜ Explicit dependency on target 'hermes-engine' in project 'Pods'
    Target 'React-runtimeexecutor' in project 'Pods'
        ➜ Explicit dependency on target 'DoubleConversion' in project 'Pods'
        ➜ Explicit dependency on target 'RCT-Folly' in project 'Pods'
        ➜ Explicit dependency on target 'React-debug' in project 'Pods'
        ➜ Explicit dependency on target 'React-featureflags' in project 'Pods'
        ➜ Explicit dependency on target 'React-jsi' in project 'Pods'
        ➜ Explicit dependency on target 'React-utils' in project 'Pods'
        ➜ Explicit dependency on target 'SocketRocket' in project 'Pods'
        ➜ Explicit dependency on target 'boost' in project 'Pods'
        ➜ Explicit dependency on target 'fast_float' in project 'Pods'
        ➜ Explicit dependency on target 'fmt' in project 'Pods'
        ➜ Explicit dependency on target 'glog' in project 'Pods'
    Target 'React-utils' in project 'Pods'
        ➜ Explicit dependency on target 'DoubleConversion' in project 'Pods'
        ➜ Explicit dependency on target 'RCT-Folly' in project 'Pods'
        ➜ Explicit dependency on target 'React-debug' in project 'Pods'
        ➜ Explicit dependency on target 'React-jsi' in project 'Pods'
        ➜ Explicit dependency on target 'SocketRocket' in project 'Pods'
        ➜ Explicit dependency on target 'boost' in project 'Pods'
        ➜ Explicit dependency on target 'fast_float' in project 'Pods'
        ➜ Explicit dependency on target 'fmt' in project 'Pods'
        ➜ Explicit dependency on target 'glog' in project 'Pods'
        ➜ Explicit dependency on target 'hermes-engine' in project 'Pods'
    Target 'React-jsinspectornetwork' in project 'Pods'
        ➜ Explicit dependency on target 'DoubleConversion' in project 'Pods'
        ➜ Explicit dependency on target 'RCT-Folly' in project 'Pods'
        ➜ Explicit dependency on target 'React-featureflags' in project 'Pods'
        ➜ Explicit dependency on target 'React-jsinspectorcdp' in project 'Pods'
        ➜ Explicit dependency on target 'React-performancetimeline' in project 'Pods'
        ➜ Explicit dependency on target 'React-timing' in project 'Pods'
        ➜ Explicit dependency on target 'SocketRocket' in project 'Pods'
        ➜ Explicit dependency on target 'boost' in project 'Pods'
        ➜ Explicit dependency on target 'fast_float' in project 'Pods'
        ➜ Explicit dependency on target 'fmt' in project 'Pods'
        ➜ Explicit dependency on target 'glog' in project 'Pods'
    Target 'React-performancetimeline' in project 'Pods'
        ➜ Explicit dependency on target 'DoubleConversion' in project 'Pods'
        ➜ Explicit dependency on target 'RCT-Folly' in project 'Pods'
        ➜ Explicit dependency on target 'React-featureflags' in project 'Pods'
        ➜ Explicit dependency on target 'React-jsinspectortracing' in project 'Pods'
        ➜ Explicit dependency on target 'React-perflogger' in project 'Pods'
        ➜ Explicit dependency on target 'React-timing' in project 'Pods'
        ➜ Explicit dependency on target 'SocketRocket' in project 'Pods'
        ➜ Explicit dependency on target 'boost' in project 'Pods'
        ➜ Explicit dependency on target 'fast_float' in project 'Pods'
        ➜ Explicit dependency on target 'fmt' in project 'Pods'
        ➜ Explicit dependency on target 'glog' in project 'Pods'
    Target 'React-perflogger' in project 'Pods'
        ➜ Explicit dependency on target 'DoubleConversion' in project 'Pods'
        ➜ Explicit dependency on target 'RCT-Folly' in project 'Pods'
        ➜ Explicit dependency on target 'SocketRocket' in project 'Pods'
        ➜ Explicit dependency on target 'boost' in project 'Pods'
        ➜ Explicit dependency on target 'fast_float' in project 'Pods'
        ➜ Explicit dependency on target 'fmt' in project 'Pods'
        ➜ Explicit dependency on target 'glog' in project 'Pods'
    Target 'React-jsinspectortracing' in project 'Pods'
        ➜ Explicit dependency on target 'DoubleConversion' in project 'Pods'
        ➜ Explicit dependency on target 'RCT-Folly' in project 'Pods'
        ➜ Explicit dependency on target 'React-oscompat' in project 'Pods'
        ➜ Explicit dependency on target 'React-timing' in project 'Pods'
        ➜ Explicit dependency on target 'SocketRocket' in project 'Pods'
        ➜ Explicit dependency on target 'boost' in project 'Pods'
        ➜ Explicit dependency on target 'fast_float' in project 'Pods'
        ➜ Explicit dependency on target 'fmt' in project 'Pods'
        ➜ Explicit dependency on target 'glog' in project 'Pods'
    Target 'React-timing' in project 'Pods'
        ➜ Explicit dependency on target 'React-debug' in project 'Pods'
    Target 'React-oscompat' in project 'Pods' (no dependencies)
    Target 'React-jsinspectorcdp' in project 'Pods'
        ➜ Explicit dependency on target 'DoubleConversion' in project 'Pods'
        ➜ Explicit dependency on target 'RCT-Folly' in project 'Pods'
        ➜ Explicit dependency on target 'SocketRocket' in project 'Pods'
        ➜ Explicit dependency on target 'boost' in project 'Pods'
        ➜ Explicit dependency on target 'fast_float' in project 'Pods'
        ➜ Explicit dependency on target 'fmt' in project 'Pods'
        ➜ Explicit dependency on target 'glog' in project 'Pods'
    Target 'React-featureflags' in project 'Pods'
        ➜ Explicit dependency on target 'DoubleConversion' in project 'Pods'
        ➜ Explicit dependency on target 'RCT-Folly' in project 'Pods'
        ➜ Explicit dependency on target 'SocketRocket' in project 'Pods'
        ➜ Explicit dependency on target 'boost' in project 'Pods'
        ➜ Explicit dependency on target 'fast_float' in project 'Pods'
        ➜ Explicit dependency on target 'fmt' in project 'Pods'
        ➜ Explicit dependency on target 'glog' in project 'Pods'
    Target 'React-jsi' in project 'Pods'
        ➜ Explicit dependency on target 'DoubleConversion' in project 'Pods'
        ➜ Explicit dependency on target 'RCT-Folly' in project 'Pods'
        ➜ Explicit dependency on target 'SocketRocket' in project 'Pods'
        ➜ Explicit dependency on target 'boost' in project 'Pods'
        ➜ Explicit dependency on target 'fast_float' in project 'Pods'
        ➜ Explicit dependency on target 'fmt' in project 'Pods'
        ➜ Explicit dependency on target 'glog' in project 'Pods'
        ➜ Explicit dependency on target 'hermes-engine' in project 'Pods'
    Target 'hermes-engine' in project 'Pods' (no dependencies)
    Target 'SocketRocket' in project 'Pods' (no dependencies)
    Target 'React-debug' in project 'Pods' (no dependencies)
    Target 'React-cxxreact-React-cxxreact_privacy' in project 'Pods' (no dependencies)
    Target 'React-callinvoker' in project 'Pods' (no dependencies)
    Target 'React-Core-React-Core_privacy' in project 'Pods' (no dependencies)
    Target 'RCTDeprecation' in project 'Pods' (no dependencies)
    Target 'RCT-Folly' in project 'Pods'
        ➜ Explicit dependency on target 'DoubleConversion' in project 'Pods'
        ➜ Explicit dependency on target 'RCT-Folly-RCT-Folly_privacy' in project 'Pods'
        ➜ Explicit dependency on target 'boost' in project 'Pods'
        ➜ Explicit dependency on target 'fast_float' in project 'Pods'
        ➜ Explicit dependency on target 'fmt' in project 'Pods'
        ➜ Explicit dependency on target 'glog' in project 'Pods'
    Target 'glog' in project 'Pods'
        ➜ Explicit dependency on target 'glog-glog_privacy' in project 'Pods'
    Target 'glog-glog_privacy' in project 'Pods' (no dependencies)
    Target 'fmt' in project 'Pods' (no dependencies)
    Target 'fast_float' in project 'Pods' (no dependencies)
    Target 'boost' in project 'Pods'
        ➜ Explicit dependency on target 'boost-boost_privacy' in project 'Pods'
    Target 'boost-boost_privacy' in project 'Pods' (no dependencies)
    Target 'RCT-Folly-RCT-Folly_privacy' in project 'Pods' (no dependencies)
    Target 'DoubleConversion' in project 'Pods' (no dependencies)

debug 

debug GatherProvisioningInputs

debug 

debug CreateBuildDescription

debug 
ExecuteExternalTool /Users/ppbuddy/Downloads/Xcode.app/Contents/Developer/Toolchains/XcodeDefault.xctoolchain/usr/bin/clang -v -E -dM -arch arm64 -isysroot /Users/ppbuddy/Downloads/Xcode.app/Contents/Developer/Platforms/iPhoneOS.platform/Developer/SDKs/iPhoneOS26.0.sdk -x c++ -c /dev/null

debug 
ExecuteExternalTool /Users/ppbuddy/Downloads/Xcode.app/Contents/Developer/Toolchains/XcodeDefault.xctoolchain/usr/bin/clang -v -E -dM -arch arm64 -isysroot /Users/ppbuddy/Downloads/Xcode.app/Contents/Developer/Platforms/iPhoneOS.platform/Developer/SDKs/iPhoneOS26.0.sdk -x objective-c -c /dev/null
debug 

debug 

debug ExecuteExternalTool /Users/ppbuddy/Downloads/Xcode.app/Contents/Developer/Toolchains/XcodeDefault.xctoolchain/usr/bin/clang -v -E -dM -isysroot /Users/ppbuddy/Downloads/Xcode.app/Contents/Developer/Platforms/iPhoneOS.platform/Developer/SDKs/iPhoneOS26.0.sdk -x c -c /dev/null

ExecuteExternalTool /Users/ppbuddy/Downloads/Xcode.app/Contents/Developer/Toolchains/XcodeDefault.xctoolchain/usr/bin/clang -v -E -dM -arch arm64 -isysroot /Users/ppbuddy/Downloads/Xcode.app/Contents/Developer/Platforms/iPhoneOS.platform/Developer/SDKs/iPhoneOS26.0.sdk -x objective-c++ -c /dev/null

debug 

debug ExecuteExternalTool /Users/ppbuddy/Downloads/Xcode.app/Contents/Developer/Toolchains/XcodeDefault.xctoolchain/usr/bin/clang -v -E -dM -arch arm64 -isysroot /Users/ppbuddy/Downloads/Xcode.app/Contents/Developer/Platforms/iPhoneOS.platform/Developer/SDKs/iPhoneOS26.0.sdk -x c -c /dev/null

debug 

debug ExecuteExternalTool /Users/ppbuddy/Downloads/Xcode.app/Contents/Developer/Toolchains/XcodeDefault.xctoolchain/usr/bin/libtool -V

debug 
ExecuteExternalTool /Users/ppbuddy/Downloads/Xcode.app/Contents/Developer/usr/bin/ibtool --version --output-format xml1
debug 

debug 
ExecuteExternalTool /Users/ppbuddy/Downloads/Xcode.app/Contents/Developer/usr/bin/actool --print-asset-tag-combinations --output-format xml1 /Users/ppbuddy/Desktop/RewardsPlanner/ios/RewardsPlanners/Images.xcassets

debug 
ExecuteExternalTool /Users/ppbuddy/Downloads/Xcode.app/Contents/Developer/Toolchains/XcodeDefault.xctoolchain/usr/bin/clang -v -E -dM -arch arm64 -isysroot /Users/ppbuddy/Downloads/Xcode.app/Contents/Developer/Platforms/iPhoneOS.platform/Developer/SDKs/iPhoneOS26.0.sdk -x assembler-with-cpp -c /dev/null
debug 

ExecuteExternalTool /Users/ppbuddy/Downloads/Xcode.app/Contents/Developer/Toolchains/XcodeDefault.xctoolchain/usr/bin/swiftc --version


debug ExecuteExternalTool /Users/ppbuddy/Downloads/Xcode.app/Contents/Developer/usr/bin/actool --version --output-format xml1

debug 

debug ExecuteExternalTool /Users/ppbuddy/Downloads/Xcode.app/Contents/Developer/Toolchains/XcodeDefault.xctoolchain/usr/bin/ld -version_details

debug 

debug Build description signature: cea37df33823e23af7a5fe71a3625f33

debug Build description path: /Users/ppbuddy/Library/Developer/Xcode/DerivedData/RewardsPlanners-ekihbxkapylnzgekifxkpyiwfgsu/Build/Intermediates.noindex/XCBuildData/cea37df33823e23af7a5fe71a3625f33.xcbuilddata

debug warning: Run script build phase '[CP-User] [Hermes] Replace Hermes for the right configuration, if needed' will be run during every build because it does not specify any outputs. To address this issue, either add output dependencies to the script phase, or configure it to run in every build by unchecking "Based on dependency analysis" in the script phase. (in target 'hermes-engine' from project 'Pods')

debug PhaseScriptExecution [CP-User]\ [Hermes]\ Replace\ Hermes\ for\ the\ right\ configuration,\ if\ needed /Users/ppbuddy/Library/Developer/Xcode/DerivedData/RewardsPlanners-ekihbxkapylnzgekifxkpyiwfgsu/Build/Intermediates.noindex/Pods.build/Debug-iphoneos/hermes-engine.build/Script-46EB2E00026AD0.sh (in target 'hermes-engine' from project 'Pods')
    cd /Users/ppbuddy/Desktop/RewardsPlanner/ios/Pods
    export ACTION\=build
    export AD_HOC_CODE_SIGNING_ALLOWED\=NO
    export ALLOW_BUILD_REQUEST_OVERRIDES\=NO
    export ALLOW_TARGET_PLATFORM_SPECIALIZATION\=NO
    export ALTERNATE_GROUP\=staff
    export ALTERNATE_MODE\=u+w,go-w,a+rX
    export ALTERNATE_OWNER\=ppbuddy
    export ALTERNATIVE_DISTRIBUTION_WEB\=NO
    export ALWAYS_EMBED_SWIFT_STANDARD_LIBRARIES\=NO
    export ALWAYS_SEARCH_USER_PATHS\=NO
    export ALWAYS_USE_SEPARATE_HEADERMAPS\=NO
    export ANDROID_DEPLOYMENT_TARGET\=21.0
    export APPLICATION_EXTENSION_API_ONLY\=NO
    export APPLY_RULES_IN_COPY_FILES\=NO
    export APPLY_RULES_IN_COPY_HEADERS\=NO
    export APP_SHORTCUTS_ENABLE_FLEXIBLE_MATCHING\=YES
    export ARCHS\=arm64
    export ARCHS_STANDARD\=arm64
    export ARCHS_STANDARD_32_64_BIT\=armv7\ arm64
    export ARCHS_STANDARD_32_BIT\=armv7
    export ARCHS_STANDARD_64_BIT\=arm64
    export ARCHS_STANDARD_INCLUDING_64_BIT\=arm64
    export ARCHS_UNIVERSAL_IPHONE_OS\=armv7\ arm64
    export ASSETCATALOG_COMPILER_APPICON_NAME\=AppIcon
    export ASSETCATALOG_COMPILER_GLOBAL_ACCENT_COLOR_NAME\=AccentColor
    export ASSETCATALOG_FILTER_FOR_DEVICE_MODEL\=iPhone13,2
    export ASSETCATALOG_FILTER_FOR_DEVICE_OS_VERSION\=26.5
    export ASSETCATALOG_FILTER_FOR_THINNING_DEVICE_CONFIGURATION\=iPhone13,2
    export AUTOMATICALLY_MERGE_DEPENDENCIES\=NO
    export AUTOMATION_APPLE_EVENTS\=NO
    export AVAILABLE_PLATFORMS\=android\ appletvos\ appletvsimulator\ driverkit\ iphoneos\ iphonesimulator\ macosx\ qnx\ watchos\ watchsimulator\ webassembly\ xros\ xrsimulator
    export BUILD_ACTIVE_RESOURCES_ONLY\=YES
    export BUILD_COMPONENTS\=headers\ build
    export BUILD_DIR\=/Users/ppbuddy/Library/Developer/Xcode/DerivedData/RewardsPlanners-ekihbxkapylnzgekifxkpyiwfgsu/Build/Products
    export BUILD_LIBRARY_FOR_DISTRIBUTION\=NO
    export BUILD_ROOT\=/Users/ppbuddy/Library/Developer/Xcode/DerivedData/RewardsPlanners-ekihbxkapylnzgekifxkpyiwfgsu/Build/Products
    export BUILD_STYLE\=
    export BUILD_VARIANTS\=normal
    export BUILT_PRODUCTS_DIR\=/Users/ppbuddy/Library/Developer/Xcode/DerivedData/RewardsPlanners-ekihbxkapylnzgekifxkpyiwfgsu/Build/Products/Debug-iphoneos/hermes-engine
    export BUNDLE_CONTENTS_FOLDER_PATH_deep\=Contents/
    export BUNDLE_EXECUTABLE_FOLDER_NAME_deep\=MacOS
    export BUNDLE_EXTENSIONS_FOLDER_PATH\=Extensions
    export BUNDLE_FORMAT\=shallow
    export BUNDLE_FRAMEWORKS_FOLDER_PATH\=Frameworks
    export BUNDLE_PLUGINS_FOLDER_PATH\=PlugIns
    export BUNDLE_PRIVATE_HEADERS_FOLDER_PATH\=PrivateHeaders
    export BUNDLE_PUBLIC_HEADERS_FOLDER_PATH\=Headers
    export CACHE_ROOT\=/var/folders/gk/632pcntd72x4_w0qx45xzwqh0000gn/C/com.apple.DeveloperTools/26.0-17A324/Xcode
    export CCHROOT\=/var/folders/gk/632pcntd72x4_w0qx45xzwqh0000gn/C/com.apple.DeveloperTools/26.0-17A324/Xcode
    export CHMOD\=/bin/chmod
    export CHOWN\=/usr/sbin/chown
    export CLANG_ANALYZER_LOCALIZABILITY_NONLOCALIZED\=YES
    export CLANG_ANALYZER_NONNULL\=YES
    export CLANG_ANALYZER_NUMBER_OBJECT_CONVERSION\=YES_AGGRESSIVE
    export CLANG_CACHE_FINE_GRAINED_OUTPUTS\=YES
    export CLANG_CXX_LANGUAGE_STANDARD\=c++20
    export CLANG_CXX_LIBRARY\=compiler-default
    export CLANG_ENABLE_EXPLICIT_MODULES\=NO
    export CLANG_ENABLE_MODULES\=YES
    export CLANG_ENABLE_OBJC_ARC\=YES
    export CLANG_ENABLE_OBJC_WEAK\=NO
    export CLANG_MODULES_BUILD_SESSION_FILE\=/Users/ppbuddy/Library/Developer/Xcode/DerivedData/ModuleCache.noindex/Session.modulevalidation
    export CLANG_WARN_BLOCK_CAPTURE_AUTORELEASING\=YES
    export CLANG_WARN_BOOL_CONVERSION\=YES
    export CLANG_WARN_COMMA\=YES
    export CLANG_WARN_CONSTANT_CONVERSION\=YES
    export CLANG_WARN_DEPRECATED_OBJC_IMPLEMENTATIONS\=YES
    export CLANG_WARN_DIRECT_OBJC_ISA_USAGE\=YES_ERROR
    export CLANG_WARN_DOCUMENTATION_COMMENTS\=YES
    export CLANG_WARN_EMPTY_BODY\=YES
    export CLANG_WARN_ENUM_CONVERSION\=YES
    export CLANG_WARN_INFINITE_RECURSION\=YES
    export CLANG_WARN_INT_CONVERSION\=YES
    export CLANG_WARN_NON_LITERAL_NULL_CONVERSION\=YES
    export CLANG_WARN_OBJC_IMPLICIT_RETAIN_SELF\=YES
    export CLANG_WARN_OBJC_LITERAL_CONVERSION\=YES
    export CLANG_WARN_OBJC_ROOT_CLASS\=YES_ERROR
    export CLANG_WARN_QUOTED_INCLUDE_IN_FRAMEWORK_HEADER\=NO
    export CLANG_WARN_RANGE_LOOP_ANALYSIS\=YES
    export CLANG_WARN_STRICT_PROTOTYPES\=YES
    export CLANG_WARN_SUSPICIOUS_MOVE\=YES
    export CLANG_WARN_UNGUARDED_AVAILABILITY\=YES_AGGRESSIVE
    export CLANG_WARN_UNREACHABLE_CODE\=YES
    export CLANG_WARN__DUPLICATE_METHOD_MATCH\=YES
    export CLASS_FILE_DIR\=/Users/ppbuddy/Library/Developer/Xcode/DerivedData/RewardsPlanners-ekihbxkapylnzgekifxkpyiwfgsu/Build/Intermediates.noindex/Pods.build/Debug-iphoneos/hermes-engine.build/JavaClasses
    export CLEAN_PRECOMPS\=YES
    export CLONE_HEADERS\=NO
    export CODESIGNING_FOLDER_PATH\=/Users/ppbuddy/Library/Developer/Xcode/DerivedData/RewardsPlanners-ekihbxkapylnzgekifxkpyiwfgsu/Build/Products/Debug-iphoneos/hermes-engine/
    export CODE_SIGNING_ALLOWED\=NO
    export CODE_SIGNING_REQUIRED\=YES
    export CODE_SIGN_CONTEXT_CLASS\=XCiPhoneOSCodeSignContext
    export CODE_SIGN_IDENTITY\=Apple\ Development
    export CODE_SIGN_INJECT_BASE_ENTITLEMENTS\=YES
    export COLOR_DIAGNOSTICS\=NO
    export COMBINE_HIDPI_IMAGES\=NO
    export COMPILATION_CACHE_CAS_PATH\=/Users/ppbuddy/Library/Developer/Xcode/DerivedData/CompilationCache.noindex
    export COMPILATION_CACHE_KEEP_CAS_DIRECTORY\=YES
    export COMPILER_INDEX_STORE_ENABLE\=Default
    export COMPOSITE_SDK_DIRS\=/Users/ppbuddy/Library/Developer/Xcode/DerivedData/RewardsPlanners-ekihbxkapylnzgekifxkpyiwfgsu/Build/Intermediates.noindex/CompositeSDKs
    export COMPRESS_PNG_FILES\=YES
    export CONFIGURATION\=Debug
    export CONFIGURATION_BUILD_DIR\=/Users/ppbuddy/Library/Developer/Xcode/DerivedData/RewardsPlanners-ekihbxkapylnzgekifxkpyiwfgsu/Build/Products/Debug-iphoneos/hermes-engine
    export CONFIGURATION_TEMP_DIR\=/Users/ppbuddy/Library/Developer/Xcode/DerivedData/RewardsPlanners-ekihbxkapylnzgekifxkpyiwfgsu/Build/Intermediates.noindex/Pods.build/Debug-iphoneos
    export COPYING_PRESERVES_HFS_DATA\=NO
    export COPY_HEADERS_RUN_UNIFDEF\=NO
    export COPY_PHASE_STRIP\=NO
    export CORRESPONDING_SIMULATOR_PLATFORM_DIR\=/Users/ppbuddy/Downloads/Xcode.app/Contents/Developer/Platforms/iPhoneSimulator.platform
    export CORRESPONDING_SIMULATOR_PLATFORM_NAME\=iphonesimulator
    export CORRESPONDING_SIMULATOR_SDK_DIR\=/Users/ppbuddy/Downloads/Xcode.app/Contents/Developer/Platforms/iPhoneSimulator.platform/Developer/SDKs/iPhoneSimulator26.0.sdk
    export CORRESPONDING_SIMULATOR_SDK_NAME\=iphonesimulator26.0
    export CP\=/bin/cp
    export CREATE_INFOPLIST_SECTION_IN_BINARY\=NO
    export CURRENT_ARCH\=undefined_arch
    export CURRENT_VARIANT\=normal
    export DEAD_CODE_STRIPPING\=YES
    export DEBUGGING_SYMBOLS\=YES
    export DEBUG_INFORMATION_FORMAT\=dwarf
    export DEBUG_INFORMATION_VERSION\=compiler-default
    export DEFAULT_COMPILER\=com.apple.compilers.llvm.clang.1_0
    export DEFAULT_DEXT_INSTALL_PATH\=/System/Library/DriverExtensions
    export DEFAULT_KEXT_INSTALL_PATH\=/System/Library/Extensions
    export DEFINES_MODULE\=NO
    export DEPLOYMENT_LOCATION\=NO
    export DEPLOYMENT_POSTPROCESSING\=NO
    export DEPLOYMENT_TARGET_SETTING_NAME\=IPHONEOS_DEPLOYMENT_TARGET
    export DEPLOYMENT_TARGET_SUGGESTED_VALUES\=12.0\ 12.1\ 12.2\ 12.3\ 12.4\ 13.0\ 13.1\ 13.2\ 13.3\ 13.4\ 13.5\ 13.6\ 14.0\ 14.1\ 14.2\ 14.3\ 14.4\ 14.5\ 14.6\ 14.7\ 15.0\ 15.1\ 15.2\ 15.3\ 15.4\ 15.5\ 15.6\ 16.0\ 16.1\ 16.2\ 16.3\ 16.4\ 16.5\ 16.6\ 17.0\ 17.1\ 17.2\ 17.3\ 17.4\ 17.5\ 17.6\ 18.0\ 18.1\ 18.2\ 18.3\ 18.4\ 18.5\ 18.6\ 26.0
    export DERIVED_FILES_DIR\=/Users/ppbuddy/Library/Developer/Xcode/DerivedData/RewardsPlanners-ekihbxkapylnzgekifxkpyiwfgsu/Build/Intermediates.noindex/Pods.build/Debug-iphoneos/hermes-engine.build/DerivedSources
    export DERIVED_FILE_DIR\=/Users/ppbuddy/Library/Developer/Xcode/DerivedData/RewardsPlanners-ekihbxkapylnzgekifxkpyiwfgsu/Build/Intermediates.noindex/Pods.build/Debug-iphoneos/hermes-engine.build/DerivedSources
    export DERIVED_SOURCES_DIR\=/Users/ppbuddy/Library/Developer/Xcode/DerivedData/RewardsPlanners-ekihbxkapylnzgekifxkpyiwfgsu/Build/Intermediates.noindex/Pods.build/Debug-iphoneos/hermes-engine.build/DerivedSources
    export DERIVE_MACCATALYST_PRODUCT_BUNDLE_IDENTIFIER\=NO
    export DEVELOPER_APPLICATIONS_DIR\=/Users/ppbuddy/Downloads/Xcode.app/Contents/Developer/Applications
    export DEVELOPER_BIN_DIR\=/Users/ppbuddy/Downloads/Xcode.app/Contents/Developer/usr/bin
    export DEVELOPER_DIR\=/Users/ppbuddy/Downloads/Xcode.app/Contents/Developer
    export DEVELOPER_FRAMEWORKS_DIR\=/Users/ppbuddy/Downloads/Xcode.app/Contents/Developer/Library/Frameworks
    export DEVELOPER_FRAMEWORKS_DIR_QUOTED\=/Users/ppbuddy/Downloads/Xcode.app/Contents/Developer/Library/Frameworks
    export DEVELOPER_LIBRARY_DIR\=/Users/ppbuddy/Downloads/Xcode.app/Contents/Developer/Library
    export DEVELOPER_SDK_DIR\=/Users/ppbuddy/Downloads/Xcode.app/Contents/Developer/Platforms/MacOSX.platform/Developer/SDKs
    export DEVELOPER_TOOLS_DIR\=/Users/ppbuddy/Downloads/Xcode.app/Contents/Developer/Tools
    export DEVELOPER_USR_DIR\=/Users/ppbuddy/Downloads/Xcode.app/Contents/Developer/usr
    export DEVELOPMENT_LANGUAGE\=en
    export DIAGNOSE_MISSING_TARGET_DEPENDENCIES\=YES
    export DIFF\=/usr/bin/diff
    export DONT_GENERATE_INFOPLIST_FILE\=NO
    export DSTROOT\=/tmp/Pods.dst
    export DT_TOOLCHAIN_DIR\=/Users/ppbuddy/Downloads/Xcode.app/Contents/Developer/Toolchains/XcodeDefault.xctoolchain
    export DWARF_DSYM_FILE_NAME\=.dSYM
    export DWARF_DSYM_FILE_SHOULD_ACCOMPANY_PRODUCT\=NO
    export DWARF_DSYM_FOLDER_PATH\=/Users/ppbuddy/Library/Developer/Xcode/DerivedData/RewardsPlanners-ekihbxkapylnzgekifxkpyiwfgsu/Build/Products/Debug-iphoneos/hermes-engine
    export DYNAMIC_LIBRARY_EXTENSION\=dylib
    export EAGER_COMPILATION_ALLOW_SCRIPTS\=NO
    export EAGER_LINKING\=NO
    export EFFECTIVE_PLATFORM_NAME\=-iphoneos
    export EMBEDDED_CONTENT_CONTAINS_SWIFT\=NO
    export EMBEDDED_PROFILE_NAME\=embedded.mobileprovision
    export EMBED_ASSET_PACKS_IN_PRODUCT_BUNDLE\=NO
    export ENABLE_APP_SANDBOX\=NO
    export ENABLE_CODE_COVERAGE\=YES
    export ENABLE_CPLUSPLUS_BOUNDS_SAFE_BUFFERS\=NO
    export ENABLE_C_BOUNDS_SAFETY\=NO
    export ENABLE_DEFAULT_HEADER_SEARCH_PATHS\=YES
    export ENABLE_DEFAULT_SEARCH_PATHS\=YES
    export ENABLE_ENHANCED_SECURITY\=NO
    export ENABLE_HARDENED_RUNTIME\=NO
    export ENABLE_HEADER_DEPENDENCIES\=YES
    export ENABLE_INCOMING_NETWORK_CONNECTIONS\=NO
    export ENABLE_ON_DEMAND_RESOURCES\=NO
    export ENABLE_OUTGOING_NETWORK_CONNECTIONS\=NO
    export ENABLE_POINTER_AUTHENTICATION\=NO
    export ENABLE_PREVIEWS\=NO
    export ENABLE_RESOURCE_ACCESS_AUDIO_INPUT\=NO
    export ENABLE_RESOURCE_ACCESS_BLUETOOTH\=NO
    export ENABLE_RESOURCE_ACCESS_CALENDARS\=NO
    export ENABLE_RESOURCE_ACCESS_CAMERA\=NO
    export ENABLE_RESOURCE_ACCESS_CONTACTS\=NO
    export ENABLE_RESOURCE_ACCESS_LOCATION\=NO
    export ENABLE_RESOURCE_ACCESS_PHOTO_LIBRARY\=NO
    export ENABLE_RESOURCE_ACCESS_PRINTING\=NO
    export ENABLE_RESOURCE_ACCESS_USB\=NO
    export ENABLE_SDK_IMPORTS\=NO
    export ENABLE_SECURITY_COMPILER_WARNINGS\=NO
    export ENABLE_STRICT_OBJC_MSGSEND\=YES
    export ENABLE_TESTABILITY\=YES
    export ENABLE_TESTING_SEARCH_PATHS\=NO
    export ENABLE_USER_SCRIPT_SANDBOXING\=NO
    export ENABLE_XOJIT_PREVIEWS\=YES
    export ENFORCE_VALID_ARCHS\=YES
    export ENTITLEMENTS_DESTINATION\=Signature
    export ENTITLEMENTS_REQUIRED\=YES
    export EXCLUDED_INSTALLSRC_SUBDIRECTORY_PATTERNS\=.DS_Store\ .svn\ .git\ .hg\ CVS
    export EXCLUDED_RECURSIVE_SEARCH_PATH_SUBDIRECTORIES\=\*.nib\ \*.lproj\ \*.framework\ \*.gch\ \*.xcode\*\ \*.xcassets\ \*.icon\ \(\*\)\ .DS_Store\ CVS\ .svn\ .git\ .hg\ \*.pbproj\ \*.pbxproj
    export FILE_LIST\=/Users/ppbuddy/Library/Developer/Xcode/DerivedData/RewardsPlanners-ekihbxkapylnzgekifxkpyiwfgsu/Build/Intermediates.noindex/Pods.build/Debug-iphoneos/hermes-engine.build/Objects/LinkFileList
    export FIXED_FILES_DIR\=/Users/ppbuddy/Library/Developer/Xcode/DerivedData/RewardsPlanners-ekihbxkapylnzgekifxkpyiwfgsu/Build/Intermediates.noindex/Pods.build/Debug-iphoneos/hermes-engine.build/FixedFiles
    export FRAMEWORK_SEARCH_PATHS\=\ \"/Users/ppbuddy/Desktop/RewardsPlanner/ios/Pods/hermes-engine/destroot/Library/Frameworks/universal\"\ \"/Users/ppbuddy/Library/Developer/Xcode/DerivedData/RewardsPlanners-ekihbxkapylnzgekifxkpyiwfgsu/Build/Products/Debug-iphoneos/XCFrameworkIntermediates/hermes-engine/Pre-built\"
    export FRAMEWORK_VERSION\=A
    export FUSE_BUILD_PHASES\=YES
    export FUSE_BUILD_SCRIPT_PHASES\=NO
    export GCC3_VERSION\=3.3
    export GCC_C_LANGUAGE_STANDARD\=gnu11
    export GCC_DYNAMIC_NO_PIC\=NO
    export GCC_NO_COMMON_BLOCKS\=YES
    export GCC_OPTIMIZATION_LEVEL\=0
    export GCC_PFE_FILE_C_DIALECTS\=c\ objective-c\ c++\ objective-c++
    export GCC_PREPROCESSOR_DEFINITIONS\=POD_CONFIGURATION_DEBUG\=1\ DEBUG\=1\ \ COCOAPODS\=1\ HERMES_ENABLE_DEBUGGER\=1
    export GCC_THUMB_SUPPORT\=YES
    export GCC_TREAT_WARNINGS_AS_ERRORS\=NO
    export GCC_VERSION\=com.apple.compilers.llvm.clang.1_0
    export GCC_VERSION_IDENTIFIER\=com_apple_compilers_llvm_clang_1_0
    export GCC_WARN_64_TO_32_BIT_CONVERSION\=YES
    export GCC_WARN_ABOUT_RETURN_TYPE\=YES_ERROR
    export GCC_WARN_INHIBIT_ALL_WARNINGS\=YES
    export GCC_WARN_UNDECLARED_SELECTOR\=YES
    export GCC_WARN_UNINITIALIZED_AUTOS\=YES_AGGRESSIVE
    export GCC_WARN_UNUSED_FUNCTION\=YES
    export GCC_WARN_UNUSED_VARIABLE\=YES
    export GENERATED_MODULEMAP_DIR\=/Users/ppbuddy/Library/Developer/Xcode/DerivedData/RewardsPlanners-ekihbxkapylnzgekifxkpyiwfgsu/Build/Intermediates.noindex/GeneratedModuleMaps-iphoneos
    export GENERATE_INFOPLIST_FILE\=NO
    export GENERATE_INTERMEDIATE_TEXT_BASED_STUBS\=YES
    export GENERATE_PKGINFO_FILE\=NO
    export GENERATE_PRELINK_OBJECT_FILE\=NO
    export GENERATE_PROFILING_CODE\=NO
    export GENERATE_TEXT_BASED_STUBS\=NO
    export GID\=20
    export GROUP\=staff
    export HEADERMAP_INCLUDES_FLAT_ENTRIES_FOR_TARGET_BEING_BUILT\=YES
    export HEADERMAP_INCLUDES_FRAMEWORK_ENTRIES_FOR_ALL_PRODUCT_TYPES\=YES
    export HEADERMAP_INCLUDES_FRAMEWORK_ENTRIES_FOR_TARGETS_NOT_BEING_BUILT\=YES
    export HEADERMAP_INCLUDES_NONPUBLIC_NONPRIVATE_HEADERS\=YES
    export HEADERMAP_INCLUDES_PROJECT_HEADERS\=YES
    export HEADERMAP_USES_FRAMEWORK_PREFIX_ENTRIES\=YES
    export HEADERMAP_USES_VFS\=NO
    export HEADER_SEARCH_PATHS\=\ \"/Users/ppbuddy/Desktop/RewardsPlanner/ios/Pods/Headers/Private\"\ \"/Users/ppbuddy/Desktop/RewardsPlanner/ios/Pods/Headers/Private/hermes-engine\"\ \"/Users/ppbuddy/Desktop/RewardsPlanner/ios/Pods/Headers/Public\"\ \"/Users/ppbuddy/Desktop/RewardsPlanner/ios/Pods/Headers/Public/hermes-engine\"
    export HOME\=/Users/ppbuddy
    export HOST_ARCH\=arm64
    export HOST_PLATFORM\=macosx
    export ICONV\=/usr/bin/iconv
    export IMPLICIT_DEPENDENCY_DOMAIN\=default
    export INFOPLIST_ENABLE_CFBUNDLEICONS_MERGE\=YES
    export INFOPLIST_EXPAND_BUILD_SETTINGS\=YES
    export INFOPLIST_OUTPUT_FORMAT\=binary
    export INFOPLIST_PREPROCESS\=NO
    export INLINE_PRIVATE_FRAMEWORKS\=NO
    export INSTALLAPI_IGNORE_SKIP_INSTALL\=YES
    export INSTALLHDRS_COPY_PHASE\=NO
    export INSTALLHDRS_SCRIPT_PHASE\=NO
    export INSTALL_DIR\=/tmp/Pods.dst
    export INSTALL_GROUP\=staff
    export INSTALL_MODE_FLAG\=u+w,go-w,a+rX
    export INSTALL_OWNER\=ppbuddy
    export INSTALL_ROOT\=/tmp/Pods.dst
    export IPHONEOS_DEPLOYMENT_TARGET\=15.1
    export IS_UNOPTIMIZED_BUILD\=YES
    export JAVAC_DEFAULT_FLAGS\=-J-Xms64m\ -J-XX:NewSize\=4M\ -J-Dfile.encoding\=UTF8
    export JAVA_APP_STUB\=/System/Library/Frameworks/JavaVM.framework/Resources/MacOS/JavaApplicationStub
    export JAVA_ARCHIVE_CLASSES\=YES
    export JAVA_ARCHIVE_TYPE\=JAR
    export JAVA_COMPILER\=/usr/bin/javac
    export JAVA_FRAMEWORK_RESOURCES_DIRS\=Resources
    export JAVA_JAR_FLAGS\=cv
    export JAVA_SOURCE_SUBDIR\=.
    export JAVA_USE_DEPENDENCIES\=YES
    export JAVA_ZIP_FLAGS\=-urg
    export JIKES_DEFAULT_FLAGS\=+E\ +OLDCSO
    export KASAN_CFLAGS_CLASSIC\=-DKASAN\=1\ -DKASAN_CLASSIC\=1\ -fsanitize\=address\ -mllvm\ -asan-globals-live-support\ -mllvm\ -asan-force-dynamic-shadow
    export KASAN_CFLAGS_TBI\=-DKASAN\=1\ -DKASAN_TBI\=1\ -fsanitize\=kernel-hwaddress\ -mllvm\ -hwasan-recover\=0\ -mllvm\ -hwasan-instrument-atomics\=0\ -mllvm\ -hwasan-instrument-stack\=1\ -mllvm\ -hwasan-generate-tags-with-calls\=1\ -mllvm\ -hwasan-instrument-with-calls\=1\ -mllvm\ -hwasan-use-short-granules\=0\ -mllvm\ -hwasan-memory-access-callback-prefix\=__asan_
    export KASAN_DEFAULT_CFLAGS\=-DKASAN\=1\ -DKASAN_CLASSIC\=1\ -fsanitize\=address\ -mllvm\ -asan-globals-live-support\ -mllvm\ -asan-force-dynamic-shadow
    export KEEP_PRIVATE_EXTERNS\=NO
    export LD_DEPENDENCY_INFO_FILE\=/Users/ppbuddy/Library/Developer/Xcode/DerivedData/RewardsPlanners-ekihbxkapylnzgekifxkpyiwfgsu/Build/Intermediates.noindex/Pods.build/Debug-iphoneos/hermes-engine.build/Objects-normal/undefined_arch/hermes-engine_dependency_info.dat
    export LD_EXPORT_SYMBOLS\=YES
    export LD_GENERATE_MAP_FILE\=NO
    export LD_MAP_FILE_PATH\=/Users/ppbuddy/Library/Developer/Xcode/DerivedData/RewardsPlanners-ekihbxkapylnzgekifxkpyiwfgsu/Build/Intermediates.noindex/Pods.build/Debug-iphoneos/hermes-engine.build/hermes-engine-LinkMap-normal-undefined_arch.txt
    export LD_NO_PIE\=NO
    export LD_QUOTE_LINKER_ARGUMENTS_FOR_COMPILER_DRIVER\=YES
    export LD_RUNPATH_SEARCH_PATHS\=\ @executable_path/Frameworks
    export LD_SHARED_CACHE_ELIGIBLE\=Automatic
    export LD_WARN_DUPLICATE_LIBRARIES\=NO
    export LD_WARN_UNUSED_DYLIBS\=NO
    export LEGACY_DEVELOPER_DIR\=/Users/ppbuddy/Downloads/Xcode.app/Contents/PlugIns/Xcode3Core.ideplugin/Contents/SharedSupport/Developer
    export LEX\=lex
    export LIBRARY_DEXT_INSTALL_PATH\=/Library/DriverExtensions
    export LIBRARY_FLAG_NOSPACE\=YES
    export LIBRARY_KEXT_INSTALL_PATH\=/Library/Extensions
    export LINKER_DISPLAYS_MANGLED_NAMES\=NO
    export LINK_FILE_LIST_normal_arm64\=/Users/ppbuddy/Library/Developer/Xcode/DerivedData/RewardsPlanners-ekihbxkapylnzgekifxkpyiwfgsu/Build/Intermediates.noindex/Pods.build/Debug-iphoneos/hermes-engine.build/Objects-normal/arm64/hermes-engine.LinkFileList
    export LINK_OBJC_RUNTIME\=YES
    export LINK_WITH_STANDARD_LIBRARIES\=YES
    export LLVM_TARGET_TRIPLE_OS_VERSION\=ios15.1
    export LLVM_TARGET_TRIPLE_VENDOR\=apple
    export LM_AUX_CONST_METADATA_LIST_PATH_normal_arm64\=/Users/ppbuddy/Library/Developer/Xcode/DerivedData/RewardsPlanners-ekihbxkapylnzgekifxkpyiwfgsu/Build/Intermediates.noindex/Pods.build/Debug-iphoneos/hermes-engine.build/Objects-normal/arm64/hermes-engine.SwiftConstValuesFileList
    export LOCALIZATION_EXPORT_SUPPORTED\=YES
    export LOCALIZATION_PREFERS_STRING_CATALOGS\=NO
    export LOCALIZED_STRING_MACRO_NAMES\=NSLocalizedString\ CFCopyLocalizedString
    export LOCALIZED_STRING_SWIFTUI_SUPPORT\=YES
    export LOCAL_ADMIN_APPS_DIR\=/Applications/Utilities
    export LOCAL_APPS_DIR\=/Applications
    export LOCAL_DEVELOPER_DIR\=/Library/Developer
    export LOCAL_LIBRARY_DIR\=/Library
    export LOCROOT\=/Users/ppbuddy/Desktop/RewardsPlanner/ios/Pods
    export LOCSYMROOT\=/Users/ppbuddy/Desktop/RewardsPlanner/ios/Pods
    export MAC_OS_X_PRODUCT_BUILD_VERSION\=24G90
    export MAC_OS_X_VERSION_ACTUAL\=150601
    export MAC_OS_X_VERSION_MAJOR\=150000
    export MAC_OS_X_VERSION_MINOR\=150600
    export MAKE_MERGEABLE\=NO
    export MERGEABLE_LIBRARY\=NO
    export MERGED_BINARY_TYPE\=none
    export MERGE_LINKED_LIBRARIES\=NO
    export METAL_LIBRARY_FILE_BASE\=default
    export METAL_LIBRARY_OUTPUT_DIR\=/Users/ppbuddy/Library/Developer/Xcode/DerivedData/RewardsPlanners-ekihbxkapylnzgekifxkpyiwfgsu/Build/Products/Debug-iphoneos/hermes-engine/
    export MODULE_CACHE_DIR\=/Users/ppbuddy/Library/Developer/Xcode/DerivedData/ModuleCache.noindex
    export MTL_ENABLE_DEBUG_INFO\=INCLUDE_SOURCE
    export MTL_FAST_MATH\=YES
    export NATIVE_ARCH\=arm64
    export NATIVE_ARCH_32_BIT\=arm
    export NATIVE_ARCH_64_BIT\=arm64
    export NATIVE_ARCH_ACTUAL\=arm64
    export NO_COMMON\=YES
    export OBJECT_FILE_DIR\=/Users/ppbuddy/Library/Developer/Xcode/DerivedData/RewardsPlanners-ekihbxkapylnzgekifxkpyiwfgsu/Build/Intermediates.noindex/Pods.build/Debug-iphoneos/hermes-engine.build/Objects
    export OBJECT_FILE_DIR_normal\=/Users/ppbuddy/Library/Developer/Xcode/DerivedData/RewardsPlanners-ekihbxkapylnzgekifxkpyiwfgsu/Build/Intermediates.noindex/Pods.build/Debug-iphoneos/hermes-engine.build/Objects-normal
    export OBJROOT\=/Users/ppbuddy/Library/Developer/Xcode/DerivedData/RewardsPlanners-ekihbxkapylnzgekifxkpyiwfgsu/Build/Intermediates.noindex
    export ONLY_ACTIVE_ARCH\=YES
    export OS\=MACOS
    export OSAC\=/usr/bin/osacompile
    export PASCAL_STRINGS\=YES
    export PATH\=/Users/ppbuddy/Downloads/Xcode.app/Contents/SharedFrameworks/SwiftBuild.framework/Versions/A/PlugIns/SWBBuildService.bundle/Contents/PlugIns/SWBUniversalPlatformPlugin.bundle/Contents/Frameworks/SWBUniversalPlatform.framework/Resources:/Users/ppbuddy/Downloads/Xcode.app/Contents/Developer/Toolchains/XcodeDefault.xctoolchain/usr/bin:/Users/ppbuddy/Downloads/Xcode.app/Contents/Developer/Toolchains/XcodeDefault.xctoolchain/usr/local/bin:/Users/ppbuddy/Downloads/Xcode.app/Contents/Developer/Toolchains/XcodeDefault.xctoolchain/usr/libexec:/Users/ppbuddy/Downloads/Xcode.app/Contents/Developer/Platforms/iPhoneOS.platform/usr/bin:/Users/ppbuddy/Downloads/Xcode.app/Contents/Developer/Platforms/iPhoneOS.platform/usr/local/bin:/Users/ppbuddy/Downloads/Xcode.app/Contents/Developer/Platforms/iPhoneOS.platform/Developer/usr/bin:/Users/ppbuddy/Downloads/Xcode.app/Contents/Developer/Platforms/iPhoneOS.platform/Developer/usr/local/bin:/Users/ppbuddy/Downloads/Xcode.app/Contents/Developer/usr/bin:/Users/ppbuddy/Downloads/Xcode.app/Contents/Developer/usr/local/bin:/Users/ppbuddy/Desktop/RewardsPlanner/node_modules/.bin:/Users/ppbuddy/Desktop/node_modules/.bin:/Users/ppbuddy/node_modules/.bin:/Users/node_modules/.bin:/node_modules/.bin:/Users/ppbuddy/.nvm/versions/node/v22.23.1/lib/node_modules/npm/node_modules/@npmcli/run-script/lib/node-gyp-bin:/Users/ppbuddy/.nvm/versions/node/v22.23.1/bin:/usr/local/mysql-9.0.1-macos14-arm64/bin:/opt/homebrew/bin:/Library/Frameworks/Python.framework/Versions/3.12/bin:/Users/ppbuddy/.console-ninja/.bin:/Users/ppbuddy/Library/Application\ Support/Code/User/globalStorage/github.copilot-chat/debugCommand:/Users/ppbuddy/Library/Application\ Support/Code/User/globalStorage/github.copilot-chat/copilotCli:/opt/homebrew/sbin:/usr/local/bin:/System/Cryptexes/App/usr/bin:/usr/bin:/bin:/usr/sbin:/sbin:/var/run/com.apple.security.cryptexd/codex.system/bootstrap/usr/local/bin:/var/run/com.apple.security.cryptexd/codex.system/bootstrap/usr/bin:/var/run/com.apple.security.cryptexd/codex.system/bootstrap/usr/appleinternal/bin:/Library/Apple/usr/bin:/Users/ppbuddy/.local/bin:/Users/ppbuddy/Library/Android/sdk/platform-tools:/Users/ppbuddy/Library/Android/sdk/emulator:/Users/ppbuddy/.npm-global/bin:/Users/ppbuddy/.vscode/extensions/vscjava.vscode-java-debug-0.59.0/bundled/scripts/noConfigScripts
    export PATH_PREFIXES_EXCLUDED_FROM_HEADER_DEPENDENCIES\=/usr/include\ /usr/local/include\ /System/Library/Frameworks\ /System/Library/PrivateFrameworks\ /Users/ppbuddy/Downloads/Xcode.app/Contents/Developer/Headers\ /Users/ppbuddy/Downloads/Xcode.app/Contents/Developer/SDKs\ /Users/ppbuddy/Downloads/Xcode.app/Contents/Developer/Platforms
    export PER_ARCH_MODULE_FILE_DIR\=/Users/ppbuddy/Library/Developer/Xcode/DerivedData/RewardsPlanners-ekihbxkapylnzgekifxkpyiwfgsu/Build/Intermediates.noindex/Pods.build/Debug-iphoneos/hermes-engine.build/Objects-normal/undefined_arch
    export PER_ARCH_OBJECT_FILE_DIR\=/Users/ppbuddy/Library/Developer/Xcode/DerivedData/RewardsPlanners-ekihbxkapylnzgekifxkpyiwfgsu/Build/Intermediates.noindex/Pods.build/Debug-iphoneos/hermes-engine.build/Objects-normal/undefined_arch
    export PER_VARIANT_OBJECT_FILE_DIR\=/Users/ppbuddy/Library/Developer/Xcode/DerivedData/RewardsPlanners-ekihbxkapylnzgekifxkpyiwfgsu/Build/Intermediates.noindex/Pods.build/Debug-iphoneos/hermes-engine.build/Objects-normal
    export PKGINFO_FILE_PATH\=/Users/ppbuddy/Library/Developer/Xcode/DerivedData/RewardsPlanners-ekihbxkapylnzgekifxkpyiwfgsu/Build/Intermediates.noindex/Pods.build/Debug-iphoneos/hermes-engine.build/PkgInfo
    export PLATFORM_DEVELOPER_APPLICATIONS_DIR\=/Users/ppbuddy/Downloads/Xcode.app/Contents/Developer/Platforms/iPhoneOS.platform/Developer/Applications
    export PLATFORM_DEVELOPER_BIN_DIR\=/Users/ppbuddy/Downloads/Xcode.app/Contents/Developer/Platforms/iPhoneOS.platform/Developer/usr/bin
    export PLATFORM_DEVELOPER_LIBRARY_DIR\=/Users/ppbuddy/Downloads/Xcode.app/Contents/Developer/Platforms/iPhoneOS.platform/Developer/Library
    export PLATFORM_DEVELOPER_SDK_DIR\=/Users/ppbuddy/Downloads/Xcode.app/Contents/Developer/Platforms/iPhoneOS.platform/Developer/SDKs
    export PLATFORM_DEVELOPER_TOOLS_DIR\=/Users/ppbuddy/Downloads/Xcode.app/Contents/Developer/Platforms/iPhoneOS.platform/Developer/Tools
    export PLATFORM_DEVELOPER_USR_DIR\=/Users/ppbuddy/Downloads/Xcode.app/Contents/Developer/Platforms/iPhoneOS.platform/Developer/usr
    export PLATFORM_DIR\=/Users/ppbuddy/Downloads/Xcode.app/Contents/Developer/Platforms/iPhoneOS.platform
    export PLATFORM_DISPLAY_NAME\=iOS
    export PLATFORM_FAMILY_NAME\=iOS
    export PLATFORM_NAME\=iphoneos
    export PLATFORM_PREFERRED_ARCH\=arm64
    export PLATFORM_PRODUCT_BUILD_VERSION\=23A339
    export PLATFORM_REQUIRES_SWIFT_AUTOLINK_EXTRACT\=NO
    export PLATFORM_REQUIRES_SWIFT_MODULEWRAP\=NO
    export PLIST_FILE_OUTPUT_FORMAT\=binary
    export PODS_BUILD_DIR\=/Users/ppbuddy/Library/Developer/Xcode/DerivedData/RewardsPlanners-ekihbxkapylnzgekifxkpyiwfgsu/Build/Products
    export PODS_CONFIGURATION_BUILD_DIR\=/Users/ppbuddy/Library/Developer/Xcode/DerivedData/RewardsPlanners-ekihbxkapylnzgekifxkpyiwfgsu/Build/Products/Debug-iphoneos
    export PODS_DEVELOPMENT_LANGUAGE\=en
    export PODS_ROOT\=/Users/ppbuddy/Desktop/RewardsPlanner/ios/Pods
    export PODS_TARGET_SRCROOT\=/Users/ppbuddy/Desktop/RewardsPlanner/ios/Pods/hermes-engine
    export PODS_XCFRAMEWORKS_BUILD_DIR\=/Users/ppbuddy/Library/Developer/Xcode/DerivedData/RewardsPlanners-ekihbxkapylnzgekifxkpyiwfgsu/Build/Products/Debug-iphoneos/XCFrameworkIntermediates
    export PRECOMPS_INCLUDE_HEADERS_FROM_BUILT_PRODUCTS_DIR\=YES
    export PRECOMP_DESTINATION_DIR\=/Users/ppbuddy/Library/Developer/Xcode/DerivedData/RewardsPlanners-ekihbxkapylnzgekifxkpyiwfgsu/Build/Intermediates.noindex/Pods.build/Debug-iphoneos/hermes-engine.build/PrefixHeaders
    export PROCESSED_INFOPLIST_PATH\=/Users/ppbuddy/Library/Developer/Xcode/DerivedData/RewardsPlanners-ekihbxkapylnzgekifxkpyiwfgsu/Build/Intermediates.noindex/Pods.build/Debug-iphoneos/hermes-engine.build/Objects-normal/undefined_arch/Processed-Info.plist
    export PRODUCT_BUNDLE_IDENTIFIER\=org.cocoapods.hermes-engine
    export PRODUCT_MODULE_NAME\=hermes_engine
    export PRODUCT_NAME\=hermes-engine
    export PRODUCT_SETTINGS_PATH\=
    export PROFILING_CODE\=NO
    export PROJECT\=Pods
    export PROJECT_DERIVED_FILE_DIR\=/Users/ppbuddy/Library/Developer/Xcode/DerivedData/RewardsPlanners-ekihbxkapylnzgekifxkpyiwfgsu/Build/Intermediates.noindex/Pods.build/DerivedSources
    export PROJECT_DIR\=/Users/ppbuddy/Desktop/RewardsPlanner/ios/Pods
    export PROJECT_FILE_PATH\=/Users/ppbuddy/Desktop/RewardsPlanner/ios/Pods/Pods.xcodeproj
    export PROJECT_GUID\=8699adb1dd336b26511df848a716bd42
    export PROJECT_NAME\=Pods
    export PROJECT_TEMP_DIR\=/Users/ppbuddy/Library/Developer/Xcode/DerivedData/RewardsPlanners-ekihbxkapylnzgekifxkpyiwfgsu/Build/Intermediates.noindex/Pods.build
    export PROJECT_TEMP_ROOT\=/Users/ppbuddy/Library/Developer/Xcode/DerivedData/RewardsPlanners-ekihbxkapylnzgekifxkpyiwfgsu/Build/Intermediates.noindex
    export REACT_NATIVE_PATH\=/Users/ppbuddy/Desktop/RewardsPlanner/ios/Pods/../../node_modules/react-native
    export RECOMMENDED_IPHONEOS_DEPLOYMENT_TARGET\=15.0
    export RECURSIVE_SEARCH_PATHS_FOLLOW_SYMLINKS\=YES
    export REMOVE_CVS_FROM_RESOURCES\=YES
    export REMOVE_GIT_FROM_RESOURCES\=YES
    export REMOVE_HEADERS_FROM_EMBEDDED_BUNDLES\=YES
    export REMOVE_HG_FROM_RESOURCES\=YES
    export REMOVE_STATIC_EXECUTABLES_FROM_EMBEDDED_BUNDLES\=YES
    export REMOVE_SVN_FROM_RESOURCES\=YES
    export RESCHEDULE_INDEPENDENT_HEADERS_PHASES\=YES
    export REZ_COLLECTOR_DIR\=/Users/ppbuddy/Library/Developer/Xcode/DerivedData/RewardsPlanners-ekihbxkapylnzgekifxkpyiwfgsu/Build/Intermediates.noindex/Pods.build/Debug-iphoneos/hermes-engine.build/ResourceManagerResources
    export REZ_OBJECTS_DIR\=/Users/ppbuddy/Library/Developer/Xcode/DerivedData/RewardsPlanners-ekihbxkapylnzgekifxkpyiwfgsu/Build/Intermediates.noindex/Pods.build/Debug-iphoneos/hermes-engine.build/ResourceManagerResources/Objects
    export RUNTIME_EXCEPTION_ALLOW_DYLD_ENVIRONMENT_VARIABLES\=NO
    export RUNTIME_EXCEPTION_ALLOW_JIT\=NO
    export RUNTIME_EXCEPTION_ALLOW_UNSIGNED_EXECUTABLE_MEMORY\=NO
    export RUNTIME_EXCEPTION_DEBUGGING_TOOL\=NO
    export RUNTIME_EXCEPTION_DISABLE_EXECUTABLE_PAGE_PROTECTION\=NO
    export RUNTIME_EXCEPTION_DISABLE_LIBRARY_VALIDATION\=NO
    export SCAN_ALL_SOURCE_FILES_FOR_INCLUDES\=NO
    export SCRIPT_INPUT_FILE_COUNT\=0
    export SCRIPT_INPUT_FILE_LIST_COUNT\=0
    export SCRIPT_OUTPUT_FILE_COUNT\=0
    export SCRIPT_OUTPUT_FILE_LIST_COUNT\=0
    export SDKROOT\=/Users/ppbuddy/Downloads/Xcode.app/Contents/Developer/Platforms/iPhoneOS.platform/Developer/SDKs/iPhoneOS26.0.sdk
    export SDK_DIR\=/Users/ppbuddy/Downloads/Xcode.app/Contents/Developer/Platforms/iPhoneOS.platform/Developer/SDKs/iPhoneOS26.0.sdk
    export SDK_DIR_iphoneos\=/Users/ppbuddy/Downloads/Xcode.app/Contents/Developer/Platforms/iPhoneOS.platform/Developer/SDKs/iPhoneOS26.0.sdk
    export SDK_DIR_iphoneos26_0\=/Users/ppbuddy/Downloads/Xcode.app/Contents/Developer/Platforms/iPhoneOS.platform/Developer/SDKs/iPhoneOS26.0.sdk
    export SDK_NAME\=iphoneos26.0
    export SDK_NAMES\=iphoneos26.0
    export SDK_PRODUCT_BUILD_VERSION\=23A339
    export SDK_STAT_CACHE_DIR\=/Users/ppbuddy/Library/Developer/Xcode/DerivedData
    export SDK_STAT_CACHE_ENABLE\=YES
    export SDK_STAT_CACHE_PATH\=/Users/ppbuddy/Library/Developer/Xcode/DerivedData/SDKStatCaches.noindex/iphoneos26.0-23A339-cfb945115f37860d7757e16b6e7976e4.sdkstatcache
    export SDK_VERSION\=26.0
    export SDK_VERSION_ACTUAL\=260000
    export SDK_VERSION_MAJOR\=260000
    export SDK_VERSION_MINOR\=260000
    export SED\=/usr/bin/sed
    export SEPARATE_STRIP\=NO
    export SEPARATE_SYMBOL_EDIT\=NO
    export SET_DIR_MODE_OWNER_GROUP\=YES
    export SET_FILE_MODE_OWNER_GROUP\=NO
    export SHALLOW_BUNDLE\=NO
    export SHARED_DERIVED_FILE_DIR\=/Users/ppbuddy/Library/Developer/Xcode/DerivedData/RewardsPlanners-ekihbxkapylnzgekifxkpyiwfgsu/Build/Products/Debug-iphoneos/hermes-engine/DerivedSources
    export SHARED_PRECOMPS_DIR\=/Users/ppbuddy/Library/Developer/Xcode/DerivedData/RewardsPlanners-ekihbxkapylnzgekifxkpyiwfgsu/Build/Intermediates.noindex/PrecompiledHeaders
    export SKIP_INSTALL\=YES
    export SOURCE_ROOT\=/Users/ppbuddy/Desktop/RewardsPlanner/ios/Pods
    export SRCROOT\=/Users/ppbuddy/Desktop/RewardsPlanner/ios/Pods
    export STRINGSDATA_DIR\=/Users/ppbuddy/Library/Developer/Xcode/DerivedData/RewardsPlanners-ekihbxkapylnzgekifxkpyiwfgsu/Build/Intermediates.noindex/Pods.build/Debug-iphoneos/hermes-engine.build/Objects-normal/undefined_arch
    export STRINGSDATA_ROOT\=/Users/ppbuddy/Library/Developer/Xcode/DerivedData/RewardsPlanners-ekihbxkapylnzgekifxkpyiwfgsu/Build/Intermediates.noindex/Pods.build/Debug-iphoneos/hermes-engine.build
    export STRINGS_FILE_INFOPLIST_RENAME\=YES
    export STRINGS_FILE_OUTPUT_ENCODING\=binary
    export STRING_CATALOG_GENERATE_SYMBOLS\=NO
    export STRIP_BITCODE_FROM_COPIED_FILES\=YES
    export STRIP_INSTALLED_PRODUCT\=NO
    export STRIP_STYLE\=all
    export STRIP_SWIFT_SYMBOLS\=YES
    export SUPPORTED_DEVICE_FAMILIES\=1,2
    export SUPPORTED_PLATFORMS\=iphoneos\ iphonesimulator
    export SUPPORTS_MACCATALYST\=YES
    export SUPPORTS_MAC_DESIGNED_FOR_IPHONE_IPAD\=YES
    export SUPPORTS_TEXT_BASED_API\=NO
    export SUPPORTS_XR_DESIGNED_FOR_IPHONE_IPAD\=YES
    export SUPPRESS_WARNINGS\=NO
    export SWIFT_ACTIVE_COMPILATION_CONDITIONS\=\ DEBUG
    export SWIFT_EMIT_CONST_VALUE_PROTOCOLS\=AppIntent\ EntityQuery\ AppEntity\ TransientEntity\ AppEnum\ AppShortcutProviding\ AppShortcutsProvider\ AnyResolverProviding\ AppIntentsPackage\ DynamicOptionsProvider\ _IntentValueRepresentable\ _AssistantIntentsProvider\ _GenerativeFunctionExtractable\ IntentValueQuery\ Resolver\ AppExtension\ ExtensionPointDefining
    export SWIFT_EMIT_LOC_STRINGS\=NO
    export SWIFT_ENABLE_EXPLICIT_MODULES\=YES
    export SWIFT_OPTIMIZATION_LEVEL\=-Onone
    export SWIFT_PLATFORM_TARGET_PREFIX\=ios
    export SWIFT_RESPONSE_FILE_PATH_normal_arm64\=/Users/ppbuddy/Library/Developer/Xcode/DerivedData/RewardsPlanners-ekihbxkapylnzgekifxkpyiwfgsu/Build/Intermediates.noindex/Pods.build/Debug-iphoneos/hermes-engine.build/Objects-normal/arm64/hermes-engine.SwiftFileList
    export SWIFT_VERSION\=5.0
    export SYMROOT\=/Users/ppbuddy/Library/Developer/Xcode/DerivedData/RewardsPlanners-ekihbxkapylnzgekifxkpyiwfgsu/Build/Products
    export SYSTEM_ADMIN_APPS_DIR\=/Applications/Utilities
    export SYSTEM_APPS_DIR\=/Applications
    export SYSTEM_CORE_SERVICES_DIR\=/System/Library/CoreServices
    export SYSTEM_DEMOS_DIR\=/Applications/Extras
    export SYSTEM_DEVELOPER_APPS_DIR\=/Users/ppbuddy/Downloads/Xcode.app/Contents/Developer/Applications
    export SYSTEM_DEVELOPER_BIN_DIR\=/Users/ppbuddy/Downloads/Xcode.app/Contents/Developer/usr/bin
    export SYSTEM_DEVELOPER_DEMOS_DIR\=/Users/ppbuddy/Downloads/Xcode.app/Contents/Developer/Applications/Utilities/Built\ Examples
    export SYSTEM_DEVELOPER_DIR\=/Users/ppbuddy/Downloads/Xcode.app/Contents/Developer
    export SYSTEM_DEVELOPER_DOC_DIR\=/Users/ppbuddy/Downloads/Xcode.app/Contents/Developer/ADC\ Reference\ Library
    export SYSTEM_DEVELOPER_GRAPHICS_TOOLS_DIR\=/Users/ppbuddy/Downloads/Xcode.app/Contents/Developer/Applications/Graphics\ Tools
    export SYSTEM_DEVELOPER_JAVA_TOOLS_DIR\=/Users/ppbuddy/Downloads/Xcode.app/Contents/Developer/Applications/Java\ Tools
    export SYSTEM_DEVELOPER_PERFORMANCE_TOOLS_DIR\=/Users/ppbuddy/Downloads/Xcode.app/Contents/Developer/Applications/Performance\ Tools
    export SYSTEM_DEVELOPER_RELEASENOTES_DIR\=/Users/ppbuddy/Downloads/Xcode.app/Contents/Developer/ADC\ Reference\ Library/releasenotes
    export SYSTEM_DEVELOPER_TOOLS\=/Users/ppbuddy/Downloads/Xcode.app/Contents/Developer/Tools
    export SYSTEM_DEVELOPER_TOOLS_DOC_DIR\=/Users/ppbuddy/Downloads/Xcode.app/Contents/Developer/ADC\ Reference\ Library/documentation/DeveloperTools
    export SYSTEM_DEVELOPER_TOOLS_RELEASENOTES_DIR\=/Users/ppbuddy/Downloads/Xcode.app/Contents/Developer/ADC\ Reference\ Library/releasenotes/DeveloperTools
    export SYSTEM_DEVELOPER_USR_DIR\=/Users/ppbuddy/Downloads/Xcode.app/Contents/Developer/usr
    export SYSTEM_DEVELOPER_UTILITIES_DIR\=/Users/ppbuddy/Downloads/Xcode.app/Contents/Developer/Applications/Utilities
    export SYSTEM_DEXT_INSTALL_PATH\=/System/Library/DriverExtensions
    export SYSTEM_DOCUMENTATION_DIR\=/Library/Documentation
    export SYSTEM_KEXT_INSTALL_PATH\=/System/Library/Extensions
    export SYSTEM_LIBRARY_DIR\=/System/Library
    export TAPI_DEMANGLE\=YES
    export TAPI_ENABLE_PROJECT_HEADERS\=NO
    export TAPI_LANGUAGE\=objective-c
    export TAPI_LANGUAGE_STANDARD\=compiler-default
    export TAPI_USE_SRCROOT\=YES
    export TAPI_VERIFY_MODE\=Pedantic
    export TARGETED_DEVICE_FAMILY\=1,2
    export TARGETNAME\=hermes-engine
    export TARGET_BUILD_DIR\=/Users/ppbuddy/Library/Developer/Xcode/DerivedData/RewardsPlanners-ekihbxkapylnzgekifxkpyiwfgsu/Build/Products/Debug-iphoneos/hermes-engine
    export TARGET_DEVICE_IDENTIFIER\=00008101-001658210A11001E
    export TARGET_DEVICE_MODEL\=iPhone13,2
    export TARGET_DEVICE_OS_VERSION\=26.5
    export TARGET_DEVICE_PLATFORM_NAME\=iphoneos
    export TARGET_NAME\=hermes-engine
    export TARGET_TEMP_DIR\=/Users/ppbuddy/Library/Developer/Xcode/DerivedData/RewardsPlanners-ekihbxkapylnzgekifxkpyiwfgsu/Build/Intermediates.noindex/Pods.build/Debug-iphoneos/hermes-engine.build
    export TEMP_DIR\=/Users/ppbuddy/Library/Developer/Xcode/DerivedData/RewardsPlanners-ekihbxkapylnzgekifxkpyiwfgsu/Build/Intermediates.noindex/Pods.build/Debug-iphoneos/hermes-engine.build
    export TEMP_FILES_DIR\=/Users/ppbuddy/Library/Developer/Xcode/DerivedData/RewardsPlanners-ekihbxkapylnzgekifxkpyiwfgsu/Build/Intermediates.noindex/Pods.build/Debug-iphoneos/hermes-engine.build
    export TEMP_FILE_DIR\=/Users/ppbuddy/Library/Developer/Xcode/DerivedData/RewardsPlanners-ekihbxkapylnzgekifxkpyiwfgsu/Build/Intermediates.noindex/Pods.build/Debug-iphoneos/hermes-engine.build
    export TEMP_ROOT\=/Users/ppbuddy/Library/Developer/Xcode/DerivedData/RewardsPlanners-ekihbxkapylnzgekifxkpyiwfgsu/Build/Intermediates.noindex
    export TEMP_SANDBOX_DIR\=/Users/ppbuddy/Library/Developer/Xcode/DerivedData/RewardsPlanners-ekihbxkapylnzgekifxkpyiwfgsu/Build/Intermediates.noindex/TemporaryTaskSandboxes
    export TEST_FRAMEWORK_SEARCH_PATHS\=\ /Users/ppbuddy/Downloads/Xcode.app/Contents/Developer/Platforms/iPhoneOS.platform/Developer/Library/Frameworks\ /Users/ppbuddy/Downloads/Xcode.app/Contents/Developer/Platforms/iPhoneOS.platform/Developer/SDKs/iPhoneOS26.0.sdk/Developer/Library/Frameworks
    export TEST_LIBRARY_SEARCH_PATHS\=\ /Users/ppbuddy/Downloads/Xcode.app/Contents/Developer/Platforms/iPhoneOS.platform/Developer/usr/lib
    export TOOLCHAINS\=com.apple.dt.toolchain.XcodeDefault
    export TOOLCHAIN_DIR\=/Users/ppbuddy/Downloads/Xcode.app/Contents/Developer/Toolchains/XcodeDefault.xctoolchain
    export TREAT_MISSING_BASELINES_AS_TEST_FAILURES\=NO
    export TREAT_MISSING_SCRIPT_PHASE_OUTPUTS_AS_ERRORS\=NO
    export UID\=501
    export UNINSTALLED_PRODUCTS_DIR\=/Users/ppbuddy/Library/Developer/Xcode/DerivedData/RewardsPlanners-ekihbxkapylnzgekifxkpyiwfgsu/Build/Intermediates.noindex/UninstalledProducts
    export UNSTRIPPED_PRODUCT\=NO
    export USER\=ppbuddy
    export USER_APPS_DIR\=/Users/ppbuddy/Applications
    export USER_LIBRARY_DIR\=/Users/ppbuddy/Library
    export USE_DYNAMIC_NO_PIC\=YES
    export USE_HEADERMAP\=YES
    export USE_HEADER_SYMLINKS\=NO
    export USE_HERMES\=true
    export USE_RECURSIVE_SCRIPT_INPUTS_IN_SCRIPT_PHASES\=YES
    export VALIDATE_DEVELOPMENT_ASSET_PATHS\=YES_ERROR
    export VALIDATE_PRODUCT\=NO
    export VALID_ARCHS\=arm64\ arm64e\ armv7\ armv7s
    export VERBOSE_PBXCP\=NO
    export VERSION_INFO_BUILDER\=ppbuddy
    export VERSION_INFO_FILE\=hermes-engine_vers.c
    export VERSION_INFO_STRING\=\"@\(\#\)PROGRAM:hermes-engine\ \ PROJECT:Pods-\"
    export WORKSPACE_DIR\=/Users/ppbuddy/Desktop/RewardsPlanner/ios
    export WRAP_ASSET_PACKS_IN_SEPARATE_DIRECTORIES\=NO
    export XCODE_APP_SUPPORT_DIR\=/Users/ppbuddy/Downloads/Xcode.app/Contents/Developer/Library/Xcode
    export XCODE_PRODUCT_BUILD_VERSION\=17A324
    export XCODE_VERSION_ACTUAL\=2600
    export XCODE_VERSION_MAJOR\=2600
    export XCODE_VERSION_MINOR\=2600
    export XPCSERVICES_FOLDER_PATH\=/XPCServices
    export YACC\=yacc
    export _DISCOVER_COMMAND_LINE_LINKER_INPUTS\=YES
    export _DISCOVER_COMMAND_LINE_LINKER_INPUTS_INCLUDE_WL\=YES
    export _LD_MULTIARCH\=YES
    export __DIAGNOSE_DEPRECATED_ARCHS\=YES
    export arch\=undefined_arch
    export variant\=normal
    /bin/sh -c /Users/ppbuddy/Library/Developer/Xcode/DerivedData/RewardsPlanners-ekihbxkapylnzgekifxkpyiwfgsu/Build/Intermediates.noindex/Pods.build/Debug-iphoneos/hermes-engine.build/Script-46EB2E00026AD0.sh

debug Node found at: /Users/ppbuddy/.nvm/versions/node/v22.22.3/bin/node
No previous build detected, but Debug Configuration. No need to replace Hermes engine

debug 

debug ClangStatCache /Users/ppbuddy/Downloads/Xcode.app/Contents/Developer/Toolchains/XcodeDefault.xctoolchain/usr/bin/clang-stat-cache /Users/ppbuddy/Downloads/Xcode.app/Contents/Developer/Platforms/iPhoneOS.platform/Developer/SDKs/iPhoneOS26.0.sdk /Users/ppbuddy/Library/Developer/Xcode/DerivedData/SDKStatCaches.noindex/iphoneos26.0-23A339-cfb945115f37860d7757e16b6e7976e4.sdkstatcache
    cd /Users/ppbuddy/Desktop/RewardsPlanner/ios
    /Users/ppbuddy/Downloads/Xcode.app/Contents/Developer/Toolchains/XcodeDefault.xctoolchain/usr/bin/clang-stat-cache /Users/ppbuddy/Downloads/Xcode.app/Contents/Developer/Platforms/iPhoneOS.platform/Developer/SDKs/iPhoneOS26.0.sdk -o /Users/ppbuddy/Library/Developer/Xcode/DerivedData/SDKStatCaches.noindex/iphoneos26.0-23A339-cfb945115f37860d7757e16b6e7976e4.sdkstatcache

debug 

debug ProcessInfoPlistFile /Users/ppbuddy/Library/Developer/Xcode/DerivedData/RewardsPlanners-ekihbxkapylnzgekifxkpyiwfgsu/Build/Products/Debug-iphoneos/RCT-Folly/RCT-Folly_privacy.bundle/Info.plist /Users/ppbuddy/Desktop/RewardsPlanner/ios/Pods/Target\ Support\ Files/RCT-Folly/ResourceBundle-RCT-Folly_privacy-RCT-Folly-Info.plist (in target 'RCT-Folly-RCT-Folly_privacy' from project 'Pods')
    cd /Users/ppbuddy/Desktop/RewardsPlanner/ios/Pods
    builtin-infoPlistUtility /Users/ppbuddy/Desktop/RewardsPlanner/ios/Pods/Target\ Support\ Files/RCT-Folly/ResourceBundle-RCT-Folly_privacy-RCT-Folly-Info.plist -producttype com.apple.product-type.bundle -expandbuildsettings -format binary -platform iphoneos -requiredArchitecture arm64 -o /Users/ppbuddy/Library/Developer/Xcode/DerivedData/RewardsPlanners-ekihbxkapylnzgekifxkpyiwfgsu/Build/Products/Debug-iphoneos/RCT-Folly/RCT-Folly_privacy.bundle/Info.plist

debug 

debug ProcessInfoPlistFile /Users/ppbuddy/Library/Developer/Xcode/DerivedData/RewardsPlanners-ekihbxkapylnzgekifxkpyiwfgsu/Build/Products/Debug-iphoneos/boost/boost_privacy.bundle/Info.plist /Users/ppbuddy/Desktop/RewardsPlanner/ios/Pods/Target\ Support\ Files/boost/ResourceBundle-boost_privacy-boost-Info.plist (in target 'boost-boost_privacy' from project 'Pods')
    cd /Users/ppbuddy/Desktop/RewardsPlanner/ios/Pods
    builtin-infoPlistUtility /Users/ppbuddy/Desktop/RewardsPlanner/ios/Pods/Target\ Support\ Files/boost/ResourceBundle-boost_privacy-boost-Info.plist -producttype com.apple.product-type.bundle -expandbuildsettings -format binary -platform iphoneos -requiredArchitecture arm64 -o /Users/ppbuddy/Library/Developer/Xcode/DerivedData/RewardsPlanners-ekihbxkapylnzgekifxkpyiwfgsu/Build/Products/Debug-iphoneos/boost/boost_privacy.bundle/Info.plist

debug 

debug ProcessInfoPlistFile /Users/ppbuddy/Library/Developer/Xcode/DerivedData/RewardsPlanners-ekihbxkapylnzgekifxkpyiwfgsu/Build/Products/Debug-iphoneos/glog/glog_privacy.bundle/Info.plist /Users/ppbuddy/Desktop/RewardsPlanner/ios/Pods/Target\ Support\ Files/glog/ResourceBundle-glog_privacy-glog-Info.plist (in target 'glog-glog_privacy' from project 'Pods')
    cd /Users/ppbuddy/Desktop/RewardsPlanner/ios/Pods
    builtin-infoPlistUtility /Users/ppbuddy/Desktop/RewardsPlanner/ios/Pods/Target\ Support\ Files/glog/ResourceBundle-glog_privacy-glog-Info.plist -producttype com.apple.product-type.bundle -expandbuildsettings -format binary -platform iphoneos -requiredArchitecture arm64 -o /Users/ppbuddy/Library/Developer/Xcode/DerivedData/RewardsPlanners-ekihbxkapylnzgekifxkpyiwfgsu/Build/Products/Debug-iphoneos/glog/glog_privacy.bundle/Info.plist

debug 

debug ProcessInfoPlistFile /Users/ppbuddy/Library/Developer/Xcode/DerivedData/RewardsPlanners-ekihbxkapylnzgekifxkpyiwfgsu/Build/Products/Debug-iphoneos/React-Core/React-Core_privacy.bundle/Info.plist /Users/ppbuddy/Desktop/RewardsPlanner/ios/Pods/Target\ Support\ Files/React-Core/ResourceBundle-React-Core_privacy-React-Core-Info.plist (in target 'React-Core-React-Core_privacy' from project 'Pods')
    cd /Users/ppbuddy/Desktop/RewardsPlanner/ios/Pods
    builtin-infoPlistUtility /Users/ppbuddy/Desktop/RewardsPlanner/ios/Pods/Target\ Support\ Files/React-Core/ResourceBundle-React-Core_privacy-React-Core-Info.plist -producttype com.apple.product-type.bundle -expandbuildsettings -format binary -platform iphoneos -requiredArchitecture arm64 -o /Users/ppbuddy/Library/Developer/Xcode/DerivedData/RewardsPlanners-ekihbxkapylnzgekifxkpyiwfgsu/Build/Products/Debug-iphoneos/React-Core/React-Core_privacy.bundle/Info.plist

debug 

debug ProcessInfoPlistFile /Users/ppbuddy/Library/Developer/Xcode/DerivedData/RewardsPlanners-ekihbxkapylnzgekifxkpyiwfgsu/Build/Products/Debug-iphoneos/React-cxxreact/React-cxxreact_privacy.bundle/Info.plist /Users/ppbuddy/Desktop/RewardsPlanner/ios/Pods/Target\ Support\ Files/React-cxxreact/ResourceBundle-React-cxxreact_privacy-React-cxxreact-Info.plist (in target 'React-cxxreact-React-cxxreact_privacy' from project 'Pods')
    cd /Users/ppbuddy/Desktop/RewardsPlanner/ios/Pods
    builtin-infoPlistUtility /Users/ppbuddy/Desktop/RewardsPlanner/ios/Pods/Target\ Support\ Files/React-cxxreact/ResourceBundle-React-cxxreact_privacy-React-cxxreact-Info.plist -producttype com.apple.product-type.bundle -expandbuildsettings -format binary -platform iphoneos -requiredArchitecture arm64 -o /Users/ppbuddy/Library/Developer/Xcode/DerivedData/RewardsPlanners-ekihbxkapylnzgekifxkpyiwfgsu/Build/Products/Debug-iphoneos/React-cxxreact/React-cxxreact_privacy.bundle/Info.plist

debug 

debug note: Run script build phase '[CP-User] [RN]Check FBReactNativeSpec' will be run during every build because the option to run the script phase "Based on dependency analysis" is unchecked. (in target 'React-RCTFBReactNativeSpec' from project 'Pods')

debug PhaseScriptExecution [CP-User]\ [RN]Check\ FBReactNativeSpec /Users/ppbuddy/Library/Developer/Xcode/DerivedData/RewardsPlanners-ekihbxkapylnzgekifxkpyiwfgsu/Build/Intermediates.noindex/Pods.build/Debug-iphoneos/React-RCTFBReactNativeSpec.build/Script-46EB2E00026AA0.sh (in target 'React-RCTFBReactNativeSpec' from project 'Pods')
    cd /Users/ppbuddy/Desktop/RewardsPlanner/ios/Pods
    export ACTION\=build
    export AD_HOC_CODE_SIGNING_ALLOWED\=NO
    export ALLOW_BUILD_REQUEST_OVERRIDES\=NO
    export ALLOW_TARGET_PLATFORM_SPECIALIZATION\=NO
    export ALTERNATE_GROUP\=staff
    export ALTERNATE_MODE\=u+w,go-w,a+rX
    export ALTERNATE_OWNER\=ppbuddy
    export ALTERNATIVE_DISTRIBUTION_WEB\=NO
    export ALWAYS_EMBED_SWIFT_STANDARD_LIBRARIES\=NO
    export ALWAYS_SEARCH_USER_PATHS\=NO
    export ALWAYS_USE_SEPARATE_HEADERMAPS\=NO
    export ANDROID_DEPLOYMENT_TARGET\=21.0
    export APPLICATION_EXTENSION_API_ONLY\=NO
    export APPLY_RULES_IN_COPY_FILES\=NO
    export APPLY_RULES_IN_COPY_HEADERS\=NO
    export APP_SHORTCUTS_ENABLE_FLEXIBLE_MATCHING\=YES
    export ARCHS\=arm64
    export ARCHS_STANDARD\=arm64
    export ARCHS_STANDARD_32_64_BIT\=armv7\ arm64
    export ARCHS_STANDARD_32_BIT\=armv7
    export ARCHS_STANDARD_64_BIT\=arm64
    export ARCHS_STANDARD_INCLUDING_64_BIT\=arm64
    export ARCHS_UNIVERSAL_IPHONE_OS\=armv7\ arm64
    export ASSETCATALOG_FILTER_FOR_DEVICE_MODEL\=iPhone13,2
    export ASSETCATALOG_FILTER_FOR_DEVICE_OS_VERSION\=26.5
    export ASSETCATALOG_FILTER_FOR_THINNING_DEVICE_CONFIGURATION\=iPhone13,2
    export AUTOMATICALLY_MERGE_DEPENDENCIES\=NO
    export AUTOMATION_APPLE_EVENTS\=NO
    export AVAILABLE_PLATFORMS\=android\ appletvos\ appletvsimulator\ driverkit\ iphoneos\ iphonesimulator\ macosx\ qnx\ watchos\ watchsimulator\ webassembly\ xros\ xrsimulator
    export BUILD_ACTIVE_RESOURCES_ONLY\=YES
    export BUILD_COMPONENTS\=headers\ build
    export BUILD_DIR\=/Users/ppbuddy/Library/Developer/Xcode/DerivedData/RewardsPlanners-ekihbxkapylnzgekifxkpyiwfgsu/Build/Products
    export BUILD_LIBRARY_FOR_DISTRIBUTION\=NO
    export BUILD_ROOT\=/Users/ppbuddy/Library/Developer/Xcode/DerivedData/RewardsPlanners-ekihbxkapylnzgekifxkpyiwfgsu/Build/Products
    export BUILD_STYLE\=
    export BUILD_VARIANTS\=normal
    export BUILT_PRODUCTS_DIR\=/Users/ppbuddy/Library/Developer/Xcode/DerivedData/RewardsPlanners-ekihbxkapylnzgekifxkpyiwfgsu/Build/Products/Debug-iphoneos/React-RCTFBReactNativeSpec
    export BUNDLE_CONTENTS_FOLDER_PATH_deep\=Contents/
    export BUNDLE_EXECUTABLE_FOLDER_NAME_deep\=MacOS
    export BUNDLE_EXTENSIONS_FOLDER_PATH\=Extensions
    export BUNDLE_FORMAT\=shallow
    export BUNDLE_FRAMEWORKS_FOLDER_PATH\=Frameworks
    export BUNDLE_PLUGINS_FOLDER_PATH\=PlugIns
    export BUNDLE_PRIVATE_HEADERS_FOLDER_PATH\=PrivateHeaders
    export BUNDLE_PUBLIC_HEADERS_FOLDER_PATH\=Headers
    export CACHE_ROOT\=/var/folders/gk/632pcntd72x4_w0qx45xzwqh0000gn/C/com.apple.DeveloperTools/26.0-17A324/Xcode
    export CCHROOT\=/var/folders/gk/632pcntd72x4_w0qx45xzwqh0000gn/C/com.apple.DeveloperTools/26.0-17A324/Xcode
    export CHMOD\=/bin/chmod
    export CHOWN\=/usr/sbin/chown
    export CLANG_ANALYZER_LOCALIZABILITY_NONLOCALIZED\=YES
    export CLANG_ANALYZER_NONNULL\=YES
    export CLANG_ANALYZER_NUMBER_OBJECT_CONVERSION\=YES_AGGRESSIVE
    export CLANG_CACHE_FINE_GRAINED_OUTPUTS\=YES
    export CLANG_CXX_LANGUAGE_STANDARD\=c++20
    export CLANG_CXX_LIBRARY\=libc++
    export CLANG_ENABLE_EXPLICIT_MODULES\=NO
    export CLANG_ENABLE_MODULES\=YES
    export CLANG_ENABLE_MODULE_DEBUGGING\=NO
    export CLANG_ENABLE_OBJC_ARC\=YES
    export CLANG_ENABLE_OBJC_WEAK\=NO
    export CLANG_MODULES_BUILD_SESSION_FILE\=/Users/ppbuddy/Library/Developer/Xcode/DerivedData/ModuleCache.noindex/Session.modulevalidation
    export CLANG_WARN_BLOCK_CAPTURE_AUTORELEASING\=YES
    export CLANG_WARN_BOOL_CONVERSION\=YES
    export CLANG_WARN_COMMA\=YES
    export CLANG_WARN_CONSTANT_CONVERSION\=YES
    export CLANG_WARN_DEPRECATED_OBJC_IMPLEMENTATIONS\=YES
    export CLANG_WARN_DIRECT_OBJC_ISA_USAGE\=YES_ERROR
    export CLANG_WARN_DOCUMENTATION_COMMENTS\=YES
    export CLANG_WARN_EMPTY_BODY\=YES
    export CLANG_WARN_ENUM_CONVERSION\=YES
    export CLANG_WARN_INFINITE_RECURSION\=YES
    export CLANG_WARN_INT_CONVERSION\=YES
    export CLANG_WARN_NON_LITERAL_NULL_CONVERSION\=YES
    export CLANG_WARN_OBJC_IMPLICIT_RETAIN_SELF\=YES
    export CLANG_WARN_OBJC_LITERAL_CONVERSION\=YES
    export CLANG_WARN_OBJC_ROOT_CLASS\=YES_ERROR
    export CLANG_WARN_QUOTED_INCLUDE_IN_FRAMEWORK_HEADER\=NO
    export CLANG_WARN_RANGE_LOOP_ANALYSIS\=YES
    export CLANG_WARN_STRICT_PROTOTYPES\=YES
    export CLANG_WARN_SUSPICIOUS_MOVE\=YES
    export CLANG_WARN_UNGUARDED_AVAILABILITY\=YES_AGGRESSIVE
    export CLANG_WARN_UNREACHABLE_CODE\=YES
    export CLANG_WARN__DUPLICATE_METHOD_MATCH\=YES
    export CLASS_FILE_DIR\=/Users/ppbuddy/Library/Developer/Xcode/DerivedData/RewardsPlanners-ekihbxkapylnzgekifxkpyiwfgsu/Build/Intermediates.noindex/Pods.build/Debug-iphoneos/React-RCTFBReactNativeSpec.build/JavaClasses
    export CLEAN_PRECOMPS\=YES
    export CLONE_HEADERS\=NO
    export CODESIGNING_FOLDER_PATH\=/Users/ppbuddy/Library/Developer/Xcode/DerivedData/RewardsPlanners-ekihbxkapylnzgekifxkpyiwfgsu/Build/Products/Debug-iphoneos/React-RCTFBReactNativeSpec/libReact-RCTFBReactNativeSpec.a
    export CODE_SIGNING_ALLOWED\=NO
    export CODE_SIGNING_REQUIRED\=YES
    export CODE_SIGN_CONTEXT_CLASS\=XCiPhoneOSCodeSignContext
    export CODE_SIGN_INJECT_BASE_ENTITLEMENTS\=YES
    export COLOR_DIAGNOSTICS\=NO
    export COMBINE_HIDPI_IMAGES\=NO
    export COMPILATION_CACHE_CAS_PATH\=/Users/ppbuddy/Library/Developer/Xcode/DerivedData/CompilationCache.noindex
    export COMPILATION_CACHE_KEEP_CAS_DIRECTORY\=YES
    export COMPILER_INDEX_STORE_ENABLE\=Default
    export COMPOSITE_SDK_DIRS\=/Users/ppbuddy/Library/Developer/Xcode/DerivedData/RewardsPlanners-ekihbxkapylnzgekifxkpyiwfgsu/Build/Intermediates.noindex/CompositeSDKs
    export COMPRESS_PNG_FILES\=YES
    export CONFIGURATION\=Debug
    export CONFIGURATION_BUILD_DIR\=/Users/ppbuddy/Library/Developer/Xcode/DerivedData/RewardsPlanners-ekihbxkapylnzgekifxkpyiwfgsu/Build/Products/Debug-iphoneos/React-RCTFBReactNativeSpec
    export CONFIGURATION_TEMP_DIR\=/Users/ppbuddy/Library/Developer/Xcode/DerivedData/RewardsPlanners-ekihbxkapylnzgekifxkpyiwfgsu/Build/Intermediates.noindex/Pods.build/Debug-iphoneos
    export COPYING_PRESERVES_HFS_DATA\=NO
    export COPY_HEADERS_RUN_UNIFDEF\=NO
    export COPY_PHASE_STRIP\=NO
    export CORRESPONDING_SIMULATOR_PLATFORM_DIR\=/Users/ppbuddy/Downloads/Xcode.app/Contents/Developer/Platforms/iPhoneSimulator.platform
    export CORRESPONDING_SIMULATOR_PLATFORM_NAME\=iphonesimulator
    export CORRESPONDING_SIMULATOR_SDK_DIR\=/Users/ppbuddy/Downloads/Xcode.app/Contents/Developer/Platforms/iPhoneSimulator.platform/Developer/SDKs/iPhoneSimulator26.0.sdk
    export CORRESPONDING_SIMULATOR_SDK_NAME\=iphonesimulator26.0
    export CP\=/bin/cp
    export CREATE_INFOPLIST_SECTION_IN_BINARY\=NO
    export CURRENT_ARCH\=undefined_arch
    export CURRENT_VARIANT\=normal
    export DEAD_CODE_STRIPPING\=YES
    export DEBUGGING_SYMBOLS\=YES
    export DEBUG_INFORMATION_FORMAT\=dwarf
    export DEBUG_INFORMATION_VERSION\=compiler-default
    export DEFAULT_COMPILER\=com.apple.compilers.llvm.clang.1_0
    export DEFAULT_DEXT_INSTALL_PATH\=/System/Library/DriverExtensions
    export DEFAULT_KEXT_INSTALL_PATH\=/System/Library/Extensions
    export DEFINES_MODULE\=NO
    export DEPLOYMENT_LOCATION\=NO
    export DEPLOYMENT_POSTPROCESSING\=NO
    export DEPLOYMENT_TARGET_SETTING_NAME\=IPHONEOS_DEPLOYMENT_TARGET
    export DEPLOYMENT_TARGET_SUGGESTED_VALUES\=12.0\ 12.1\ 12.2\ 12.3\ 12.4\ 13.0\ 13.1\ 13.2\ 13.3\ 13.4\ 13.5\ 13.6\ 14.0\ 14.1\ 14.2\ 14.3\ 14.4\ 14.5\ 14.6\ 14.7\ 15.0\ 15.1\ 15.2\ 15.3\ 15.4\ 15.5\ 15.6\ 16.0\ 16.1\ 16.2\ 16.3\ 16.4\ 16.5\ 16.6\ 17.0\ 17.1\ 17.2\ 17.3\ 17.4\ 17.5\ 17.6\ 18.0\ 18.1\ 18.2\ 18.3\ 18.4\ 18.5\ 18.6\ 26.0
    export DERIVED_FILES_DIR\=/Users/ppbuddy/Library/Developer/Xcode/DerivedData/RewardsPlanners-ekihbxkapylnzgekifxkpyiwfgsu/Build/Intermediates.noindex/Pods.build/Debug-iphoneos/React-RCTFBReactNativeSpec.build/DerivedSources
    export DERIVED_FILE_DIR\=/Users/ppbuddy/Library/Developer/Xcode/DerivedData/RewardsPlanners-ekihbxkapylnzgekifxkpyiwfgsu/Build/Intermediates.noindex/Pods.build/Debug-iphoneos/React-RCTFBReactNativeSpec.build/DerivedSources
    export DERIVED_SOURCES_DIR\=/Users/ppbuddy/Library/Developer/Xcode/DerivedData/RewardsPlanners-ekihbxkapylnzgekifxkpyiwfgsu/Build/Intermediates.noindex/Pods.build/Debug-iphoneos/React-RCTFBReactNativeSpec.build/DerivedSources
    export DERIVE_MACCATALYST_PRODUCT_BUNDLE_IDENTIFIER\=NO
    export DEVELOPER_APPLICATIONS_DIR\=/Users/ppbuddy/Downloads/Xcode.app/Contents/Developer/Applications
    export DEVELOPER_BIN_DIR\=/Users/ppbuddy/Downloads/Xcode.app/Contents/Developer/usr/bin
    export DEVELOPER_DIR\=/Users/ppbuddy/Downloads/Xcode.app/Contents/Developer
    export DEVELOPER_FRAMEWORKS_DIR\=/Users/ppbuddy/Downloads/Xcode.app/Contents/Developer/Library/Frameworks
    export DEVELOPER_FRAMEWORKS_DIR_QUOTED\=/Users/ppbuddy/Downloads/Xcode.app/Contents/Developer/Library/Frameworks
    export DEVELOPER_LIBRARY_DIR\=/Users/ppbuddy/Downloads/Xcode.app/Contents/Developer/Library
    export DEVELOPER_SDK_DIR\=/Users/ppbuddy/Downloads/Xcode.app/Contents/Developer/Platforms/MacOSX.platform/Developer/SDKs
    export DEVELOPER_TOOLS_DIR\=/Users/ppbuddy/Downloads/Xcode.app/Contents/Developer/Tools
    export DEVELOPER_USR_DIR\=/Users/ppbuddy/Downloads/Xcode.app/Contents/Developer/usr
    export DEVELOPMENT_LANGUAGE\=en
    export DIAGNOSE_MISSING_TARGET_DEPENDENCIES\=YES
    export DIFF\=/usr/bin/diff
    export DONT_GENERATE_INFOPLIST_FILE\=NO
    export DSTROOT\=/tmp/Pods.dst
    export DT_TOOLCHAIN_DIR\=/Users/ppbuddy/Downloads/Xcode.app/Contents/Developer/Toolchains/XcodeDefault.xctoolchain
    export DWARF_DSYM_FILE_NAME\=libReact-RCTFBReactNativeSpec.a.dSYM
    export DWARF_DSYM_FILE_SHOULD_ACCOMPANY_PRODUCT\=NO
    export DWARF_DSYM_FOLDER_PATH\=/Users/ppbuddy/Library/Developer/Xcode/DerivedData/RewardsPlanners-ekihbxkapylnzgekifxkpyiwfgsu/Build/Products/Debug-iphoneos/React-RCTFBReactNativeSpec
    export DYNAMIC_LIBRARY_EXTENSION\=dylib
    export EAGER_COMPILATION_ALLOW_SCRIPTS\=NO
    export EAGER_LINKING\=NO
    export EFFECTIVE_PLATFORM_NAME\=-iphoneos
    export EMBEDDED_CONTENT_CONTAINS_SWIFT\=NO
    export EMBEDDED_PROFILE_NAME\=embedded.mobileprovision
    export EMBED_ASSET_PACKS_IN_PRODUCT_BUNDLE\=NO
    export ENABLE_APP_SANDBOX\=NO
    export ENABLE_CODE_COVERAGE\=YES
    export ENABLE_CPLUSPLUS_BOUNDS_SAFE_BUFFERS\=NO
    export ENABLE_C_BOUNDS_SAFETY\=NO
    export ENABLE_DEFAULT_HEADER_SEARCH_PATHS\=YES
    export ENABLE_DEFAULT_SEARCH_PATHS\=YES
    export ENABLE_ENHANCED_SECURITY\=NO
    export ENABLE_HARDENED_RUNTIME\=NO
    export ENABLE_HEADER_DEPENDENCIES\=YES
    export ENABLE_INCOMING_NETWORK_CONNECTIONS\=NO
    export ENABLE_MODULE_VERIFIER\=NO
    export ENABLE_ON_DEMAND_RESOURCES\=NO
    export ENABLE_OUTGOING_NETWORK_CONNECTIONS\=NO
    export ENABLE_POINTER_AUTHENTICATION\=NO
    export ENABLE_PREVIEWS\=NO
    export ENABLE_RESOURCE_ACCESS_AUDIO_INPUT\=NO
    export ENABLE_RESOURCE_ACCESS_BLUETOOTH\=NO
    export ENABLE_RESOURCE_ACCESS_CALENDARS\=NO
    export ENABLE_RESOURCE_ACCESS_CAMERA\=NO
    export ENABLE_RESOURCE_ACCESS_CONTACTS\=NO
    export ENABLE_RESOURCE_ACCESS_LOCATION\=NO
    export ENABLE_RESOURCE_ACCESS_PHOTO_LIBRARY\=NO
    export ENABLE_RESOURCE_ACCESS_PRINTING\=NO
    export ENABLE_RESOURCE_ACCESS_USB\=NO
    export ENABLE_SDK_IMPORTS\=NO
    export ENABLE_SECURITY_COMPILER_WARNINGS\=NO
    export ENABLE_STRICT_OBJC_MSGSEND\=YES
    export ENABLE_TESTABILITY\=YES
    export ENABLE_TESTING_SEARCH_PATHS\=NO
    export ENABLE_USER_SCRIPT_SANDBOXING\=NO
    export ENABLE_XOJIT_PREVIEWS\=YES
    export ENFORCE_VALID_ARCHS\=YES
    export ENTITLEMENTS_DESTINATION\=Signature
    export ENTITLEMENTS_REQUIRED\=YES
    export EXCLUDED_INSTALLSRC_SUBDIRECTORY_PATTERNS\=.DS_Store\ .svn\ .git\ .hg\ CVS
    export EXCLUDED_RECURSIVE_SEARCH_PATH_SUBDIRECTORIES\=\*.nib\ \*.lproj\ \*.framework\ \*.gch\ \*.xcode\*\ \*.xcassets\ \*.icon\ \(\*\)\ .DS_Store\ CVS\ .svn\ .git\ .hg\ \*.pbproj\ \*.pbxproj
    export EXECUTABLE_EXTENSION\=a
    export EXECUTABLE_NAME\=libReact-RCTFBReactNativeSpec.a
    export EXECUTABLE_PATH\=libReact-RCTFBReactNativeSpec.a
    export EXECUTABLE_PREFIX\=lib
    export EXECUTABLE_SUFFIX\=.a
    export FILE_LIST\=/Users/ppbuddy/Library/Developer/Xcode/DerivedData/RewardsPlanners-ekihbxkapylnzgekifxkpyiwfgsu/Build/Intermediates.noindex/Pods.build/Debug-iphoneos/React-RCTFBReactNativeSpec.build/Objects/LinkFileList
    export FIXED_FILES_DIR\=/Users/ppbuddy/Library/Developer/Xcode/DerivedData/RewardsPlanners-ekihbxkapylnzgekifxkpyiwfgsu/Build/Intermediates.noindex/Pods.build/Debug-iphoneos/React-RCTFBReactNativeSpec.build/FixedFiles
    export FRAMEWORK_FLAG_PREFIX\=-framework
    export FRAMEWORK_SEARCH_PATHS\=/Users/ppbuddy/Library/Developer/Xcode/DerivedData/RewardsPlanners-ekihbxkapylnzgekifxkpyiwfgsu/Build/Products/Debug-iphoneos/React-RCTFBReactNativeSpec\ \ \"/Users/ppbuddy/Desktop/RewardsPlanner/ios/Pods/hermes-engine/destroot/Library/Frameworks/universal\"\ \"/Users/ppbuddy/Library/Developer/Xcode/DerivedData/RewardsPlanners-ekihbxkapylnzgekifxkpyiwfgsu/Build/Products/Debug-iphoneos/XCFrameworkIntermediates/hermes-engine/Pre-built\"
    export FRAMEWORK_VERSION\=A
    export FULL_PRODUCT_NAME\=libReact-RCTFBReactNativeSpec.a
    export FUSE_BUILD_PHASES\=YES
    export FUSE_BUILD_SCRIPT_PHASES\=NO
    export GCC3_VERSION\=3.3
    export GCC_C_LANGUAGE_STANDARD\=gnu11
    export GCC_DYNAMIC_NO_PIC\=NO
    export GCC_NO_COMMON_BLOCKS\=YES
    export GCC_OPTIMIZATION_LEVEL\=0
    export GCC_PFE_FILE_C_DIALECTS\=c\ objective-c\ c++\ objective-c++
    export GCC_PREFIX_HEADER\=Target\ Support\ Files/React-RCTFBReactNativeSpec/React-RCTFBReactNativeSpec-prefix.pch
    export GCC_PREPROCESSOR_DEFINITIONS\=POD_CONFIGURATION_DEBUG\=1\ DEBUG\=1\ \ COCOAPODS\=1
    export GCC_THUMB_SUPPORT\=YES
    export GCC_TREAT_WARNINGS_AS_ERRORS\=NO
    export GCC_VERSION\=com.apple.compilers.llvm.clang.1_0
    export GCC_VERSION_IDENTIFIER\=com_apple_compilers_llvm_clang_1_0
    export GCC_WARN_64_TO_32_BIT_CONVERSION\=YES
    export GCC_WARN_ABOUT_RETURN_TYPE\=YES_ERROR
    export GCC_WARN_UNDECLARED_SELECTOR\=YES
    export GCC_WARN_UNINITIALIZED_AUTOS\=YES_AGGRESSIVE
    export GCC_WARN_UNUSED_FUNCTION\=YES
    export GCC_WARN_UNUSED_VARIABLE\=YES
    export GENERATED_MODULEMAP_DIR\=/Users/ppbuddy/Library/Developer/Xcode/DerivedData/RewardsPlanners-ekihbxkapylnzgekifxkpyiwfgsu/Build/Intermediates.noindex/GeneratedModuleMaps-iphoneos
    export GENERATE_INFOPLIST_FILE\=NO
    export GENERATE_INTERMEDIATE_TEXT_BASED_STUBS\=YES
    export GENERATE_PKGINFO_FILE\=NO
    export GENERATE_PRELINK_OBJECT_FILE\=NO
    export GENERATE_PROFILING_CODE\=NO
    export GENERATE_TEXT_BASED_STUBS\=NO
    export GID\=20
    export GROUP\=staff
    export HEADERMAP_INCLUDES_FLAT_ENTRIES_FOR_TARGET_BEING_BUILT\=YES
    export HEADERMAP_INCLUDES_FRAMEWORK_ENTRIES_FOR_ALL_PRODUCT_TYPES\=YES
    export HEADERMAP_INCLUDES_FRAMEWORK_ENTRIES_FOR_TARGETS_NOT_BEING_BUILT\=YES
    export HEADERMAP_INCLUDES_NONPUBLIC_NONPRIVATE_HEADERS\=YES
    export HEADERMAP_INCLUDES_PROJECT_HEADERS\=YES
    export HEADERMAP_USES_FRAMEWORK_PREFIX_ENTRIES\=YES
    export HEADERMAP_USES_VFS\=NO
    export HEADER_SEARCH_PATHS\=/Users/ppbuddy/Library/Developer/Xcode/DerivedData/RewardsPlanners-ekihbxkapylnzgekifxkpyiwfgsu/Build/Products/Debug-iphoneos/React-RCTFBReactNativeSpec/include\ \ \"/Users/ppbuddy/Desktop/RewardsPlanner/ios/Pods/Headers/Private\"\ \"/Users/ppbuddy/Desktop/RewardsPlanner/ios/Pods/Headers/Private/React-RCTFBReactNativeSpec\"\ \"/Users/ppbuddy/Desktop/RewardsPlanner/ios/Pods/Headers/Public\"\ \"/Users/ppbuddy/Desktop/RewardsPlanner/ios/Pods/Headers/Public/DoubleConversion\"\ \"/Users/ppbuddy/Desktop/RewardsPlanner/ios/Pods/Headers/Public/FBLazyVector\"\ \"/Users/ppbuddy/Desktop/RewardsPlanner/ios/Pods/Headers/Public/RCT-Folly\"\ \"/Users/ppbuddy/Desktop/RewardsPlanner/ios/Pods/Headers/Public/RCTDeprecation\"\ \"/Users/ppbuddy/Desktop/RewardsPlanner/ios/Pods/Headers/Public/RCTRequired\"\ \"/Users/ppbuddy/Desktop/RewardsPlanner/ios/Pods/Headers/Public/RCTTypeSafety\"\ \"/Users/ppbuddy/Desktop/RewardsPlanner/ios/Pods/Headers/Public/React-Core\"\ \"/Users/ppbuddy/Desktop/RewardsPlanner/ios/Pods/Headers/Public/React-Fabric\"\ \"/Users/ppbuddy/Desktop/RewardsPlanner/ios/Pods/Headers/Public/React-NativeModulesApple\"\ \"/Users/ppbuddy/Desktop/RewardsPlanner/ios/Pods/Headers/Public/React-RCTFBReactNativeSpec\"\ \"/Users/ppbuddy/Desktop/RewardsPlanner/ios/Pods/Headers/Public/React-callinvoker\"\ \"/Users/ppbuddy/Desktop/RewardsPlanner/ios/Pods/Headers/Public/React-cxxreact\"\ \"/Users/ppbuddy/Desktop/RewardsPlanner/ios/Pods/Headers/Public/React-debug\"\ \"/Users/ppbuddy/Desktop/RewardsPlanner/ios/Pods/Headers/Public/React-featureflags\"\ \"/Users/ppbuddy/Desktop/RewardsPlanner/ios/Pods/Headers/Public/React-graphics\"\ \"/Users/ppbuddy/Desktop/RewardsPlanner/ios/Pods/Headers/Public/React-hermes\"\ \"/Users/ppbuddy/Desktop/RewardsPlanner/ios/Pods/Headers/Public/React-jsi\"\ \"/Users/ppbuddy/Desktop/RewardsPlanner/ios/Pods/Headers/Public/React-jsiexecutor\"\ \"/Users/ppbuddy/Desktop/RewardsPlanner/ios/Pods/Headers/Public/React-jsinspector\"\ \"/Users/ppbuddy/Desktop/RewardsPlanner/ios/Pods/Headers/Public/React-jsinspectorcdp\"\ \"/Users/ppbuddy/Desktop/RewardsPlanner/ios/Pods/Headers/Public/React-jsinspectornetwork\"\ \"/Users/ppbuddy/Desktop/RewardsPlanner/ios/Pods/Headers/Public/React-jsinspectortracing\"\ \"/Users/ppbuddy/Desktop/RewardsPlanner/ios/Pods/Headers/Public/React-jsitooling\"\ \"/Users/ppbuddy/Desktop/RewardsPlanner/ios/Pods/Headers/Public/React-logger\"\ \"/Users/ppbuddy/Desktop/RewardsPlanner/ios/Pods/Headers/Public/React-oscompat\"\ \"/Users/ppbuddy/Desktop/RewardsPlanner/ios/Pods/Headers/Public/React-perflogger\"\ \"/Users/ppbuddy/Desktop/RewardsPlanner/ios/Pods/Headers/Public/React-performancecdpmetrics\"\ \"/Users/ppbuddy/Desktop/RewardsPlanner/ios/Pods/Headers/Public/React-performancetimeline\"\ \"/Users/ppbuddy/Desktop/RewardsPlanner/ios/Pods/Headers/Public/React-rendererconsistency\"\ \"/Users/ppbuddy/Desktop/RewardsPlanner/ios/Pods/Headers/Public/React-renderercss\"\ \"/Users/ppbuddy/Desktop/RewardsPlanner/ios/Pods/Headers/Public/React-rendererdebug\"\ \"/Users/ppbuddy/Desktop/RewardsPlanner/ios/Pods/Headers/Public/React-runtimeexecutor\"\ \"/Users/ppbuddy/Desktop/RewardsPlanner/ios/Pods/Headers/Public/React-runtimescheduler\"\ \"/Users/ppbuddy/Desktop/RewardsPlanner/ios/Pods/Headers/Public/React-timing\"\ \"/Users/ppbuddy/Desktop/RewardsPlanner/ios/Pods/Headers/Public/React-utils\"\ \"/Users/ppbuddy/Desktop/RewardsPlanner/ios/Pods/Headers/Public/ReactCommon\"\ \"/Users/ppbuddy/Desktop/RewardsPlanner/ios/Pods/Headers/Public/SocketRocket\"\ \"/Users/ppbuddy/Desktop/RewardsPlanner/ios/Pods/Headers/Public/Yoga\"\ \"/Users/ppbuddy/Desktop/RewardsPlanner/ios/Pods/Headers/Public/boost\"\ \"/Users/ppbuddy/Desktop/RewardsPlanner/ios/Pods/Headers/Public/fast_float\"\ \"/Users/ppbuddy/Desktop/RewardsPlanner/ios/Pods/Headers/Public/fmt\"\ \"/Users/ppbuddy/Desktop/RewardsPlanner/ios/Pods/Headers/Public/glog\"\ \"/Users/ppbuddy/Desktop/RewardsPlanner/ios/Pods/Headers/Public/hermes-engine\"\ \"/Users/ppbuddy/Desktop/RewardsPlanner/ios/Pods/../../node_modules/react-native/React/FBReactNativeSpec\"\ \"/Users/ppbuddy/Desktop/RewardsPlanner/ios/Pods/Headers/Private/Yoga\"\ \"/Users/ppbuddy/Library/Developer/Xcode/DerivedData/RewardsPlanners-ekihbxkapylnzgekifxkpyiwfgsu/Build/Products/Debug-iphoneos/ReactCommon/ReactCommon.framework/Headers\"\ \"/Users/ppbuddy/Library/Developer/Xcode/DerivedData/RewardsPlanners-ekihbxkapylnzgekifxkpyiwfgsu/Build/Products/Debug-iphoneos/ReactCommon/ReactCommon.framework/Headers/react/nativemodule/core\"\ \"/Users/ppbuddy/Library/Developer/Xcode/DerivedData/RewardsPlanners-ekihbxkapylnzgekifxkpyiwfgsu/Build/Products/Debug-iphoneos/ReactCommon/ReactCommon.framework/Headers\"\ \"/Users/ppbuddy/Library/Developer/Xcode/DerivedData/RewardsPlanners-ekihbxkapylnzgekifxkpyiwfgsu/Build/Products/Debug-iphoneos/ReactCommon/ReactCommon.framework/Headers/react/nativemodule/bridging\"\ /Users/ppbuddy/Desktop/RewardsPlanner/ios/Pods/glog\ /Users/ppbuddy/Desktop/RewardsPlanner/ios/Pods/boost\ /Users/ppbuddy/Desktop/RewardsPlanner/ios/Pods/DoubleConversion\ /Users/ppbuddy/Desktop/RewardsPlanner/ios/Pods/fast_float/include\ /Users/ppbuddy/Desktop/RewardsPlanner/ios/Pods/fmt/include\ /Users/ppbuddy/Desktop/RewardsPlanner/ios/Pods/SocketRocket\ /Users/ppbuddy/Desktop/RewardsPlanner/ios/Pods/RCT-Folly\ \"/Users/ppbuddy/Desktop/RewardsPlanner/ios/Pods/../../node_modules/react-native/React/FBReactNativeSpec\"\ \"/Users/ppbuddy/Desktop/RewardsPlanner/ios/Pods/Headers/Private/Yoga\"\ \"/Users/ppbuddy/Library/Developer/Xcode/DerivedData/RewardsPlanners-ekihbxkapylnzgekifxkpyiwfgsu/Build/Products/Debug-iphoneos/ReactCommon/ReactCommon.framework/Headers\"\ \"/Users/ppbuddy/Library/Developer/Xcode/DerivedData/RewardsPlanners-ekihbxkapylnzgekifxkpyiwfgsu/Build/Products/Debug-iphoneos/ReactCommon/ReactCommon.framework/Headers/react/nativemodule/core\"\ \"/Users/ppbuddy/Library/Developer/Xcode/DerivedData/RewardsPlanners-ekihbxkapylnzgekifxkpyiwfgsu/Build/Products/Debug-iphoneos/ReactCommon/ReactCommon.framework/Headers\"\ \"/Users/ppbuddy/Library/Developer/Xcode/DerivedData/RewardsPlanners-ekihbxkapylnzgekifxkpyiwfgsu/Build/Products/Debug-iphoneos/ReactCommon/ReactCommon.framework/Headers/react/nativemodule/bridging\"\ /Users/ppbuddy/Desktop/RewardsPlanner/ios/Pods/glog\ /Users/ppbuddy/Desktop/RewardsPlanner/ios/Pods/boost\ /Users/ppbuddy/Desktop/RewardsPlanner/ios/Pods/DoubleConversion\ /Users/ppbuddy/Desktop/RewardsPlanner/ios/Pods/fast_float/include\ /Users/ppbuddy/Desktop/RewardsPlanner/ios/Pods/fmt/include\ /Users/ppbuddy/Desktop/RewardsPlanner/ios/Pods/SocketRocket\ /Users/ppbuddy/Desktop/RewardsPlanner/ios/Pods/RCT-Folly\ \"/Users/ppbuddy/Library/Developer/Xcode/DerivedData/RewardsPlanners-ekihbxkapylnzgekifxkpyiwfgsu/Build/Products/Debug-iphoneos/React-featureflags/React_featureflags.framework/Headers\"\ \"/Users/ppbuddy/Library/Developer/Xcode/DerivedData/RewardsPlanners-ekihbxkapylnzgekifxkpyiwfgsu/Build/Products/Debug-iphoneos/React-debug/React_debug.framework/Headers\"\ \"/Users/ppbuddy/Library/Developer/Xcode/DerivedData/RewardsPlanners-ekihbxkapylnzgekifxkpyiwfgsu/Build/Products/Debug-iphoneos/React-rendererdebug/React_rendererdebug.framework/Headers\"\ \"/Users/ppbuddy/Library/Developer/Xcode/DerivedData/RewardsPlanners-ekihbxkapylnzgekifxkpyiwfgsu/Build/Products/Debug-iphoneos/React-utils/React_utils.framework/Headers\"\ \"/Users/ppbuddy/Library/Developer/Xcode/DerivedData/RewardsPlanners-ekihbxkapylnzgekifxkpyiwfgsu/Build/Products/Debug-iphoneos/React-graphics/React_graphics.framework/Headers\"\ \"/Users/ppbuddy/Library/Developer/Xcode/DerivedData/RewardsPlanners-ekihbxkapylnzgekifxkpyiwfgsu/Build/Products/Debug-iphoneos/React-graphics/React_graphics.framework/Headers/react/renderer/graphics/platform/ios\"\ \"/Users/ppbuddy/Library/Developer/Xcode/DerivedData/RewardsPlanners-ekihbxkapylnzgekifxkpyiwfgsu/Build/Products/Debug-iphoneos/React-Fabric/React_Fabric.framework/Headers\"\ \"/Users/ppbuddy/Library/Developer/Xcode/DerivedData/RewardsPlanners-ekihbxkapylnzgekifxkpyiwfgsu/Build/Products/Debug-iphoneos/React-Fabric/React_Fabric.framework/Headers/react/renderer/components/view/platform/cxx\"
    export HOME\=/Users/ppbuddy
    export HOST_ARCH\=arm64
    export HOST_PLATFORM\=macosx
    export ICONV\=/usr/bin/iconv
    export IMPLICIT_DEPENDENCY_DOMAIN\=default
    export INFOPLIST_ENABLE_CFBUNDLEICONS_MERGE\=YES
    export INFOPLIST_EXPAND_BUILD_SETTINGS\=YES
    export INFOPLIST_OUTPUT_FORMAT\=binary
    export INFOPLIST_PREPROCESS\=NO
    export INLINE_PRIVATE_FRAMEWORKS\=NO
    export INSTALLAPI_IGNORE_SKIP_INSTALL\=YES
    export INSTALLHDRS_COPY_PHASE\=NO
    export INSTALLHDRS_SCRIPT_PHASE\=NO
    export INSTALL_DIR\=/tmp/Pods.dst/usr/local/lib
    export INSTALL_GROUP\=staff
    export INSTALL_MODE_FLAG\=u+w,go-w,a+rX
    export INSTALL_OWNER\=ppbuddy
    export INSTALL_PATH\=/usr/local/lib
    export INSTALL_ROOT\=/tmp/Pods.dst
    export IPHONEOS_DEPLOYMENT_TARGET\=15.1
    export IS_UNOPTIMIZED_BUILD\=YES
    export JAVAC_DEFAULT_FLAGS\=-J-Xms64m\ -J-XX:NewSize\=4M\ -J-Dfile.encoding\=UTF8
    export JAVA_APP_STUB\=/System/Library/Frameworks/JavaVM.framework/Resources/MacOS/JavaApplicationStub
    export JAVA_ARCHIVE_CLASSES\=YES
    export JAVA_ARCHIVE_TYPE\=JAR
    export JAVA_COMPILER\=/usr/bin/javac
    export JAVA_FRAMEWORK_RESOURCES_DIRS\=Resources
    export JAVA_JAR_FLAGS\=cv
    export JAVA_SOURCE_SUBDIR\=.
    export JAVA_USE_DEPENDENCIES\=YES
    export JAVA_ZIP_FLAGS\=-urg
    export JIKES_DEFAULT_FLAGS\=+E\ +OLDCSO
    export KASAN_CFLAGS_CLASSIC\=-DKASAN\=1\ -DKASAN_CLASSIC\=1\ -fsanitize\=address\ -mllvm\ -asan-globals-live-support\ -mllvm\ -asan-force-dynamic-shadow
    export KASAN_CFLAGS_TBI\=-DKASAN\=1\ -DKASAN_TBI\=1\ -fsanitize\=kernel-hwaddress\ -mllvm\ -hwasan-recover\=0\ -mllvm\ -hwasan-instrument-atomics\=0\ -mllvm\ -hwasan-instrument-stack\=1\ -mllvm\ -hwasan-generate-tags-with-calls\=1\ -mllvm\ -hwasan-instrument-with-calls\=1\ -mllvm\ -hwasan-use-short-granules\=0\ -mllvm\ -hwasan-memory-access-callback-prefix\=__asan_
    export KASAN_DEFAULT_CFLAGS\=-DKASAN\=1\ -DKASAN_CLASSIC\=1\ -fsanitize\=address\ -mllvm\ -asan-globals-live-support\ -mllvm\ -asan-force-dynamic-shadow
    export KEEP_PRIVATE_EXTERNS\=NO
    export LD_DEPENDENCY_INFO_FILE\=/Users/ppbuddy/Library/Developer/Xcode/DerivedData/RewardsPlanners-ekihbxkapylnzgekifxkpyiwfgsu/Build/Intermediates.noindex/Pods.build/Debug-iphoneos/React-RCTFBReactNativeSpec.build/Objects-normal/undefined_arch/React-RCTFBReactNativeSpec_dependency_info.dat
    export LD_EXPORT_SYMBOLS\=YES
    export LD_GENERATE_MAP_FILE\=NO
    export LD_MAP_FILE_PATH\=/Users/ppbuddy/Library/Developer/Xcode/DerivedData/RewardsPlanners-ekihbxkapylnzgekifxkpyiwfgsu/Build/Intermediates.noindex/Pods.build/Debug-iphoneos/React-RCTFBReactNativeSpec.build/React-RCTFBReactNativeSpec-LinkMap-normal-undefined_arch.txt
    export LD_NO_PIE\=NO
    export LD_QUOTE_LINKER_ARGUMENTS_FOR_COMPILER_DRIVER\=YES
    export LD_SHARED_CACHE_ELIGIBLE\=Automatic
    export LD_WARN_DUPLICATE_LIBRARIES\=NO
    export LD_WARN_UNUSED_DYLIBS\=NO
    export LEGACY_DEVELOPER_DIR\=/Users/ppbuddy/Downloads/Xcode.app/Contents/PlugIns/Xcode3Core.ideplugin/Contents/SharedSupport/Developer
    export LEX\=lex
    export LIBRARY_DEXT_INSTALL_PATH\=/Library/DriverExtensions
    export LIBRARY_FLAG_NOSPACE\=YES
    export LIBRARY_FLAG_PREFIX\=-l
    export LIBRARY_KEXT_INSTALL_PATH\=/Library/Extensions
    export LIBRARY_SEARCH_PATHS\=/Users/ppbuddy/Library/Developer/Xcode/DerivedData/RewardsPlanners-ekihbxkapylnzgekifxkpyiwfgsu/Build/Products/Debug-iphoneos/React-RCTFBReactNativeSpec\ 
    export LINKER_DISPLAYS_MANGLED_NAMES\=NO
    export LINK_FILE_LIST_normal_arm64\=/Users/ppbuddy/Library/Developer/Xcode/DerivedData/RewardsPlanners-ekihbxkapylnzgekifxkpyiwfgsu/Build/Intermediates.noindex/Pods.build/Debug-iphoneos/React-RCTFBReactNativeSpec.build/Objects-normal/arm64/React-RCTFBReactNativeSpec.LinkFileList
    export LINK_OBJC_RUNTIME\=YES
    export LINK_WITH_STANDARD_LIBRARIES\=YES
    export LLVM_TARGET_TRIPLE_OS_VERSION\=ios15.1
    export LLVM_TARGET_TRIPLE_VENDOR\=apple
    export LM_AUX_CONST_METADATA_LIST_PATH_normal_arm64\=/Users/ppbuddy/Library/Developer/Xcode/DerivedData/RewardsPlanners-ekihbxkapylnzgekifxkpyiwfgsu/Build/Intermediates.noindex/Pods.build/Debug-iphoneos/React-RCTFBReactNativeSpec.build/Objects-normal/arm64/React-RCTFBReactNativeSpec.SwiftConstValuesFileList
    export LOCALIZATION_EXPORT_SUPPORTED\=YES
    export LOCALIZATION_PREFERS_STRING_CATALOGS\=NO
    export LOCALIZED_STRING_MACRO_NAMES\=NSLocalizedString\ CFCopyLocalizedString
    export LOCALIZED_STRING_SWIFTUI_SUPPORT\=YES
    export LOCAL_ADMIN_APPS_DIR\=/Applications/Utilities
    export LOCAL_APPS_DIR\=/Applications
    export LOCAL_DEVELOPER_DIR\=/Library/Developer
    export LOCAL_LIBRARY_DIR\=/Library
    export LOCROOT\=/Users/ppbuddy/Desktop/RewardsPlanner/ios/Pods
    export LOCSYMROOT\=/Users/ppbuddy/Desktop/RewardsPlanner/ios/Pods
    export MACH_O_TYPE\=staticlib
    export MAC_OS_X_PRODUCT_BUILD_VERSION\=24G90
    export MAC_OS_X_VERSION_ACTUAL\=150601
    export MAC_OS_X_VERSION_MAJOR\=150000
    export MAC_OS_X_VERSION_MINOR\=150600
    export MAKE_MERGEABLE\=NO
    export MERGEABLE_LIBRARY\=NO
    export MERGED_BINARY_TYPE\=none
    export MERGE_LINKED_LIBRARIES\=NO
    export METAL_LIBRARY_FILE_BASE\=default
    export METAL_LIBRARY_OUTPUT_DIR\=/Users/ppbuddy/Library/Developer/Xcode/DerivedData/RewardsPlanners-ekihbxkapylnzgekifxkpyiwfgsu/Build/Products/Debug-iphoneos/React-RCTFBReactNativeSpec/
    export MODULE_CACHE_DIR\=/Users/ppbuddy/Library/Developer/Xcode/DerivedData/ModuleCache.noindex
    export MTL_ENABLE_DEBUG_INFO\=INCLUDE_SOURCE
    export MTL_FAST_MATH\=YES
    export NATIVE_ARCH\=arm64
    export NATIVE_ARCH_32_BIT\=arm
    export NATIVE_ARCH_64_BIT\=arm64
    export NATIVE_ARCH_ACTUAL\=arm64
    export NO_COMMON\=YES
    export OBJECT_FILE_DIR\=/Users/ppbuddy/Library/Developer/Xcode/DerivedData/RewardsPlanners-ekihbxkapylnzgekifxkpyiwfgsu/Build/Intermediates.noindex/Pods.build/Debug-iphoneos/React-RCTFBReactNativeSpec.build/Objects
    export OBJECT_FILE_DIR_normal\=/Users/ppbuddy/Library/Developer/Xcode/DerivedData/RewardsPlanners-ekihbxkapylnzgekifxkpyiwfgsu/Build/Intermediates.noindex/Pods.build/Debug-iphoneos/React-RCTFBReactNativeSpec.build/Objects-normal
    export OBJROOT\=/Users/ppbuddy/Library/Developer/Xcode/DerivedData/RewardsPlanners-ekihbxkapylnzgekifxkpyiwfgsu/Build/Intermediates.noindex
    export ONLY_ACTIVE_ARCH\=YES
    export OS\=MACOS
    export OSAC\=/usr/bin/osacompile
    export OTHER_CFLAGS\=\ -fmodule-map-file\=\"/Users/ppbuddy/Desktop/RewardsPlanner/ios/Pods/Headers/Public/DoubleConversion/DoubleConversion.modulemap\"\ -fmodule-map-file\=\"/Users/ppbuddy/Desktop/RewardsPlanner/ios/Pods/Headers/Public/RCTDeprecation/RCTDeprecation.modulemap\"\ -fmodule-map-file\=\"/Users/ppbuddy/Desktop/RewardsPlanner/ios/Pods/Headers/Public/RCTTypeSafety/RCTTypeSafety.modulemap\"\ -fmodule-map-file\=\"/Users/ppbuddy/Desktop/RewardsPlanner/ios/Pods/Headers/Public/React/React-Core.modulemap\"\ -fmodule-map-file\=\"/Users/ppbuddy/Desktop/RewardsPlanner/ios/Pods/Headers/Public/ReactCommon/ReactCommon.modulemap\"\ -fmodule-map-file\=\"/Users/ppbuddy/Desktop/RewardsPlanner/ios/Pods/Headers/Public/React_Fabric/React-Fabric.modulemap\"\ -fmodule-map-file\=\"/Users/ppbuddy/Desktop/RewardsPlanner/ios/Pods/Headers/Public/React_NativeModulesApple/React-NativeModulesApple.modulemap\"\ -fmodule-map-file\=\"/Users/ppbuddy/Desktop/RewardsPlanner/ios/Pods/Headers/Public/React_runtimeexecutor/React-runtimeexecutor.modulemap\"\ -fmodule-map-file\=\"/Users/ppbuddy/Desktop/RewardsPlanner/ios/Pods/Headers/Public/SocketRocket/SocketRocket.modulemap\"\ -fmodule-map-file\=\"/Users/ppbuddy/Desktop/RewardsPlanner/ios/Pods/Headers/Public/fmt/fmt.modulemap\"\ -fmodule-map-file\=\"/Users/ppbuddy/Desktop/RewardsPlanner/ios/Pods/Headers/Public/folly/RCT-Folly.modulemap\"\ -fmodule-map-file\=\"/Users/ppbuddy/Desktop/RewardsPlanner/ios/Pods/Headers/Public/glog/glog.modulemap\"\ -fmodule-map-file\=\"/Users/ppbuddy/Desktop/RewardsPlanner/ios/Pods/Headers/Public/jsi/React-jsi.modulemap\"\ -fmodule-map-file\=\"/Users/ppbuddy/Desktop/RewardsPlanner/ios/Pods/Headers/Public/jsinspector_modern/React-jsinspector.modulemap\"\ -fmodule-map-file\=\"/Users/ppbuddy/Desktop/RewardsPlanner/ios/Pods/Headers/Public/jsinspector_modern_cdp/React-jsinspectorcdp.modulemap\"\ -fmodule-map-file\=\"/Users/ppbuddy/Desktop/RewardsPlanner/ios/Pods/Headers/Public/jsinspector_modern_network/React-jsinspectornetwork.modulemap\"\ -fmodule-map-file\=\"/Users/ppbuddy/Desktop/RewardsPlanner/ios/Pods/Headers/Public/jsinspector_modern_tracing/React-jsinspectortracing.modulemap\"\ -fmodule-map-file\=\"/Users/ppbuddy/Desktop/RewardsPlanner/ios/Pods/Headers/Public/react_debug/React-debug.modulemap\"\ -fmodule-map-file\=\"/Users/ppbuddy/Desktop/RewardsPlanner/ios/Pods/Headers/Public/react_featureflags/React-featureflags.modulemap\"\ -fmodule-map-file\=\"/Users/ppbuddy/Desktop/RewardsPlanner/ios/Pods/Headers/Public/react_renderer_css/React-renderercss.modulemap\"\ -fmodule-map-file\=\"/Users/ppbuddy/Desktop/RewardsPlanner/ios/Pods/Headers/Public/react_renderer_debug/React-rendererdebug.modulemap\"\ -fmodule-map-file\=\"/Users/ppbuddy/Desktop/RewardsPlanner/ios/Pods/Headers/Public/react_renderer_graphics/React-graphics.modulemap\"\ -fmodule-map-file\=\"/Users/ppbuddy/Desktop/RewardsPlanner/ios/Pods/Headers/Public/react_runtime/React-jsitooling.modulemap\"\ -fmodule-map-file\=\"/Users/ppbuddy/Desktop/RewardsPlanner/ios/Pods/Headers/Public/react_utils/React-utils.modulemap\"\ -fmodule-map-file\=\"/Users/ppbuddy/Desktop/RewardsPlanner/ios/Pods/Headers/Public/reacthermes/React-hermes.modulemap\"\ -fmodule-map-file\=\"/Users/ppbuddy/Desktop/RewardsPlanner/ios/Pods/Headers/Public/yoga/Yoga.modulemap\"
    export OTHER_CPLUSPLUSFLAGS\=\ -fmodule-map-file\=\"/Users/ppbuddy/Desktop/RewardsPlanner/ios/Pods/Headers/Public/DoubleConversion/DoubleConversion.modulemap\"\ -fmodule-map-file\=\"/Users/ppbuddy/Desktop/RewardsPlanner/ios/Pods/Headers/Public/RCTDeprecation/RCTDeprecation.modulemap\"\ -fmodule-map-file\=\"/Users/ppbuddy/Desktop/RewardsPlanner/ios/Pods/Headers/Public/RCTTypeSafety/RCTTypeSafety.modulemap\"\ -fmodule-map-file\=\"/Users/ppbuddy/Desktop/RewardsPlanner/ios/Pods/Headers/Public/React/React-Core.modulemap\"\ -fmodule-map-file\=\"/Users/ppbuddy/Desktop/RewardsPlanner/ios/Pods/Headers/Public/ReactCommon/ReactCommon.modulemap\"\ -fmodule-map-file\=\"/Users/ppbuddy/Desktop/RewardsPlanner/ios/Pods/Headers/Public/React_Fabric/React-Fabric.modulemap\"\ -fmodule-map-file\=\"/Users/ppbuddy/Desktop/RewardsPlanner/ios/Pods/Headers/Public/React_NativeModulesApple/React-NativeModulesApple.modulemap\"\ -fmodule-map-file\=\"/Users/ppbuddy/Desktop/RewardsPlanner/ios/Pods/Headers/Public/React_runtimeexecutor/React-runtimeexecutor.modulemap\"\ -fmodule-map-file\=\"/Users/ppbuddy/Desktop/RewardsPlanner/ios/Pods/Headers/Public/SocketRocket/SocketRocket.modulemap\"\ -fmodule-map-file\=\"/Users/ppbuddy/Desktop/RewardsPlanner/ios/Pods/Headers/Public/fmt/fmt.modulemap\"\ -fmodule-map-file\=\"/Users/ppbuddy/Desktop/RewardsPlanner/ios/Pods/Headers/Public/folly/RCT-Folly.modulemap\"\ -fmodule-map-file\=\"/Users/ppbuddy/Desktop/RewardsPlanner/ios/Pods/Headers/Public/glog/glog.modulemap\"\ -fmodule-map-file\=\"/Users/ppbuddy/Desktop/RewardsPlanner/ios/Pods/Headers/Public/jsi/React-jsi.modulemap\"\ -fmodule-map-file\=\"/Users/ppbuddy/Desktop/RewardsPlanner/ios/Pods/Headers/Public/jsinspector_modern/React-jsinspector.modulemap\"\ -fmodule-map-file\=\"/Users/ppbuddy/Desktop/RewardsPlanner/ios/Pods/Headers/Public/jsinspector_modern_cdp/React-jsinspectorcdp.modulemap\"\ -fmodule-map-file\=\"/Users/ppbuddy/Desktop/RewardsPlanner/ios/Pods/Headers/Public/jsinspector_modern_network/React-jsinspectornetwork.modulemap\"\ -fmodule-map-file\=\"/Users/ppbuddy/Desktop/RewardsPlanner/ios/Pods/Headers/Public/jsinspector_modern_tracing/React-jsinspectortracing.modulemap\"\ -fmodule-map-file\=\"/Users/ppbuddy/Desktop/RewardsPlanner/ios/Pods/Headers/Public/react_debug/React-debug.modulemap\"\ -fmodule-map-file\=\"/Users/ppbuddy/Desktop/RewardsPlanner/ios/Pods/Headers/Public/react_featureflags/React-featureflags.modulemap\"\ -fmodule-map-file\=\"/Users/ppbuddy/Desktop/RewardsPlanner/ios/Pods/Headers/Public/react_renderer_css/React-renderercss.modulemap\"\ -fmodule-map-file\=\"/Users/ppbuddy/Desktop/RewardsPlanner/ios/Pods/Headers/Public/react_renderer_debug/React-rendererdebug.modulemap\"\ -fmodule-map-file\=\"/Users/ppbuddy/Desktop/RewardsPlanner/ios/Pods/Headers/Public/react_renderer_graphics/React-graphics.modulemap\"\ -fmodule-map-file\=\"/Users/ppbuddy/Desktop/RewardsPlanner/ios/Pods/Headers/Public/react_runtime/React-jsitooling.modulemap\"\ -fmodule-map-file\=\"/Users/ppbuddy/Desktop/RewardsPlanner/ios/Pods/Headers/Public/react_utils/React-utils.modulemap\"\ -fmodule-map-file\=\"/Users/ppbuddy/Desktop/RewardsPlanner/ios/Pods/Headers/Public/reacthermes/React-hermes.modulemap\"\ -fmodule-map-file\=\"/Users/ppbuddy/Desktop/RewardsPlanner/ios/Pods/Headers/Public/yoga/Yoga.modulemap\"
    export PACKAGE_TYPE\=com.apple.package-type.static-library
    export PASCAL_STRINGS\=YES
    export PATH\=/Users/ppbuddy/Downloads/Xcode.app/Contents/SharedFrameworks/SwiftBuild.framework/Versions/A/PlugIns/SWBBuildService.bundle/Contents/PlugIns/SWBUniversalPlatformPlugin.bundle/Contents/Frameworks/SWBUniversalPlatform.framework/Resources:/Users/ppbuddy/Downloads/Xcode.app/Contents/Developer/Toolchains/XcodeDefault.xctoolchain/usr/bin:/Users/ppbuddy/Downloads/Xcode.app/Contents/Developer/Toolchains/XcodeDefault.xctoolchain/usr/local/bin:/Users/ppbuddy/Downloads/Xcode.app/Contents/Developer/Toolchains/XcodeDefault.xctoolchain/usr/libexec:/Users/ppbuddy/Downloads/Xcode.app/Contents/Developer/Platforms/iPhoneOS.platform/usr/bin:/Users/ppbuddy/Downloads/Xcode.app/Contents/Developer/Platforms/iPhoneOS.platform/usr/local/bin:/Users/ppbuddy/Downloads/Xcode.app/Contents/Developer/Platforms/iPhoneOS.platform/Developer/usr/bin:/Users/ppbuddy/Downloads/Xcode.app/Contents/Developer/Platforms/iPhoneOS.platform/Developer/usr/local/bin:/Users/ppbuddy/Downloads/Xcode.app/Contents/Developer/usr/bin:/Users/ppbuddy/Downloads/Xcode.app/Contents/Developer/usr/local/bin:/Users/ppbuddy/Desktop/RewardsPlanner/node_modules/.bin:/Users/ppbuddy/Desktop/node_modules/.bin:/Users/ppbuddy/node_modules/.bin:/Users/node_modules/.bin:/node_modules/.bin:/Users/ppbuddy/.nvm/versions/node/v22.23.1/lib/node_modules/npm/node_modules/@npmcli/run-script/lib/node-gyp-bin:/Users/ppbuddy/.nvm/versions/node/v22.23.1/bin:/usr/local/mysql-9.0.1-macos14-arm64/bin:/opt/homebrew/bin:/Library/Frameworks/Python.framework/Versions/3.12/bin:/Users/ppbuddy/.console-ninja/.bin:/Users/ppbuddy/Library/Application\ Support/Code/User/globalStorage/github.copilot-chat/debugCommand:/Users/ppbuddy/Library/Application\ Support/Code/User/globalStorage/github.copilot-chat/copilotCli:/opt/homebrew/sbin:/usr/local/bin:/System/Cryptexes/App/usr/bin:/usr/bin:/bin:/usr/sbin:/sbin:/var/run/com.apple.security.cryptexd/codex.system/bootstrap/usr/local/bin:/var/run/com.apple.security.cryptexd/codex.system/bootstrap/usr/bin:/var/run/com.apple.security.cryptexd/codex.system/bootstrap/usr/appleinternal/bin:/Library/Apple/usr/bin:/Users/ppbuddy/.local/bin:/Users/ppbuddy/Library/Android/sdk/platform-tools:/Users/ppbuddy/Library/Android/sdk/emulator:/Users/ppbuddy/.npm-global/bin:/Users/ppbuddy/.vscode/extensions/vscjava.vscode-java-debug-0.59.0/bundled/scripts/noConfigScripts
    export PATH_PREFIXES_EXCLUDED_FROM_HEADER_DEPENDENCIES\=/usr/include\ /usr/local/include\ /System/Library/Frameworks\ /System/Library/PrivateFrameworks\ /Users/ppbuddy/Downloads/Xcode.app/Contents/Developer/Headers\ /Users/ppbuddy/Downloads/Xcode.app/Contents/Developer/SDKs\ /Users/ppbuddy/Downloads/Xcode.app/Contents/Developer/Platforms
    export PER_ARCH_MODULE_FILE_DIR\=/Users/ppbuddy/Library/Developer/Xcode/DerivedData/RewardsPlanners-ekihbxkapylnzgekifxkpyiwfgsu/Build/Intermediates.noindex/Pods.build/Debug-iphoneos/React-RCTFBReactNativeSpec.build/Objects-normal/undefined_arch
    export PER_ARCH_OBJECT_FILE_DIR\=/Users/ppbuddy/Library/Developer/Xcode/DerivedData/RewardsPlanners-ekihbxkapylnzgekifxkpyiwfgsu/Build/Intermediates.noindex/Pods.build/Debug-iphoneos/React-RCTFBReactNativeSpec.build/Objects-normal/undefined_arch
    export PER_VARIANT_OBJECT_FILE_DIR\=/Users/ppbuddy/Library/Developer/Xcode/DerivedData/RewardsPlanners-ekihbxkapylnzgekifxkpyiwfgsu/Build/Intermediates.noindex/Pods.build/Debug-iphoneos/React-RCTFBReactNativeSpec.build/Objects-normal
    export PKGINFO_FILE_PATH\=/Users/ppbuddy/Library/Developer/Xcode/DerivedData/RewardsPlanners-ekihbxkapylnzgekifxkpyiwfgsu/Build/Intermediates.noindex/Pods.build/Debug-iphoneos/React-RCTFBReactNativeSpec.build/PkgInfo
    export PLATFORM_DEVELOPER_APPLICATIONS_DIR\=/Users/ppbuddy/Downloads/Xcode.app/Contents/Developer/Platforms/iPhoneOS.platform/Developer/Applications
    export PLATFORM_DEVELOPER_BIN_DIR\=/Users/ppbuddy/Downloads/Xcode.app/Contents/Developer/Platforms/iPhoneOS.platform/Developer/usr/bin
    export PLATFORM_DEVELOPER_LIBRARY_DIR\=/Users/ppbuddy/Downloads/Xcode.app/Contents/Developer/Platforms/iPhoneOS.platform/Developer/Library
    export PLATFORM_DEVELOPER_SDK_DIR\=/Users/ppbuddy/Downloads/Xcode.app/Contents/Developer/Platforms/iPhoneOS.platform/Developer/SDKs
    export PLATFORM_DEVELOPER_TOOLS_DIR\=/Users/ppbuddy/Downloads/Xcode.app/Contents/Developer/Platforms/iPhoneOS.platform/Developer/Tools
    export PLATFORM_DEVELOPER_USR_DIR\=/Users/ppbuddy/Downloads/Xcode.app/Contents/Developer/Platforms/iPhoneOS.platform/Developer/usr
    export PLATFORM_DIR\=/Users/ppbuddy/Downloads/Xcode.app/Contents/Developer/Platforms/iPhoneOS.platform
    export PLATFORM_DISPLAY_NAME\=iOS
    export PLATFORM_FAMILY_NAME\=iOS
    export PLATFORM_NAME\=iphoneos
    export PLATFORM_PREFERRED_ARCH\=arm64
    export PLATFORM_PRODUCT_BUILD_VERSION\=23A339
    export PLATFORM_REQUIRES_SWIFT_AUTOLINK_EXTRACT\=NO
    export PLATFORM_REQUIRES_SWIFT_MODULEWRAP\=NO
    export PLIST_FILE_OUTPUT_FORMAT\=binary
    export PODS_BUILD_DIR\=/Users/ppbuddy/Library/Developer/Xcode/DerivedData/RewardsPlanners-ekihbxkapylnzgekifxkpyiwfgsu/Build/Products
    export PODS_CONFIGURATION_BUILD_DIR\=/Users/ppbuddy/Library/Developer/Xcode/DerivedData/RewardsPlanners-ekihbxkapylnzgekifxkpyiwfgsu/Build/Products/Debug-iphoneos
    export PODS_DEVELOPMENT_LANGUAGE\=en
    export PODS_ROOT\=/Users/ppbuddy/Desktop/RewardsPlanner/ios/Pods
    export PODS_TARGET_SRCROOT\=/Users/ppbuddy/Desktop/RewardsPlanner/ios/Pods/../../node_modules/react-native/React
    export PODS_XCFRAMEWORKS_BUILD_DIR\=/Users/ppbuddy/Library/Developer/Xcode/DerivedData/RewardsPlanners-ekihbxkapylnzgekifxkpyiwfgsu/Build/Products/Debug-iphoneos/XCFrameworkIntermediates
    export PRECOMPS_INCLUDE_HEADERS_FROM_BUILT_PRODUCTS_DIR\=YES
    export PRECOMP_DESTINATION_DIR\=/Users/ppbuddy/Library/Developer/Xcode/DerivedData/RewardsPlanners-ekihbxkapylnzgekifxkpyiwfgsu/Build/Intermediates.noindex/Pods.build/Debug-iphoneos/React-RCTFBReactNativeSpec.build/PrefixHeaders
    export PROCESSED_INFOPLIST_PATH\=/Users/ppbuddy/Library/Developer/Xcode/DerivedData/RewardsPlanners-ekihbxkapylnzgekifxkpyiwfgsu/Build/Intermediates.noindex/Pods.build/Debug-iphoneos/React-RCTFBReactNativeSpec.build/Objects-normal/undefined_arch/Processed-Info.plist
    export PRODUCT_BUNDLE_IDENTIFIER\=org.cocoapods.React-RCTFBReactNativeSpec
    export PRODUCT_MODULE_NAME\=FBReactNativeSpec
    export PRODUCT_NAME\=React-RCTFBReactNativeSpec
    export PRODUCT_SETTINGS_PATH\=
    export PRODUCT_TYPE\=com.apple.product-type.library.static
    export PROFILING_CODE\=NO
    export PROJECT\=Pods
    export PROJECT_DERIVED_FILE_DIR\=/Users/ppbuddy/Library/Developer/Xcode/DerivedData/RewardsPlanners-ekihbxkapylnzgekifxkpyiwfgsu/Build/Intermediates.noindex/Pods.build/DerivedSources
    export PROJECT_DIR\=/Users/ppbuddy/Desktop/RewardsPlanner/ios/Pods
    export PROJECT_FILE_PATH\=/Users/ppbuddy/Desktop/RewardsPlanner/ios/Pods/Pods.xcodeproj
    export PROJECT_GUID\=8699adb1dd336b26511df848a716bd42
    export PROJECT_NAME\=Pods
    export PROJECT_TEMP_DIR\=/Users/ppbuddy/Library/Developer/Xcode/DerivedData/RewardsPlanners-ekihbxkapylnzgekifxkpyiwfgsu/Build/Intermediates.noindex/Pods.build
    export PROJECT_TEMP_ROOT\=/Users/ppbuddy/Library/Developer/Xcode/DerivedData/RewardsPlanners-ekihbxkapylnzgekifxkpyiwfgsu/Build/Intermediates.noindex
    export REACT_NATIVE_PATH\=/Users/ppbuddy/Desktop/RewardsPlanner/ios/Pods/../../node_modules/react-native
    export RECOMMENDED_IPHONEOS_DEPLOYMENT_TARGET\=15.0
    export RECURSIVE_SEARCH_PATHS_FOLLOW_SYMLINKS\=YES
    export REMOVE_CVS_FROM_RESOURCES\=YES
    export REMOVE_GIT_FROM_RESOURCES\=YES
    export REMOVE_HEADERS_FROM_EMBEDDED_BUNDLES\=YES
    export REMOVE_HG_FROM_RESOURCES\=YES
    export REMOVE_STATIC_EXECUTABLES_FROM_EMBEDDED_BUNDLES\=YES
    export REMOVE_SVN_FROM_RESOURCES\=YES
    export RESCHEDULE_INDEPENDENT_HEADERS_PHASES\=YES
    export REZ_COLLECTOR_DIR\=/Users/ppbuddy/Library/Developer/Xcode/DerivedData/RewardsPlanners-ekihbxkapylnzgekifxkpyiwfgsu/Build/Intermediates.noindex/Pods.build/Debug-iphoneos/React-RCTFBReactNativeSpec.build/ResourceManagerResources
    export REZ_EXECUTABLE\=YES
    export REZ_OBJECTS_DIR\=/Users/ppbuddy/Library/Developer/Xcode/DerivedData/RewardsPlanners-ekihbxkapylnzgekifxkpyiwfgsu/Build/Intermediates.noindex/Pods.build/Debug-iphoneos/React-RCTFBReactNativeSpec.build/ResourceManagerResources/Objects
    export REZ_SEARCH_PATHS\=/Users/ppbuddy/Library/Developer/Xcode/DerivedData/RewardsPlanners-ekihbxkapylnzgekifxkpyiwfgsu/Build/Products/Debug-iphoneos/React-RCTFBReactNativeSpec\ 
    export RUNTIME_EXCEPTION_ALLOW_DYLD_ENVIRONMENT_VARIABLES\=NO
    export RUNTIME_EXCEPTION_ALLOW_JIT\=NO
    export RUNTIME_EXCEPTION_ALLOW_UNSIGNED_EXECUTABLE_MEMORY\=NO
    export RUNTIME_EXCEPTION_DEBUGGING_TOOL\=NO
    export RUNTIME_EXCEPTION_DISABLE_EXECUTABLE_PAGE_PROTECTION\=NO
    export RUNTIME_EXCEPTION_DISABLE_LIBRARY_VALIDATION\=NO
    export SCAN_ALL_SOURCE_FILES_FOR_INCLUDES\=NO
    export SCRIPT_INPUT_FILE_COUNT\=0
    export SCRIPT_INPUT_FILE_LIST_COUNT\=0
    export SCRIPT_OUTPUT_FILE_COUNT\=0
    export SCRIPT_OUTPUT_FILE_LIST_COUNT\=0
    export SDKROOT\=/Users/ppbuddy/Downloads/Xcode.app/Contents/Developer/Platforms/iPhoneOS.platform/Developer/SDKs/iPhoneOS26.0.sdk
    export SDK_DIR\=/Users/ppbuddy/Downloads/Xcode.app/Contents/Developer/Platforms/iPhoneOS.platform/Developer/SDKs/iPhoneOS26.0.sdk
    export SDK_DIR_iphoneos\=/Users/ppbuddy/Downloads/Xcode.app/Contents/Developer/Platforms/iPhoneOS.platform/Developer/SDKs/iPhoneOS26.0.sdk
    export SDK_DIR_iphoneos26_0\=/Users/ppbuddy/Downloads/Xcode.app/Contents/Developer/Platforms/iPhoneOS.platform/Developer/SDKs/iPhoneOS26.0.sdk
    export SDK_NAME\=iphoneos26.0
    export SDK_NAMES\=iphoneos26.0
    export SDK_PRODUCT_BUILD_VERSION\=23A339
    export SDK_STAT_CACHE_DIR\=/Users/ppbuddy/Library/Developer/Xcode/DerivedData
    export SDK_STAT_CACHE_ENABLE\=YES
    export SDK_STAT_CACHE_PATH\=/Users/ppbuddy/Library/Developer/Xcode/DerivedData/SDKStatCaches.noindex/iphoneos26.0-23A339-cfb945115f37860d7757e16b6e7976e4.sdkstatcache
    export SDK_VERSION\=26.0
    export SDK_VERSION_ACTUAL\=260000
    export SDK_VERSION_MAJOR\=260000
    export SDK_VERSION_MINOR\=260000
    export SED\=/usr/bin/sed
    export SEPARATE_STRIP\=NO
    export SEPARATE_SYMBOL_EDIT\=NO
    export SET_DIR_MODE_OWNER_GROUP\=YES
    export SET_FILE_MODE_OWNER_GROUP\=NO
    export SHALLOW_BUNDLE\=NO
    export SHARED_DERIVED_FILE_DIR\=/Users/ppbuddy/Library/Developer/Xcode/DerivedData/RewardsPlanners-ekihbxkapylnzgekifxkpyiwfgsu/Build/Products/Debug-iphoneos/React-RCTFBReactNativeSpec/DerivedSources
    export SHARED_PRECOMPS_DIR\=/Users/ppbuddy/Library/Developer/Xcode/DerivedData/RewardsPlanners-ekihbxkapylnzgekifxkpyiwfgsu/Build/Intermediates.noindex/PrecompiledHeaders
    export SKIP_INSTALL\=YES
    export SOURCE_ROOT\=/Users/ppbuddy/Desktop/RewardsPlanner/ios/Pods
    export SRCROOT\=/Users/ppbuddy/Desktop/RewardsPlanner/ios/Pods
    export STRINGSDATA_DIR\=/Users/ppbuddy/Library/Developer/Xcode/DerivedData/RewardsPlanners-ekihbxkapylnzgekifxkpyiwfgsu/Build/Intermediates.noindex/Pods.build/Debug-iphoneos/React-RCTFBReactNativeSpec.build/Objects-normal/undefined_arch
    export STRINGSDATA_ROOT\=/Users/ppbuddy/Library/Developer/Xcode/DerivedData/RewardsPlanners-ekihbxkapylnzgekifxkpyiwfgsu/Build/Intermediates.noindex/Pods.build/Debug-iphoneos/React-RCTFBReactNativeSpec.build
    export STRINGS_FILE_INFOPLIST_RENAME\=YES
    export STRINGS_FILE_OUTPUT_ENCODING\=binary
    export STRING_CATALOG_GENERATE_SYMBOLS\=NO
    export STRIP_BITCODE_FROM_COPIED_FILES\=YES
    export STRIP_INSTALLED_PRODUCT\=NO
    export STRIP_STYLE\=debugging
    export STRIP_SWIFT_SYMBOLS\=YES
    export SUPPORTED_DEVICE_FAMILIES\=1,2
    export SUPPORTED_PLATFORMS\=iphoneos\ iphonesimulator
    export SUPPORTS_MACCATALYST\=YES
    export SUPPORTS_MAC_DESIGNED_FOR_IPHONE_IPAD\=YES
    export SUPPORTS_TEXT_BASED_API\=NO
    export SUPPORTS_XR_DESIGNED_FOR_IPHONE_IPAD\=YES
    export SUPPRESS_WARNINGS\=NO
    export SWIFT_ACTIVE_COMPILATION_CONDITIONS\=\ DEBUG\ 
    export SWIFT_EMIT_CONST_VALUE_PROTOCOLS\=AppIntent\ EntityQuery\ AppEntity\ TransientEntity\ AppEnum\ AppShortcutProviding\ AppShortcutsProvider\ AnyResolverProviding\ AppIntentsPackage\ DynamicOptionsProvider\ _IntentValueRepresentable\ _AssistantIntentsProvider\ _GenerativeFunctionExtractable\ IntentValueQuery\ Resolver\ AppExtension\ ExtensionPointDefining
    export SWIFT_EMIT_LOC_STRINGS\=NO
    export SWIFT_ENABLE_EXPLICIT_MODULES\=YES
    export SWIFT_INSTALL_OBJC_HEADER\=YES
    export SWIFT_OPTIMIZATION_LEVEL\=-Onone
    export SWIFT_PLATFORM_TARGET_PREFIX\=ios
    export SWIFT_RESPONSE_FILE_PATH_normal_arm64\=/Users/ppbuddy/Library/Developer/Xcode/DerivedData/RewardsPlanners-ekihbxkapylnzgekifxkpyiwfgsu/Build/Intermediates.noindex/Pods.build/Debug-iphoneos/React-RCTFBReactNativeSpec.build/Objects-normal/arm64/React-RCTFBReactNativeSpec.SwiftFileList
    export SWIFT_VERSION\=5.0
    export SYMROOT\=/Users/ppbuddy/Library/Developer/Xcode/DerivedData/RewardsPlanners-ekihbxkapylnzgekifxkpyiwfgsu/Build/Products
    export SYSTEM_ADMIN_APPS_DIR\=/Applications/Utilities
    export SYSTEM_APPS_DIR\=/Applications
    export SYSTEM_CORE_SERVICES_DIR\=/System/Library/CoreServices
    export SYSTEM_DEMOS_DIR\=/Applications/Extras
    export SYSTEM_DEVELOPER_APPS_DIR\=/Users/ppbuddy/Downloads/Xcode.app/Contents/Developer/Applications
    export SYSTEM_DEVELOPER_BIN_DIR\=/Users/ppbuddy/Downloads/Xcode.app/Contents/Developer/usr/bin
    export SYSTEM_DEVELOPER_DEMOS_DIR\=/Users/ppbuddy/Downloads/Xcode.app/Contents/Developer/Applications/Utilities/Built\ Examples
    export SYSTEM_DEVELOPER_DIR\=/Users/ppbuddy/Downloads/Xcode.app/Contents/Developer
    export SYSTEM_DEVELOPER_DOC_DIR\=/Users/ppbuddy/Downloads/Xcode.app/Contents/Developer/ADC\ Reference\ Library
    export SYSTEM_DEVELOPER_GRAPHICS_TOOLS_DIR\=/Users/ppbuddy/Downloads/Xcode.app/Contents/Developer/Applications/Graphics\ Tools
    export SYSTEM_DEVELOPER_JAVA_TOOLS_DIR\=/Users/ppbuddy/Downloads/Xcode.app/Contents/Developer/Applications/Java\ Tools
    export SYSTEM_DEVELOPER_PERFORMANCE_TOOLS_DIR\=/Users/ppbuddy/Downloads/Xcode.app/Contents/Developer/Applications/Performance\ Tools
    export SYSTEM_DEVELOPER_RELEASENOTES_DIR\=/Users/ppbuddy/Downloads/Xcode.app/Contents/Developer/ADC\ Reference\ Library/releasenotes
    export SYSTEM_DEVELOPER_TOOLS\=/Users/ppbuddy/Downloads/Xcode.app/Contents/Developer/Tools
    export SYSTEM_DEVELOPER_TOOLS_DOC_DIR\=/Users/ppbuddy/Downloads/Xcode.app/Contents/Developer/ADC\ Reference\ Library/documentation/DeveloperTools
    export SYSTEM_DEVELOPER_TOOLS_RELEASENOTES_DIR\=/Users/ppbuddy/Downloads/Xcode.app/Contents/Developer/ADC\ Reference\ Library/releasenotes/DeveloperTools
    export SYSTEM_DEVELOPER_USR_DIR\=/Users/ppbuddy/Downloads/Xcode.app/Contents/Developer/usr
    export SYSTEM_DEVELOPER_UTILITIES_DIR\=/Users/ppbuddy/Downloads/Xcode.app/Contents/Developer/Applications/Utilities
    export SYSTEM_DEXT_INSTALL_PATH\=/System/Library/DriverExtensions
    export SYSTEM_DOCUMENTATION_DIR\=/Library/Documentation
    export SYSTEM_KEXT_INSTALL_PATH\=/System/Library/Extensions
    export SYSTEM_LIBRARY_DIR\=/System/Library
    export TAPI_DEMANGLE\=YES
    export TAPI_ENABLE_PROJECT_HEADERS\=NO
    export TAPI_LANGUAGE\=objective-c
    export TAPI_LANGUAGE_STANDARD\=compiler-default
    export TAPI_USE_SRCROOT\=YES
    export TAPI_VERIFY_MODE\=Pedantic
    export TARGETED_DEVICE_FAMILY\=1,2
    export TARGETNAME\=React-RCTFBReactNativeSpec
    export TARGET_BUILD_DIR\=/Users/ppbuddy/Library/Developer/Xcode/DerivedData/RewardsPlanners-ekihbxkapylnzgekifxkpyiwfgsu/Build/Products/Debug-iphoneos/React-RCTFBReactNativeSpec
    export TARGET_DEVICE_IDENTIFIER\=00008101-001658210A11001E
    export TARGET_DEVICE_MODEL\=iPhone13,2
    export TARGET_DEVICE_OS_VERSION\=26.5
    export TARGET_DEVICE_PLATFORM_NAME\=iphoneos
    export TARGET_NAME\=React-RCTFBReactNativeSpec
    export TARGET_TEMP_DIR\=/Users/ppbuddy/Library/Developer/Xcode/DerivedData/RewardsPlanners-ekihbxkapylnzgekifxkpyiwfgsu/Build/Intermediates.noindex/Pods.build/Debug-iphoneos/React-RCTFBReactNativeSpec.build
    export TEMP_DIR\=/Users/ppbuddy/Library/Developer/Xcode/DerivedData/RewardsPlanners-ekihbxkapylnzgekifxkpyiwfgsu/Build/Intermediates.noindex/Pods.build/Debug-iphoneos/React-RCTFBReactNativeSpec.build
    export TEMP_FILES_DIR\=/Users/ppbuddy/Library/Developer/Xcode/DerivedData/RewardsPlanners-ekihbxkapylnzgekifxkpyiwfgsu/Build/Intermediates.noindex/Pods.build/Debug-iphoneos/React-RCTFBReactNativeSpec.build
    export TEMP_FILE_DIR\=/Users/ppbuddy/Library/Developer/Xcode/DerivedData/RewardsPlanners-ekihbxkapylnzgekifxkpyiwfgsu/Build/Intermediates.noindex/Pods.build/Debug-iphoneos/React-RCTFBReactNativeSpec.build
    export TEMP_ROOT\=/Users/ppbuddy/Library/Developer/Xcode/DerivedData/RewardsPlanners-ekihbxkapylnzgekifxkpyiwfgsu/Build/Intermediates.noindex
    export TEMP_SANDBOX_DIR\=/Users/ppbuddy/Library/Developer/Xcode/DerivedData/RewardsPlanners-ekihbxkapylnzgekifxkpyiwfgsu/Build/Intermediates.noindex/TemporaryTaskSandboxes
    export TEST_FRAMEWORK_SEARCH_PATHS\=\ /Users/ppbuddy/Downloads/Xcode.app/Contents/Developer/Platforms/iPhoneOS.platform/Developer/Library/Frameworks\ /Users/ppbuddy/Downloads/Xcode.app/Contents/Developer/Platforms/iPhoneOS.platform/Developer/SDKs/iPhoneOS26.0.sdk/Developer/Library/Frameworks
    export TEST_LIBRARY_SEARCH_PATHS\=\ /Users/ppbuddy/Downloads/Xcode.app/Contents/Developer/Platforms/iPhoneOS.platform/Developer/usr/lib
    export TOOLCHAINS\=com.apple.dt.toolchain.XcodeDefault
    export TOOLCHAIN_DIR\=/Users/ppbuddy/Downloads/Xcode.app/Contents/Developer/Toolchains/XcodeDefault.xctoolchain
    export TREAT_MISSING_BASELINES_AS_TEST_FAILURES\=NO
    export TREAT_MISSING_SCRIPT_PHASE_OUTPUTS_AS_ERRORS\=NO
    export UID\=501
    export UNINSTALLED_PRODUCTS_DIR\=/Users/ppbuddy/Library/Developer/Xcode/DerivedData/RewardsPlanners-ekihbxkapylnzgekifxkpyiwfgsu/Build/Intermediates.noindex/UninstalledProducts
    export UNSTRIPPED_PRODUCT\=NO
    export USER\=ppbuddy
    export USER_APPS_DIR\=/Users/ppbuddy/Applications
    export USER_LIBRARY_DIR\=/Users/ppbuddy/Library
    export USE_DYNAMIC_NO_PIC\=YES
    export USE_HEADERMAP\=NO
    export USE_HEADER_SYMLINKS\=NO
    export USE_HERMES\=true
    export USE_RECURSIVE_SCRIPT_INPUTS_IN_SCRIPT_PHASES\=YES
    export VALIDATE_DEVELOPMENT_ASSET_PATHS\=YES_ERROR
    export VALIDATE_PRODUCT\=NO
    export VALID_ARCHS\=arm64\ arm64e\ armv7\ armv7s
    export VERBOSE_PBXCP\=NO
    export VERSION_INFO_BUILDER\=ppbuddy
    export VERSION_INFO_FILE\=React-RCTFBReactNativeSpec_vers.c
    export VERSION_INFO_STRING\=\"@\(\#\)PROGRAM:React-RCTFBReactNativeSpec\ \ PROJECT:Pods-\"
    export WORKSPACE_DIR\=/Users/ppbuddy/Desktop/RewardsPlanner/ios
    export WRAP_ASSET_PACKS_IN_SEPARATE_DIRECTORIES\=NO
    export XCODE_APP_SUPPORT_DIR\=/Users/ppbuddy/Downloads/Xcode.app/Contents/Developer/Library/Xcode
    export XCODE_PRODUCT_BUILD_VERSION\=17A324
    export XCODE_VERSION_ACTUAL\=2600
    export XCODE_VERSION_MAJOR\=2600
    export XCODE_VERSION_MINOR\=2600
    export XPCSERVICES_FOLDER_PATH\=/XPCServices
    export YACC\=yacc
    export _DISCOVER_COMMAND_LINE_LINKER_INPUTS\=YES
    export _DISCOVER_COMMAND_LINE_LINKER_INPUTS_INCLUDE_WL\=YES
    export _LD_MULTIARCH\=YES
    export __DIAGNOSE_DEPRECATED_ARCHS\=YES
    export arch\=undefined_arch
    export variant\=normal
    /bin/sh -c /Users/ppbuddy/Library/Developer/Xcode/DerivedData/RewardsPlanners-ekihbxkapylnzgekifxkpyiwfgsu/Build/Intermediates.noindex/Pods.build/Debug-iphoneos/React-RCTFBReactNativeSpec.build/Script-46EB2E00026AA0.sh

debug Checking whether Codegen has run...

debug 

debug warning: Run script build phase '[CP-User] react-native-maps patches' will be run during every build because it does not specify any outputs. To address this issue, either add output dependencies to the script phase, or configure it to run in every build by unchecking "Based on dependency analysis" in the script phase. (in target 'react-native-maps' from project 'Pods')

debug PhaseScriptExecution [CP-User]\ react-native-maps\ patches /Users/ppbuddy/Library/Developer/Xcode/DerivedData/RewardsPlanners-ekihbxkapylnzgekifxkpyiwfgsu/Build/Intermediates.noindex/Pods.build/Debug-iphoneos/react-native-maps.build/Script-46EB2E00026B00.sh (in target 'react-native-maps' from project 'Pods')
    cd /Users/ppbuddy/Desktop/RewardsPlanner/ios/Pods
    export ACTION\=build
    export AD_HOC_CODE_SIGNING_ALLOWED\=NO
    export ALLOW_BUILD_REQUEST_OVERRIDES\=NO
    export ALLOW_TARGET_PLATFORM_SPECIALIZATION\=NO
    export ALTERNATE_GROUP\=staff
    export ALTERNATE_MODE\=u+w,go-w,a+rX
    export ALTERNATE_OWNER\=ppbuddy
    export ALTERNATIVE_DISTRIBUTION_WEB\=NO
    export ALWAYS_EMBED_SWIFT_STANDARD_LIBRARIES\=NO
    export ALWAYS_SEARCH_USER_PATHS\=NO
    export ALWAYS_USE_SEPARATE_HEADERMAPS\=NO
    export ANDROID_DEPLOYMENT_TARGET\=21.0
    export APPLICATION_EXTENSION_API_ONLY\=NO
    export APPLY_RULES_IN_COPY_FILES\=NO
    export APPLY_RULES_IN_COPY_HEADERS\=NO
    export APP_SHORTCUTS_ENABLE_FLEXIBLE_MATCHING\=YES
    export ARCHS\=arm64
    export ARCHS_STANDARD\=arm64
    export ARCHS_STANDARD_32_64_BIT\=armv7\ arm64
    export ARCHS_STANDARD_32_BIT\=armv7
    export ARCHS_STANDARD_64_BIT\=arm64
    export ARCHS_STANDARD_INCLUDING_64_BIT\=arm64
    export ARCHS_UNIVERSAL_IPHONE_OS\=armv7\ arm64
    export ASSETCATALOG_FILTER_FOR_DEVICE_MODEL\=iPhone13,2
    export ASSETCATALOG_FILTER_FOR_DEVICE_OS_VERSION\=26.5
    export ASSETCATALOG_FILTER_FOR_THINNING_DEVICE_CONFIGURATION\=iPhone13,2
    export AUTOMATICALLY_MERGE_DEPENDENCIES\=NO
    export AUTOMATION_APPLE_EVENTS\=NO
    export AVAILABLE_PLATFORMS\=android\ appletvos\ appletvsimulator\ driverkit\ iphoneos\ iphonesimulator\ macosx\ qnx\ watchos\ watchsimulator\ webassembly\ xros\ xrsimulator
    export BUILD_ACTIVE_RESOURCES_ONLY\=YES
    export BUILD_COMPONENTS\=headers\ build
    export BUILD_DIR\=/Users/ppbuddy/Library/Developer/Xcode/DerivedData/RewardsPlanners-ekihbxkapylnzgekifxkpyiwfgsu/Build/Products
    export BUILD_LIBRARY_FOR_DISTRIBUTION\=NO
    export BUILD_ROOT\=/Users/ppbuddy/Library/Developer/Xcode/DerivedData/RewardsPlanners-ekihbxkapylnzgekifxkpyiwfgsu/Build/Products
    export BUILD_STYLE\=
    export BUILD_VARIANTS\=normal
    export BUILT_PRODUCTS_DIR\=/Users/ppbuddy/Library/Developer/Xcode/DerivedData/RewardsPlanners-ekihbxkapylnzgekifxkpyiwfgsu/Build/Products/Debug-iphoneos/react-native-maps
    export BUNDLE_CONTENTS_FOLDER_PATH_deep\=Contents/
    export BUNDLE_EXECUTABLE_FOLDER_NAME_deep\=MacOS
    export BUNDLE_EXTENSIONS_FOLDER_PATH\=Extensions
    export BUNDLE_FORMAT\=shallow
    export BUNDLE_FRAMEWORKS_FOLDER_PATH\=Frameworks
    export BUNDLE_PLUGINS_FOLDER_PATH\=PlugIns
    export BUNDLE_PRIVATE_HEADERS_FOLDER_PATH\=PrivateHeaders
    export BUNDLE_PUBLIC_HEADERS_FOLDER_PATH\=Headers
    export CACHE_ROOT\=/var/folders/gk/632pcntd72x4_w0qx45xzwqh0000gn/C/com.apple.DeveloperTools/26.0-17A324/Xcode
    export CCHROOT\=/var/folders/gk/632pcntd72x4_w0qx45xzwqh0000gn/C/com.apple.DeveloperTools/26.0-17A324/Xcode
    export CHMOD\=/bin/chmod
    export CHOWN\=/usr/sbin/chown
    export CLANG_ANALYZER_LOCALIZABILITY_NONLOCALIZED\=YES
    export CLANG_ANALYZER_NONNULL\=YES
    export CLANG_ANALYZER_NUMBER_OBJECT_CONVERSION\=YES_AGGRESSIVE
    export CLANG_CACHE_FINE_GRAINED_OUTPUTS\=YES
    export CLANG_CXX_LANGUAGE_STANDARD\=c++20
    export CLANG_CXX_LIBRARY\=libc++
    export CLANG_ENABLE_EXPLICIT_MODULES\=NO
    export CLANG_ENABLE_MODULES\=YES
    export CLANG_ENABLE_MODULE_DEBUGGING\=NO
    export CLANG_ENABLE_OBJC_ARC\=YES
    export CLANG_ENABLE_OBJC_WEAK\=NO
    export CLANG_MODULES_BUILD_SESSION_FILE\=/Users/ppbuddy/Library/Developer/Xcode/DerivedData/ModuleCache.noindex/Session.modulevalidation
    export CLANG_WARN_BLOCK_CAPTURE_AUTORELEASING\=YES
    export CLANG_WARN_BOOL_CONVERSION\=YES
    export CLANG_WARN_COMMA\=YES
    export CLANG_WARN_CONSTANT_CONVERSION\=YES
    export CLANG_WARN_DEPRECATED_OBJC_IMPLEMENTATIONS\=YES
    export CLANG_WARN_DIRECT_OBJC_ISA_USAGE\=YES_ERROR
    export CLANG_WARN_DOCUMENTATION_COMMENTS\=YES
    export CLANG_WARN_EMPTY_BODY\=YES
    export CLANG_WARN_ENUM_CONVERSION\=YES
    export CLANG_WARN_INFINITE_RECURSION\=YES
    export CLANG_WARN_INT_CONVERSION\=YES
    export CLANG_WARN_NON_LITERAL_NULL_CONVERSION\=YES
    export CLANG_WARN_OBJC_IMPLICIT_RETAIN_SELF\=YES
    export CLANG_WARN_OBJC_LITERAL_CONVERSION\=YES
    export CLANG_WARN_OBJC_ROOT_CLASS\=YES_ERROR
    export CLANG_WARN_QUOTED_INCLUDE_IN_FRAMEWORK_HEADER\=NO
    export CLANG_WARN_RANGE_LOOP_ANALYSIS\=YES
    export CLANG_WARN_STRICT_PROTOTYPES\=YES
    export CLANG_WARN_SUSPICIOUS_MOVE\=YES
    export CLANG_WARN_UNGUARDED_AVAILABILITY\=YES_AGGRESSIVE
    export CLANG_WARN_UNREACHABLE_CODE\=YES
    export CLANG_WARN__DUPLICATE_METHOD_MATCH\=YES
    export CLASS_FILE_DIR\=/Users/ppbuddy/Library/Developer/Xcode/DerivedData/RewardsPlanners-ekihbxkapylnzgekifxkpyiwfgsu/Build/Intermediates.noindex/Pods.build/Debug-iphoneos/react-native-maps.build/JavaClasses
    export CLEAN_PRECOMPS\=YES
    export CLONE_HEADERS\=NO
    export CODESIGNING_FOLDER_PATH\=/Users/ppbuddy/Library/Developer/Xcode/DerivedData/RewardsPlanners-ekihbxkapylnzgekifxkpyiwfgsu/Build/Products/Debug-iphoneos/react-native-maps/libreact-native-maps.a
    export CODE_SIGNING_ALLOWED\=NO
    export CODE_SIGNING_REQUIRED\=YES
    export CODE_SIGN_CONTEXT_CLASS\=XCiPhoneOSCodeSignContext
    export CODE_SIGN_INJECT_BASE_ENTITLEMENTS\=YES
    export COLOR_DIAGNOSTICS\=NO
    export COMBINE_HIDPI_IMAGES\=NO
    export COMPILATION_CACHE_CAS_PATH\=/Users/ppbuddy/Library/Developer/Xcode/DerivedData/CompilationCache.noindex
    export COMPILATION_CACHE_KEEP_CAS_DIRECTORY\=YES
    export COMPILER_INDEX_STORE_ENABLE\=Default
    export COMPOSITE_SDK_DIRS\=/Users/ppbuddy/Library/Developer/Xcode/DerivedData/RewardsPlanners-ekihbxkapylnzgekifxkpyiwfgsu/Build/Intermediates.noindex/CompositeSDKs
    export COMPRESS_PNG_FILES\=YES
    export CONFIGURATION\=Debug
    export CONFIGURATION_BUILD_DIR\=/Users/ppbuddy/Library/Developer/Xcode/DerivedData/RewardsPlanners-ekihbxkapylnzgekifxkpyiwfgsu/Build/Products/Debug-iphoneos/react-native-maps
    export CONFIGURATION_TEMP_DIR\=/Users/ppbuddy/Library/Developer/Xcode/DerivedData/RewardsPlanners-ekihbxkapylnzgekifxkpyiwfgsu/Build/Intermediates.noindex/Pods.build/Debug-iphoneos
    export COPYING_PRESERVES_HFS_DATA\=NO
    export COPY_HEADERS_RUN_UNIFDEF\=NO
    export COPY_PHASE_STRIP\=NO
    export CORRESPONDING_SIMULATOR_PLATFORM_DIR\=/Users/ppbuddy/Downloads/Xcode.app/Contents/Developer/Platforms/iPhoneSimulator.platform
    export CORRESPONDING_SIMULATOR_PLATFORM_NAME\=iphonesimulator
    export CORRESPONDING_SIMULATOR_SDK_DIR\=/Users/ppbuddy/Downloads/Xcode.app/Contents/Developer/Platforms/iPhoneSimulator.platform/Developer/SDKs/iPhoneSimulator26.0.sdk
    export CORRESPONDING_SIMULATOR_SDK_NAME\=iphonesimulator26.0
    export CP\=/bin/cp
    export CREATE_INFOPLIST_SECTION_IN_BINARY\=NO
    export CURRENT_ARCH\=undefined_arch
    export CURRENT_VARIANT\=normal
    export DEAD_CODE_STRIPPING\=YES
    export DEBUGGING_SYMBOLS\=YES
    export DEBUG_INFORMATION_FORMAT\=dwarf
    export DEBUG_INFORMATION_VERSION\=compiler-default
    export DEFAULT_COMPILER\=com.apple.compilers.llvm.clang.1_0
    export DEFAULT_DEXT_INSTALL_PATH\=/System/Library/DriverExtensions
    export DEFAULT_KEXT_INSTALL_PATH\=/System/Library/Extensions
    export DEFINES_MODULE\=NO
    export DEPLOYMENT_LOCATION\=NO
    export DEPLOYMENT_POSTPROCESSING\=NO
    export DEPLOYMENT_TARGET_SETTING_NAME\=IPHONEOS_DEPLOYMENT_TARGET
    export DEPLOYMENT_TARGET_SUGGESTED_VALUES\=12.0\ 12.1\ 12.2\ 12.3\ 12.4\ 13.0\ 13.1\ 13.2\ 13.3\ 13.4\ 13.5\ 13.6\ 14.0\ 14.1\ 14.2\ 14.3\ 14.4\ 14.5\ 14.6\ 14.7\ 15.0\ 15.1\ 15.2\ 15.3\ 15.4\ 15.5\ 15.6\ 16.0\ 16.1\ 16.2\ 16.3\ 16.4\ 16.5\ 16.6\ 17.0\ 17.1\ 17.2\ 17.3\ 17.4\ 17.5\ 17.6\ 18.0\ 18.1\ 18.2\ 18.3\ 18.4\ 18.5\ 18.6\ 26.0
    export DERIVED_FILES_DIR\=/Users/ppbuddy/Library/Developer/Xcode/DerivedData/RewardsPlanners-ekihbxkapylnzgekifxkpyiwfgsu/Build/Intermediates.noindex/Pods.build/Debug-iphoneos/react-native-maps.build/DerivedSources
    export DERIVED_FILE_DIR\=/Users/ppbuddy/Library/Developer/Xcode/DerivedData/RewardsPlanners-ekihbxkapylnzgekifxkpyiwfgsu/Build/Intermediates.noindex/Pods.build/Debug-iphoneos/react-native-maps.build/DerivedSources
    export DERIVED_SOURCES_DIR\=/Users/ppbuddy/Library/Developer/Xcode/DerivedData/RewardsPlanners-ekihbxkapylnzgekifxkpyiwfgsu/Build/Intermediates.noindex/Pods.build/Debug-iphoneos/react-native-maps.build/DerivedSources
    export DERIVE_MACCATALYST_PRODUCT_BUNDLE_IDENTIFIER\=NO
    export DEVELOPER_APPLICATIONS_DIR\=/Users/ppbuddy/Downloads/Xcode.app/Contents/Developer/Applications
    export DEVELOPER_BIN_DIR\=/Users/ppbuddy/Downloads/Xcode.app/Contents/Developer/usr/bin
    export DEVELOPER_DIR\=/Users/ppbuddy/Downloads/Xcode.app/Contents/Developer
    export DEVELOPER_FRAMEWORKS_DIR\=/Users/ppbuddy/Downloads/Xcode.app/Contents/Developer/Library/Frameworks
    export DEVELOPER_FRAMEWORKS_DIR_QUOTED\=/Users/ppbuddy/Downloads/Xcode.app/Contents/Developer/Library/Frameworks
    export DEVELOPER_LIBRARY_DIR\=/Users/ppbuddy/Downloads/Xcode.app/Contents/Developer/Library
    export DEVELOPER_SDK_DIR\=/Users/ppbuddy/Downloads/Xcode.app/Contents/Developer/Platforms/MacOSX.platform/Developer/SDKs
    export DEVELOPER_TOOLS_DIR\=/Users/ppbuddy/Downloads/Xcode.app/Contents/Developer/Tools
    export DEVELOPER_USR_DIR\=/Users/ppbuddy/Downloads/Xcode.app/Contents/Developer/usr
    export DEVELOPMENT_LANGUAGE\=en
    export DIAGNOSE_MISSING_TARGET_DEPENDENCIES\=YES
    export DIFF\=/usr/bin/diff
    export DONT_GENERATE_INFOPLIST_FILE\=NO
    export DSTROOT\=/tmp/Pods.dst
    export DT_TOOLCHAIN_DIR\=/Users/ppbuddy/Downloads/Xcode.app/Contents/Developer/Toolchains/XcodeDefault.xctoolchain
    export DWARF_DSYM_FILE_NAME\=libreact-native-maps.a.dSYM
    export DWARF_DSYM_FILE_SHOULD_ACCOMPANY_PRODUCT\=NO
    export DWARF_DSYM_FOLDER_PATH\=/Users/ppbuddy/Library/Developer/Xcode/DerivedData/RewardsPlanners-ekihbxkapylnzgekifxkpyiwfgsu/Build/Products/Debug-iphoneos/react-native-maps
    export DYNAMIC_LIBRARY_EXTENSION\=dylib
    export EAGER_COMPILATION_ALLOW_SCRIPTS\=NO
    export EAGER_LINKING\=NO
    export EFFECTIVE_PLATFORM_NAME\=-iphoneos
    export EMBEDDED_CONTENT_CONTAINS_SWIFT\=NO
    export EMBEDDED_PROFILE_NAME\=embedded.mobileprovision
    export EMBED_ASSET_PACKS_IN_PRODUCT_BUNDLE\=NO
    export ENABLE_APP_SANDBOX\=NO
    export ENABLE_CODE_COVERAGE\=YES
    export ENABLE_CPLUSPLUS_BOUNDS_SAFE_BUFFERS\=NO
    export ENABLE_C_BOUNDS_SAFETY\=NO
    export ENABLE_DEFAULT_HEADER_SEARCH_PATHS\=YES
    export ENABLE_DEFAULT_SEARCH_PATHS\=YES
    export ENABLE_ENHANCED_SECURITY\=NO
    export ENABLE_HARDENED_RUNTIME\=NO
    export ENABLE_HEADER_DEPENDENCIES\=YES
    export ENABLE_INCOMING_NETWORK_CONNECTIONS\=NO
    export ENABLE_MODULE_VERIFIER\=NO
    export ENABLE_ON_DEMAND_RESOURCES\=NO
    export ENABLE_OUTGOING_NETWORK_CONNECTIONS\=NO
    export ENABLE_POINTER_AUTHENTICATION\=NO
    export ENABLE_PREVIEWS\=NO
    export ENABLE_RESOURCE_ACCESS_AUDIO_INPUT\=NO
    export ENABLE_RESOURCE_ACCESS_BLUETOOTH\=NO
    export ENABLE_RESOURCE_ACCESS_CALENDARS\=NO
    export ENABLE_RESOURCE_ACCESS_CAMERA\=NO
    export ENABLE_RESOURCE_ACCESS_CONTACTS\=NO
    export ENABLE_RESOURCE_ACCESS_LOCATION\=NO
    export ENABLE_RESOURCE_ACCESS_PHOTO_LIBRARY\=NO
    export ENABLE_RESOURCE_ACCESS_PRINTING\=NO
    export ENABLE_RESOURCE_ACCESS_USB\=NO
    export ENABLE_SDK_IMPORTS\=NO
    export ENABLE_SECURITY_COMPILER_WARNINGS\=NO
    export ENABLE_STRICT_OBJC_MSGSEND\=YES
    export ENABLE_TESTABILITY\=YES
    export ENABLE_TESTING_SEARCH_PATHS\=NO
    export ENABLE_USER_SCRIPT_SANDBOXING\=NO
    export ENABLE_XOJIT_PREVIEWS\=YES
    export ENFORCE_VALID_ARCHS\=YES
    export ENTITLEMENTS_DESTINATION\=Signature
    export ENTITLEMENTS_REQUIRED\=YES
    export EXCLUDED_INSTALLSRC_SUBDIRECTORY_PATTERNS\=.DS_Store\ .svn\ .git\ .hg\ CVS
    export EXCLUDED_RECURSIVE_SEARCH_PATH_SUBDIRECTORIES\=\*.nib\ \*.lproj\ \*.framework\ \*.gch\ \*.xcode\*\ \*.xcassets\ \*.icon\ \(\*\)\ .DS_Store\ CVS\ .svn\ .git\ .hg\ \*.pbproj\ \*.pbxproj
    export EXECUTABLE_EXTENSION\=a
    export EXECUTABLE_NAME\=libreact-native-maps.a
    export EXECUTABLE_PATH\=libreact-native-maps.a
    export EXECUTABLE_PREFIX\=lib
    export EXECUTABLE_SUFFIX\=.a
    export FILE_LIST\=/Users/ppbuddy/Library/Developer/Xcode/DerivedData/RewardsPlanners-ekihbxkapylnzgekifxkpyiwfgsu/Build/Intermediates.noindex/Pods.build/Debug-iphoneos/react-native-maps.build/Objects/LinkFileList
    export FIXED_FILES_DIR\=/Users/ppbuddy/Library/Developer/Xcode/DerivedData/RewardsPlanners-ekihbxkapylnzgekifxkpyiwfgsu/Build/Intermediates.noindex/Pods.build/Debug-iphoneos/react-native-maps.build/FixedFiles
    export FRAMEWORK_FLAG_PREFIX\=-framework
    export FRAMEWORK_SEARCH_PATHS\=/Users/ppbuddy/Library/Developer/Xcode/DerivedData/RewardsPlanners-ekihbxkapylnzgekifxkpyiwfgsu/Build/Products/Debug-iphoneos/react-native-maps\ \ \"/Users/ppbuddy/Desktop/RewardsPlanner/ios/Pods/hermes-engine/destroot/Library/Frameworks/universal\"\ \"/Users/ppbuddy/Library/Developer/Xcode/DerivedData/RewardsPlanners-ekihbxkapylnzgekifxkpyiwfgsu/Build/Products/Debug-iphoneos/XCFrameworkIntermediates/hermes-engine/Pre-built\"
    export FRAMEWORK_VERSION\=A
    export FULL_PRODUCT_NAME\=libreact-native-maps.a
    export FUSE_BUILD_PHASES\=YES
    export FUSE_BUILD_SCRIPT_PHASES\=NO
    export GCC3_VERSION\=3.3
    export GCC_C_LANGUAGE_STANDARD\=gnu11
    export GCC_DYNAMIC_NO_PIC\=NO
    export GCC_NO_COMMON_BLOCKS\=YES
    export GCC_OPTIMIZATION_LEVEL\=0
    export GCC_PFE_FILE_C_DIALECTS\=c\ objective-c\ c++\ objective-c++
    export GCC_PREFIX_HEADER\=Target\ Support\ Files/react-native-maps/react-native-maps-prefix.pch
    export GCC_PREPROCESSOR_DEFINITIONS\=POD_CONFIGURATION_DEBUG\=1\ DEBUG\=1\ \ COCOAPODS\=1
    export GCC_THUMB_SUPPORT\=YES
    export GCC_TREAT_WARNINGS_AS_ERRORS\=NO
    export GCC_VERSION\=com.apple.compilers.llvm.clang.1_0
    export GCC_VERSION_IDENTIFIER\=com_apple_compilers_llvm_clang_1_0
    export GCC_WARN_64_TO_32_BIT_CONVERSION\=YES
    export GCC_WARN_ABOUT_RETURN_TYPE\=YES_ERROR
    export GCC_WARN_UNDECLARED_SELECTOR\=YES
    export GCC_WARN_UNINITIALIZED_AUTOS\=YES_AGGRESSIVE
    export GCC_WARN_UNUSED_FUNCTION\=YES
    export GCC_WARN_UNUSED_VARIABLE\=YES
    export GENERATED_MODULEMAP_DIR\=/Users/ppbuddy/Library/Developer/Xcode/DerivedData/RewardsPlanners-ekihbxkapylnzgekifxkpyiwfgsu/Build/Intermediates.noindex/GeneratedModuleMaps-iphoneos
    export GENERATE_INFOPLIST_FILE\=NO
    export GENERATE_INTERMEDIATE_TEXT_BASED_STUBS\=YES
    export GENERATE_PKGINFO_FILE\=NO
    export GENERATE_PRELINK_OBJECT_FILE\=NO
    export GENERATE_PROFILING_CODE\=NO
    export GENERATE_TEXT_BASED_STUBS\=NO
    export GID\=20
    export GROUP\=staff
    export HEADERMAP_INCLUDES_FLAT_ENTRIES_FOR_TARGET_BEING_BUILT\=YES
    export HEADERMAP_INCLUDES_FRAMEWORK_ENTRIES_FOR_ALL_PRODUCT_TYPES\=YES
    export HEADERMAP_INCLUDES_FRAMEWORK_ENTRIES_FOR_TARGETS_NOT_BEING_BUILT\=YES
    export HEADERMAP_INCLUDES_NONPUBLIC_NONPRIVATE_HEADERS\=YES
    export HEADERMAP_INCLUDES_PROJECT_HEADERS\=YES
    export HEADERMAP_USES_FRAMEWORK_PREFIX_ENTRIES\=YES
    export HEADERMAP_USES_VFS\=NO
    export HEADER_SEARCH_PATHS\=/Users/ppbuddy/Library/Developer/Xcode/DerivedData/RewardsPlanners-ekihbxkapylnzgekifxkpyiwfgsu/Build/Products/Debug-iphoneos/react-native-maps/include\ \ \"/Users/ppbuddy/Desktop/RewardsPlanner/ios/Pods/Headers/Private\"\ \"/Users/ppbuddy/Desktop/RewardsPlanner/ios/Pods/Headers/Private/react-native-maps\"\ \"/Users/ppbuddy/Desktop/RewardsPlanner/ios/Pods/Headers/Public\"\ \"/Users/ppbuddy/Desktop/RewardsPlanner/ios/Pods/Headers/Public/DoubleConversion\"\ \"/Users/ppbuddy/Desktop/RewardsPlanner/ios/Pods/Headers/Public/FBLazyVector\"\ \"/Users/ppbuddy/Desktop/RewardsPlanner/ios/Pods/Headers/Public/RCT-Folly\"\ \"/Users/ppbuddy/Desktop/RewardsPlanner/ios/Pods/Headers/Public/RCTDeprecation\"\ \"/Users/ppbuddy/Desktop/RewardsPlanner/ios/Pods/Headers/Public/RCTRequired\"\ \"/Users/ppbuddy/Desktop/RewardsPlanner/ios/Pods/Headers/Public/RCTTypeSafety\"\ \"/Users/ppbuddy/Desktop/RewardsPlanner/ios/Pods/Headers/Public/React-Core\"\ \"/Users/ppbuddy/Desktop/RewardsPlanner/ios/Pods/Headers/Public/React-Fabric\"\ \"/Users/ppbuddy/Desktop/RewardsPlanner/ios/Pods/Headers/Public/React-FabricComponents\"\ \"/Users/ppbuddy/Desktop/RewardsPlanner/ios/Pods/Headers/Public/React-FabricImage\"\ \"/Users/ppbuddy/Desktop/RewardsPlanner/ios/Pods/Headers/Public/React-ImageManager\"\ \"/Users/ppbuddy/Desktop/RewardsPlanner/ios/Pods/Headers/Public/React-Mapbuffer\"\ \"/Users/ppbuddy/Desktop/RewardsPlanner/ios/Pods/Headers/Public/React-NativeModulesApple\"\ \"/Users/ppbuddy/Desktop/RewardsPlanner/ios/Pods/Headers/Public/React-RCTAnimation\"\ \"/Users/ppbuddy/Desktop/RewardsPlanner/ios/Pods/Headers/Public/React-RCTAppDelegate\"\ \"/Users/ppbuddy/Desktop/RewardsPlanner/ios/Pods/Headers/Public/React-RCTBlob\"\ \"/Users/ppbuddy/Desktop/RewardsPlanner/ios/Pods/Headers/Public/React-RCTFBReactNativeSpec\"\ \"/Users/ppbuddy/Desktop/RewardsPlanner/ios/Pods/Headers/Public/React-RCTFabric\"\ \"/Users/ppbuddy/Desktop/RewardsPlanner/ios/Pods/Headers/Public/React-RCTRuntime\"\ \"/Users/ppbuddy/Desktop/RewardsPlanner/ios/Pods/Headers/Public/React-RCTText\"\ \"/Users/ppbuddy/Desktop/RewardsPlanner/ios/Pods/Headers/Public/React-RuntimeApple\"\ \"/Users/ppbuddy/Desktop/RewardsPlanner/ios/Pods/Headers/Public/React-RuntimeCore\"\ \"/Users/ppbuddy/Desktop/RewardsPlanner/ios/Pods/Headers/Public/React-RuntimeHermes\"\ \"/Users/ppbuddy/Desktop/RewardsPlanner/ios/Pods/Headers/Public/React-callinvoker\"\ \"/Users/ppbuddy/Desktop/RewardsPlanner/ios/Pods/Headers/Public/React-cxxreact\"\ \"/Users/ppbuddy/Desktop/RewardsPlanner/ios/Pods/Headers/Public/React-debug\"\ \"/Users/ppbuddy/Desktop/RewardsPlanner/ios/Pods/Headers/Public/React-defaultsnativemodule\"\ \"/Users/ppbuddy/Desktop/RewardsPlanner/ios/Pods/Headers/Public/React-domnativemodule\"\ \"/Users/ppbuddy/Desktop/RewardsPlanner/ios/Pods/Headers/Public/React-featureflags\"\ \"/Users/ppbuddy/Desktop/RewardsPlanner/ios/Pods/Headers/Public/React-featureflagsnativemodule\"\ \"/Users/ppbuddy/Desktop/RewardsPlanner/ios/Pods/Headers/Public/React-graphics\"\ \"/Users/ppbuddy/Desktop/RewardsPlanner/ios/Pods/Headers/Public/React-hermes\"\ \"/Users/ppbuddy/Desktop/RewardsPlanner/ios/Pods/Headers/Public/React-idlecallbacksnativemodule\"\ \"/Users/ppbuddy/Desktop/RewardsPlanner/ios/Pods/Headers/Public/React-jserrorhandler\"\ \"/Users/ppbuddy/Desktop/RewardsPlanner/ios/Pods/Headers/Public/React-jsi\"\ \"/Users/ppbuddy/Desktop/RewardsPlanner/ios/Pods/Headers/Public/React-jsiexecutor\"\ \"/Users/ppbuddy/Desktop/RewardsPlanner/ios/Pods/Headers/Public/React-jsinspector\"\ \"/Users/ppbuddy/Desktop/RewardsPlanner/ios/Pods/Headers/Public/React-jsinspectorcdp\"\ \"/Users/ppbuddy/Desktop/RewardsPlanner/ios/Pods/Headers/Public/React-jsinspectornetwork\"\ \"/Users/ppbuddy/Desktop/RewardsPlanner/ios/Pods/Headers/Public/React-jsinspectortracing\"\ \"/Users/ppbuddy/Desktop/RewardsPlanner/ios/Pods/Headers/Public/React-jsitooling\"\ \"/Users/ppbuddy/Desktop/RewardsPlanner/ios/Pods/Headers/Public/React-logger\"\ \"/Users/ppbuddy/Desktop/RewardsPlanner/ios/Pods/Headers/Public/React-microtasksnativemodule\"\ \"/Users/ppbuddy/Desktop/RewardsPlanner/ios/Pods/Headers/Public/React-oscompat\"\ \"/Users/ppbuddy/Desktop/RewardsPlanner/ios/Pods/Headers/Public/React-perflogger\"\ \"/Users/ppbuddy/Desktop/RewardsPlanner/ios/Pods/Headers/Public/React-performancecdpmetrics\"\ \"/Users/ppbuddy/Desktop/RewardsPlanner/ios/Pods/Headers/Public/React-performancetimeline\"\ \"/Users/ppbuddy/Desktop/RewardsPlanner/ios/Pods/Headers/Public/React-rendererconsistency\"\ \"/Users/ppbuddy/Desktop/RewardsPlanner/ios/Pods/Headers/Public/React-renderercss\"\ \"/Users/ppbuddy/Desktop/RewardsPlanner/ios/Pods/Headers/Public/React-rendererdebug\"\ \"/Users/ppbuddy/Desktop/RewardsPlanner/ios/Pods/Headers/Public/React-runtimeexecutor\"\ \"/Users/ppbuddy/Desktop/RewardsPlanner/ios/Pods/Headers/Public/React-runtimescheduler\"\ \"/Users/ppbuddy/Desktop/RewardsPlanner/ios/Pods/Headers/Public/React-timing\"\ \"/Users/ppbuddy/Desktop/RewardsPlanner/ios/Pods/Headers/Public/React-utils\"\ \"/Users/ppbuddy/Desktop/RewardsPlanner/ios/Pods/Headers/Public/React-webperformancenativemodule\"\ \"/Users/ppbuddy/Desktop/RewardsPlanner/ios/Pods/Headers/Public/ReactCodegen\"\ \"/Users/ppbuddy/Desktop/RewardsPlanner/ios/Pods/Headers/Public/ReactCommon\"\ \"/Users/ppbuddy/Desktop/RewardsPlanner/ios/Pods/Headers/Public/SocketRocket\"\ \"/Users/ppbuddy/Desktop/RewardsPlanner/ios/Pods/Headers/Public/Yoga\"\ \"/Users/ppbuddy/Desktop/RewardsPlanner/ios/Pods/Headers/Public/boost\"\ \"/Users/ppbuddy/Desktop/RewardsPlanner/ios/Pods/Headers/Public/fast_float\"\ \"/Users/ppbuddy/Desktop/RewardsPlanner/ios/Pods/Headers/Public/fmt\"\ \"/Users/ppbuddy/Desktop/RewardsPlanner/ios/Pods/Headers/Public/glog\"\ \"/Users/ppbuddy/Desktop/RewardsPlanner/ios/Pods/Headers/Public/hermes-engine\"\ \"/Users/ppbuddy/Desktop/RewardsPlanner/ios/Pods/Headers/Public/react-native-maps\"\ \"/Users/ppbuddy/Desktop/RewardsPlanner/ios/Pods/Headers/Private/Yoga\"
    export HOME\=/Users/ppbuddy
    export HOST_ARCH\=arm64
    export HOST_PLATFORM\=macosx
    export ICONV\=/usr/bin/iconv
    export IMPLICIT_DEPENDENCY_DOMAIN\=default
    export INFOPLIST_ENABLE_CFBUNDLEICONS_MERGE\=YES
    export INFOPLIST_EXPAND_BUILD_SETTINGS\=YES
    export INFOPLIST_OUTPUT_FORMAT\=binary
    export INFOPLIST_PREPROCESS\=NO
    export INLINE_PRIVATE_FRAMEWORKS\=NO
    export INSTALLAPI_IGNORE_SKIP_INSTALL\=YES
    export INSTALLHDRS_COPY_PHASE\=NO
    export INSTALLHDRS_SCRIPT_PHASE\=NO
    export INSTALL_DIR\=/tmp/Pods.dst/usr/local/lib
    export INSTALL_GROUP\=staff
    export INSTALL_MODE_FLAG\=u+w,go-w,a+rX
    export INSTALL_OWNER\=ppbuddy
    export INSTALL_PATH\=/usr/local/lib
    export INSTALL_ROOT\=/tmp/Pods.dst
    export IPHONEOS_DEPLOYMENT_TARGET\=15.1
    export IS_UNOPTIMIZED_BUILD\=YES
    export JAVAC_DEFAULT_FLAGS\=-J-Xms64m\ -J-XX:NewSize\=4M\ -J-Dfile.encoding\=UTF8
    export JAVA_APP_STUB\=/System/Library/Frameworks/JavaVM.framework/Resources/MacOS/JavaApplicationStub
    export JAVA_ARCHIVE_CLASSES\=YES
    export JAVA_ARCHIVE_TYPE\=JAR
    export JAVA_COMPILER\=/usr/bin/javac
    export JAVA_FRAMEWORK_RESOURCES_DIRS\=Resources
    export JAVA_JAR_FLAGS\=cv
    export JAVA_SOURCE_SUBDIR\=.
    export JAVA_USE_DEPENDENCIES\=YES
    export JAVA_ZIP_FLAGS\=-urg
    export JIKES_DEFAULT_FLAGS\=+E\ +OLDCSO
    export KASAN_CFLAGS_CLASSIC\=-DKASAN\=1\ -DKASAN_CLASSIC\=1\ -fsanitize\=address\ -mllvm\ -asan-globals-live-support\ -mllvm\ -asan-force-dynamic-shadow
    export KASAN_CFLAGS_TBI\=-DKASAN\=1\ -DKASAN_TBI\=1\ -fsanitize\=kernel-hwaddress\ -mllvm\ -hwasan-recover\=0\ -mllvm\ -hwasan-instrument-atomics\=0\ -mllvm\ -hwasan-instrument-stack\=1\ -mllvm\ -hwasan-generate-tags-with-calls\=1\ -mllvm\ -hwasan-instrument-with-calls\=1\ -mllvm\ -hwasan-use-short-granules\=0\ -mllvm\ -hwasan-memory-access-callback-prefix\=__asan_
    export KASAN_DEFAULT_CFLAGS\=-DKASAN\=1\ -DKASAN_CLASSIC\=1\ -fsanitize\=address\ -mllvm\ -asan-globals-live-support\ -mllvm\ -asan-force-dynamic-shadow
    export KEEP_PRIVATE_EXTERNS\=NO
    export LD_DEPENDENCY_INFO_FILE\=/Users/ppbuddy/Library/Developer/Xcode/DerivedData/RewardsPlanners-ekihbxkapylnzgekifxkpyiwfgsu/Build/Intermediates.noindex/Pods.build/Debug-iphoneos/react-native-maps.build/Objects-normal/undefined_arch/react-native-maps_dependency_info.dat
    export LD_EXPORT_SYMBOLS\=YES
    export LD_GENERATE_MAP_FILE\=NO
    export LD_MAP_FILE_PATH\=/Users/ppbuddy/Library/Developer/Xcode/DerivedData/RewardsPlanners-ekihbxkapylnzgekifxkpyiwfgsu/Build/Intermediates.noindex/Pods.build/Debug-iphoneos/react-native-maps.build/react-native-maps-LinkMap-normal-undefined_arch.txt
    export LD_NO_PIE\=NO
    export LD_QUOTE_LINKER_ARGUMENTS_FOR_COMPILER_DRIVER\=YES
    export LD_SHARED_CACHE_ELIGIBLE\=Automatic
    export LD_WARN_DUPLICATE_LIBRARIES\=NO
    export LD_WARN_UNUSED_DYLIBS\=NO
    export LEGACY_DEVELOPER_DIR\=/Users/ppbuddy/Downloads/Xcode.app/Contents/PlugIns/Xcode3Core.ideplugin/Contents/SharedSupport/Developer
    export LEX\=lex
    export LIBRARY_DEXT_INSTALL_PATH\=/Library/DriverExtensions
    export LIBRARY_FLAG_NOSPACE\=YES
    export LIBRARY_FLAG_PREFIX\=-l
    export LIBRARY_KEXT_INSTALL_PATH\=/Library/Extensions
    export LIBRARY_SEARCH_PATHS\=/Users/ppbuddy/Library/Developer/Xcode/DerivedData/RewardsPlanners-ekihbxkapylnzgekifxkpyiwfgsu/Build/Products/Debug-iphoneos/react-native-maps\ 
    export LINKER_DISPLAYS_MANGLED_NAMES\=NO
    export LINK_FILE_LIST_normal_arm64\=/Users/ppbuddy/Library/Developer/Xcode/DerivedData/RewardsPlanners-ekihbxkapylnzgekifxkpyiwfgsu/Build/Intermediates.noindex/Pods.build/Debug-iphoneos/react-native-maps.build/Objects-normal/arm64/react-native-maps.LinkFileList
    export LINK_OBJC_RUNTIME\=YES
    export LINK_WITH_STANDARD_LIBRARIES\=YES
    export LLVM_TARGET_TRIPLE_OS_VERSION\=ios15.1
    export LLVM_TARGET_TRIPLE_VENDOR\=apple
    export LM_AUX_CONST_METADATA_LIST_PATH_normal_arm64\=/Users/ppbuddy/Library/Developer/Xcode/DerivedData/RewardsPlanners-ekihbxkapylnzgekifxkpyiwfgsu/Build/Intermediates.noindex/Pods.build/Debug-iphoneos/react-native-maps.build/Objects-normal/arm64/react-native-maps.SwiftConstValuesFileList
    export LOCALIZATION_EXPORT_SUPPORTED\=YES
    export LOCALIZATION_PREFERS_STRING_CATALOGS\=NO
    export LOCALIZED_STRING_MACRO_NAMES\=NSLocalizedString\ CFCopyLocalizedString
    export LOCALIZED_STRING_SWIFTUI_SUPPORT\=YES
    export LOCAL_ADMIN_APPS_DIR\=/Applications/Utilities
    export LOCAL_APPS_DIR\=/Applications
    export LOCAL_DEVELOPER_DIR\=/Library/Developer
    export LOCAL_LIBRARY_DIR\=/Library
    export LOCROOT\=/Users/ppbuddy/Desktop/RewardsPlanner/ios/Pods
    export LOCSYMROOT\=/Users/ppbuddy/Desktop/RewardsPlanner/ios/Pods
    export MACH_O_TYPE\=staticlib
    export MAC_OS_X_PRODUCT_BUILD_VERSION\=24G90
    export MAC_OS_X_VERSION_ACTUAL\=150601
    export MAC_OS_X_VERSION_MAJOR\=150000
    export MAC_OS_X_VERSION_MINOR\=150600
    export MAKE_MERGEABLE\=NO
    export MERGEABLE_LIBRARY\=NO
    export MERGED_BINARY_TYPE\=none
    export MERGE_LINKED_LIBRARIES\=NO
    export METAL_LIBRARY_FILE_BASE\=default
    export METAL_LIBRARY_OUTPUT_DIR\=/Users/ppbuddy/Library/Developer/Xcode/DerivedData/RewardsPlanners-ekihbxkapylnzgekifxkpyiwfgsu/Build/Products/Debug-iphoneos/react-native-maps/
    export MODULE_CACHE_DIR\=/Users/ppbuddy/Library/Developer/Xcode/DerivedData/ModuleCache.noindex
    export MTL_ENABLE_DEBUG_INFO\=INCLUDE_SOURCE
    export MTL_FAST_MATH\=YES
    export NATIVE_ARCH\=arm64
    export NATIVE_ARCH_32_BIT\=arm
    export NATIVE_ARCH_64_BIT\=arm64
    export NATIVE_ARCH_ACTUAL\=arm64
    export NO_COMMON\=YES
    export OBJECT_FILE_DIR\=/Users/ppbuddy/Library/Developer/Xcode/DerivedData/RewardsPlanners-ekihbxkapylnzgekifxkpyiwfgsu/Build/Intermediates.noindex/Pods.build/Debug-iphoneos/react-native-maps.build/Objects
    export OBJECT_FILE_DIR_normal\=/Users/ppbuddy/Library/Developer/Xcode/DerivedData/RewardsPlanners-ekihbxkapylnzgekifxkpyiwfgsu/Build/Intermediates.noindex/Pods.build/Debug-iphoneos/react-native-maps.build/Objects-normal
    export OBJROOT\=/Users/ppbuddy/Library/Developer/Xcode/DerivedData/RewardsPlanners-ekihbxkapylnzgekifxkpyiwfgsu/Build/Intermediates.noindex
    export ONLY_ACTIVE_ARCH\=YES
    export OS\=MACOS
    export OSAC\=/usr/bin/osacompile
    export OTHER_CFLAGS\=\ -fmodule-map-file\=\"/Users/ppbuddy/Desktop/RewardsPlanner/ios/Pods/Headers/Public/DoubleConversion/DoubleConversion.modulemap\"\ -fmodule-map-file\=\"/Users/ppbuddy/Desktop/RewardsPlanner/ios/Pods/Headers/Public/RCTDeprecation/RCTDeprecation.modulemap\"\ -fmodule-map-file\=\"/Users/ppbuddy/Desktop/RewardsPlanner/ios/Pods/Headers/Public/RCTFabric/React-RCTFabric.modulemap\"\ -fmodule-map-file\=\"/Users/ppbuddy/Desktop/RewardsPlanner/ios/Pods/Headers/Public/RCTImage/React-RCTImage.modulemap\"\ -fmodule-map-file\=\"/Users/ppbuddy/Desktop/RewardsPlanner/ios/Pods/Headers/Public/RCTRuntime/React-RCTRuntime.modulemap\"\ -fmodule-map-file\=\"/Users/ppbuddy/Desktop/RewardsPlanner/ios/Pods/Headers/Public/RCTTypeSafety/RCTTypeSafety.modulemap\"\ -fmodule-map-file\=\"/Users/ppbuddy/Desktop/RewardsPlanner/ios/Pods/Headers/Public/React/React-Core.modulemap\"\ -fmodule-map-file\=\"/Users/ppbuddy/Desktop/RewardsPlanner/ios/Pods/Headers/Public/ReactCodegen/ReactCodegen.modulemap\"\ -fmodule-map-file\=\"/Users/ppbuddy/Desktop/RewardsPlanner/ios/Pods/Headers/Public/ReactCommon/ReactCommon.modulemap\"\ -fmodule-map-file\=\"/Users/ppbuddy/Desktop/RewardsPlanner/ios/Pods/Headers/Public/React_Fabric/React-Fabric.modulemap\"\ -fmodule-map-file\=\"/Users/ppbuddy/Desktop/RewardsPlanner/ios/Pods/Headers/Public/React_FabricComponents/React-FabricComponents.modulemap\"\ -fmodule-map-file\=\"/Users/ppbuddy/Desktop/RewardsPlanner/ios/Pods/Headers/Public/React_NativeModulesApple/React-NativeModulesApple.modulemap\"\ -fmodule-map-file\=\"/Users/ppbuddy/Desktop/RewardsPlanner/ios/Pods/Headers/Public/React_RCTAppDelegate/React-RCTAppDelegate.modulemap\"\ -fmodule-map-file\=\"/Users/ppbuddy/Desktop/RewardsPlanner/ios/Pods/Headers/Public/React_runtimeexecutor/React-runtimeexecutor.modulemap\"\ -fmodule-map-file\=\"/Users/ppbuddy/Desktop/RewardsPlanner/ios/Pods/Headers/Public/SocketRocket/SocketRocket.modulemap\"\ -fmodule-map-file\=\"/Users/ppbuddy/Desktop/RewardsPlanner/ios/Pods/Headers/Public/fmt/fmt.modulemap\"\ -fmodule-map-file\=\"/Users/ppbuddy/Desktop/RewardsPlanner/ios/Pods/Headers/Public/folly/RCT-Folly.modulemap\"\ -fmodule-map-file\=\"/Users/ppbuddy/Desktop/RewardsPlanner/ios/Pods/Headers/Public/glog/glog.modulemap\"\ -fmodule-map-file\=\"/Users/ppbuddy/Desktop/RewardsPlanner/ios/Pods/Headers/Public/jsi/React-jsi.modulemap\"\ -fmodule-map-file\=\"/Users/ppbuddy/Desktop/RewardsPlanner/ios/Pods/Headers/Public/jsinspector_modern/React-jsinspector.modulemap\"\ -fmodule-map-file\=\"/Users/ppbuddy/Desktop/RewardsPlanner/ios/Pods/Headers/Public/jsinspector_modern_cdp/React-jsinspectorcdp.modulemap\"\ -fmodule-map-file\=\"/Users/ppbuddy/Desktop/RewardsPlanner/ios/Pods/Headers/Public/jsinspector_modern_network/React-jsinspectornetwork.modulemap\"\ -fmodule-map-file\=\"/Users/ppbuddy/Desktop/RewardsPlanner/ios/Pods/Headers/Public/jsinspector_modern_tracing/React-jsinspectortracing.modulemap\"\ -fmodule-map-file\=\"/Users/ppbuddy/Desktop/RewardsPlanner/ios/Pods/Headers/Public/react_debug/React-debug.modulemap\"\ -fmodule-map-file\=\"/Users/ppbuddy/Desktop/RewardsPlanner/ios/Pods/Headers/Public/react_featureflags/React-featureflags.modulemap\"\ -fmodule-map-file\=\"/Users/ppbuddy/Desktop/RewardsPlanner/ios/Pods/Headers/Public/react_nativemodule_defaults/React-defaultsnativemodule.modulemap\"\ -fmodule-map-file\=\"/Users/ppbuddy/Desktop/RewardsPlanner/ios/Pods/Headers/Public/react_nativemodule_dom/React-domnativemodule.modulemap\"\ -fmodule-map-file\=\"/Users/ppbuddy/Desktop/RewardsPlanner/ios/Pods/Headers/Public/react_nativemodule_featureflags/React-featureflagsnativemodule.modulemap\"\ -fmodule-map-file\=\"/Users/ppbuddy/Desktop/RewardsPlanner/ios/Pods/Headers/Public/react_nativemodule_idlecallbacks/React-idlecallbacksnativemodule.modulemap\"\ -fmodule-map-file\=\"/Users/ppbuddy/Desktop/RewardsPlanner/ios/Pods/Headers/Public/react_nativemodule_microtasks/React-microtasksnativemodule.modulemap\"\ -fmodule-map-file\=\"/Users/ppbuddy/Desktop/RewardsPlanner/ios/Pods/Headers/Public/react_nativemodule_webperformance/React-webperformancenativemodule.modulemap\"\ -fmodule-map-file\=\"/Users/ppbuddy/Desktop/RewardsPlanner/ios/Pods/Headers/Public/react_renderer_css/React-renderercss.modulemap\"\ -fmodule-map-file\=\"/Users/ppbuddy/Desktop/RewardsPlanner/ios/Pods/Headers/Public/react_renderer_debug/React-rendererdebug.modulemap\"\ -fmodule-map-file\=\"/Users/ppbuddy/Desktop/RewardsPlanner/ios/Pods/Headers/Public/react_renderer_graphics/React-graphics.modulemap\"\ -fmodule-map-file\=\"/Users/ppbuddy/Desktop/RewardsPlanner/ios/Pods/Headers/Public/react_renderer_imagemanager/React-ImageManager.modulemap\"\ -fmodule-map-file\=\"/Users/ppbuddy/Desktop/RewardsPlanner/ios/Pods/Headers/Public/react_runtime/React-jsitooling.modulemap\"\ -fmodule-map-file\=\"/Users/ppbuddy/Desktop/RewardsPlanner/ios/Pods/Headers/Public/react_utils/React-utils.modulemap\"\ -fmodule-map-file\=\"/Users/ppbuddy/Desktop/RewardsPlanner/ios/Pods/Headers/Public/reacthermes/React-hermes.modulemap\"\ -fmodule-map-file\=\"/Users/ppbuddy/Desktop/RewardsPlanner/ios/Pods/Headers/Public/yoga/Yoga.modulemap\"
    export OTHER_CPLUSPLUSFLAGS\=\ -fmodule-map-file\=\"/Users/ppbuddy/Desktop/RewardsPlanner/ios/Pods/Headers/Public/DoubleConversion/DoubleConversion.modulemap\"\ -fmodule-map-file\=\"/Users/ppbuddy/Desktop/RewardsPlanner/ios/Pods/Headers/Public/RCTDeprecation/RCTDeprecation.modulemap\"\ -fmodule-map-file\=\"/Users/ppbuddy/Desktop/RewardsPlanner/ios/Pods/Headers/Public/RCTFabric/React-RCTFabric.modulemap\"\ -fmodule-map-file\=\"/Users/ppbuddy/Desktop/RewardsPlanner/ios/Pods/Headers/Public/RCTImage/React-RCTImage.modulemap\"\ -fmodule-map-file\=\"/Users/ppbuddy/Desktop/RewardsPlanner/ios/Pods/Headers/Public/RCTRuntime/React-RCTRuntime.modulemap\"\ -fmodule-map-file\=\"/Users/ppbuddy/Desktop/RewardsPlanner/ios/Pods/Headers/Public/RCTTypeSafety/RCTTypeSafety.modulemap\"\ -fmodule-map-file\=\"/Users/ppbuddy/Desktop/RewardsPlanner/ios/Pods/Headers/Public/React/React-Core.modulemap\"\ -fmodule-map-file\=\"/Users/ppbuddy/Desktop/RewardsPlanner/ios/Pods/Headers/Public/ReactCodegen/ReactCodegen.modulemap\"\ -fmodule-map-file\=\"/Users/ppbuddy/Desktop/RewardsPlanner/ios/Pods/Headers/Public/ReactCommon/ReactCommon.modulemap\"\ -fmodule-map-file\=\"/Users/ppbuddy/Desktop/RewardsPlanner/ios/Pods/Headers/Public/React_Fabric/React-Fabric.modulemap\"\ -fmodule-map-file\=\"/Users/ppbuddy/Desktop/RewardsPlanner/ios/Pods/Headers/Public/React_FabricComponents/React-FabricComponents.modulemap\"\ -fmodule-map-file\=\"/Users/ppbuddy/Desktop/RewardsPlanner/ios/Pods/Headers/Public/React_NativeModulesApple/React-NativeModulesApple.modulemap\"\ -fmodule-map-file\=\"/Users/ppbuddy/Desktop/RewardsPlanner/ios/Pods/Headers/Public/React_RCTAppDelegate/React-RCTAppDelegate.modulemap\"\ -fmodule-map-file\=\"/Users/ppbuddy/Desktop/RewardsPlanner/ios/Pods/Headers/Public/React_runtimeexecutor/React-runtimeexecutor.modulemap\"\ -fmodule-map-file\=\"/Users/ppbuddy/Desktop/RewardsPlanner/ios/Pods/Headers/Public/SocketRocket/SocketRocket.modulemap\"\ -fmodule-map-file\=\"/Users/ppbuddy/Desktop/RewardsPlanner/ios/Pods/Headers/Public/fmt/fmt.modulemap\"\ -fmodule-map-file\=\"/Users/ppbuddy/Desktop/RewardsPlanner/ios/Pods/Headers/Public/folly/RCT-Folly.modulemap\"\ -fmodule-map-file\=\"/Users/ppbuddy/Desktop/RewardsPlanner/ios/Pods/Headers/Public/glog/glog.modulemap\"\ -fmodule-map-file\=\"/Users/ppbuddy/Desktop/RewardsPlanner/ios/Pods/Headers/Public/jsi/React-jsi.modulemap\"\ -fmodule-map-file\=\"/Users/ppbuddy/Desktop/RewardsPlanner/ios/Pods/Headers/Public/jsinspector_modern/React-jsinspector.modulemap\"\ -fmodule-map-file\=\"/Users/ppbuddy/Desktop/RewardsPlanner/ios/Pods/Headers/Public/jsinspector_modern_cdp/React-jsinspectorcdp.modulemap\"\ -fmodule-map-file\=\"/Users/ppbuddy/Desktop/RewardsPlanner/ios/Pods/Headers/Public/jsinspector_modern_network/React-jsinspectornetwork.modulemap\"\ -fmodule-map-file\=\"/Users/ppbuddy/Desktop/RewardsPlanner/ios/Pods/Headers/Public/jsinspector_modern_tracing/React-jsinspectortracing.modulemap\"\ -fmodule-map-file\=\"/Users/ppbuddy/Desktop/RewardsPlanner/ios/Pods/Headers/Public/react_debug/React-debug.modulemap\"\ -fmodule-map-file\=\"/Users/ppbuddy/Desktop/RewardsPlanner/ios/Pods/Headers/Public/react_featureflags/React-featureflags.modulemap\"\ -fmodule-map-file\=\"/Users/ppbuddy/Desktop/RewardsPlanner/ios/Pods/Headers/Public/react_nativemodule_defaults/React-defaultsnativemodule.modulemap\"\ -fmodule-map-file\=\"/Users/ppbuddy/Desktop/RewardsPlanner/ios/Pods/Headers/Public/react_nativemodule_dom/React-domnativemodule.modulemap\"\ -fmodule-map-file\=\"/Users/ppbuddy/Desktop/RewardsPlanner/ios/Pods/Headers/Public/react_nativemodule_featureflags/React-featureflagsnativemodule.modulemap\"\ -fmodule-map-file\=\"/Users/ppbuddy/Desktop/RewardsPlanner/ios/Pods/Headers/Public/react_nativemodule_idlecallbacks/React-idlecallbacksnativemodule.modulemap\"\ -fmodule-map-file\=\"/Users/ppbuddy/Desktop/RewardsPlanner/ios/Pods/Headers/Public/react_nativemodule_microtasks/React-microtasksnativemodule.modulemap\"\ -fmodule-map-file\=\"/Users/ppbuddy/Desktop/RewardsPlanner/ios/Pods/Headers/Public/react_nativemodule_webperformance/React-webperformancenativemodule.modulemap\"\ -fmodule-map-file\=\"/Users/ppbuddy/Desktop/RewardsPlanner/ios/Pods/Headers/Public/react_renderer_css/React-renderercss.modulemap\"\ -fmodule-map-file\=\"/Users/ppbuddy/Desktop/RewardsPlanner/ios/Pods/Headers/Public/react_renderer_debug/React-rendererdebug.modulemap\"\ -fmodule-map-file\=\"/Users/ppbuddy/Desktop/RewardsPlanner/ios/Pods/Headers/Public/react_renderer_graphics/React-graphics.modulemap\"\ -fmodule-map-file\=\"/Users/ppbuddy/Desktop/RewardsPlanner/ios/Pods/Headers/Public/react_renderer_imagemanager/React-ImageManager.modulemap\"\ -fmodule-map-file\=\"/Users/ppbuddy/Desktop/RewardsPlanner/ios/Pods/Headers/Public/react_runtime/React-jsitooling.modulemap\"\ -fmodule-map-file\=\"/Users/ppbuddy/Desktop/RewardsPlanner/ios/Pods/Headers/Public/react_utils/React-utils.modulemap\"\ -fmodule-map-file\=\"/Users/ppbuddy/Desktop/RewardsPlanner/ios/Pods/Headers/Public/reacthermes/React-hermes.modulemap\"\ -fmodule-map-file\=\"/Users/ppbuddy/Desktop/RewardsPlanner/ios/Pods/Headers/Public/yoga/Yoga.modulemap\"\ -DRCT_NEW_ARCH_ENABLED\=1
    export OTHER_SWIFT_FLAGS\=\ -DRCT_NEW_ARCH_ENABLED
    export PACKAGE_TYPE\=com.apple.package-type.static-library
    export PASCAL_STRINGS\=YES
    export PATH\=/Users/ppbuddy/Downloads/Xcode.app/Contents/SharedFrameworks/SwiftBuild.framework/Versions/A/PlugIns/SWBBuildService.bundle/Contents/PlugIns/SWBUniversalPlatformPlugin.bundle/Contents/Frameworks/SWBUniversalPlatform.framework/Resources:/Users/ppbuddy/Downloads/Xcode.app/Contents/Developer/Toolchains/XcodeDefault.xctoolchain/usr/bin:/Users/ppbuddy/Downloads/Xcode.app/Contents/Developer/Toolchains/XcodeDefault.xctoolchain/usr/local/bin:/Users/ppbuddy/Downloads/Xcode.app/Contents/Developer/Toolchains/XcodeDefault.xctoolchain/usr/libexec:/Users/ppbuddy/Downloads/Xcode.app/Contents/Developer/Platforms/iPhoneOS.platform/usr/bin:/Users/ppbuddy/Downloads/Xcode.app/Contents/Developer/Platforms/iPhoneOS.platform/usr/local/bin:/Users/ppbuddy/Downloads/Xcode.app/Contents/Developer/Platforms/iPhoneOS.platform/Developer/usr/bin:/Users/ppbuddy/Downloads/Xcode.app/Contents/Developer/Platforms/iPhoneOS.platform/Developer/usr/local/bin:/Users/ppbuddy/Downloads/Xcode.app/Contents/Developer/usr/bin:/Users/ppbuddy/Downloads/Xcode.app/Contents/Developer/usr/local/bin:/Users/ppbuddy/Desktop/RewardsPlanner/node_modules/.bin:/Users/ppbuddy/Desktop/node_modules/.bin:/Users/ppbuddy/node_modules/.bin:/Users/node_modules/.bin:/node_modules/.bin:/Users/ppbuddy/.nvm/versions/node/v22.23.1/lib/node_modules/npm/node_modules/@npmcli/run-script/lib/node-gyp-bin:/Users/ppbuddy/.nvm/versions/node/v22.23.1/bin:/usr/local/mysql-9.0.1-macos14-arm64/bin:/opt/homebrew/bin:/Library/Frameworks/Python.framework/Versions/3.12/bin:/Users/ppbuddy/.console-ninja/.bin:/Users/ppbuddy/Library/Application\ Support/Code/User/globalStorage/github.copilot-chat/debugCommand:/Users/ppbuddy/Library/Application\ Support/Code/User/globalStorage/github.copilot-chat/copilotCli:/opt/homebrew/sbin:/usr/local/bin:/System/Cryptexes/App/usr/bin:/usr/bin:/bin:/usr/sbin:/sbin:/var/run/com.apple.security.cryptexd/codex.system/bootstrap/usr/local/bin:/var/run/com.apple.security.cryptexd/codex.system/bootstrap/usr/bin:/var/run/com.apple.security.cryptexd/codex.system/bootstrap/usr/appleinternal/bin:/Library/Apple/usr/bin:/Users/ppbuddy/.local/bin:/Users/ppbuddy/Library/Android/sdk/platform-tools:/Users/ppbuddy/Library/Android/sdk/emulator:/Users/ppbuddy/.npm-global/bin:/Users/ppbuddy/.vscode/extensions/vscjava.vscode-java-debug-0.59.0/bundled/scripts/noConfigScripts
    export PATH_PREFIXES_EXCLUDED_FROM_HEADER_DEPENDENCIES\=/usr/include\ /usr/local/include\ /System/Library/Frameworks\ /System/Library/PrivateFrameworks\ /Users/ppbuddy/Downloads/Xcode.app/Contents/Developer/Headers\ /Users/ppbuddy/Downloads/Xcode.app/Contents/Developer/SDKs\ /Users/ppbuddy/Downloads/Xcode.app/Contents/Developer/Platforms
    export PER_ARCH_MODULE_FILE_DIR\=/Users/ppbuddy/Library/Developer/Xcode/DerivedData/RewardsPlanners-ekihbxkapylnzgekifxkpyiwfgsu/Build/Intermediates.noindex/Pods.build/Debug-iphoneos/react-native-maps.build/Objects-normal/undefined_arch
    export PER_ARCH_OBJECT_FILE_DIR\=/Users/ppbuddy/Library/Developer/Xcode/DerivedData/RewardsPlanners-ekihbxkapylnzgekifxkpyiwfgsu/Build/Intermediates.noindex/Pods.build/Debug-iphoneos/react-native-maps.build/Objects-normal/undefined_arch
    export PER_VARIANT_OBJECT_FILE_DIR\=/Users/ppbuddy/Library/Developer/Xcode/DerivedData/RewardsPlanners-ekihbxkapylnzgekifxkpyiwfgsu/Build/Intermediates.noindex/Pods.build/Debug-iphoneos/react-native-maps.build/Objects-normal
    export PKGINFO_FILE_PATH\=/Users/ppbuddy/Library/Developer/Xcode/DerivedData/RewardsPlanners-ekihbxkapylnzgekifxkpyiwfgsu/Build/Intermediates.noindex/Pods.build/Debug-iphoneos/react-native-maps.build/PkgInfo
    export PLATFORM_DEVELOPER_APPLICATIONS_DIR\=/Users/ppbuddy/Downloads/Xcode.app/Contents/Developer/Platforms/iPhoneOS.platform/Developer/Applications
    export PLATFORM_DEVELOPER_BIN_DIR\=/Users/ppbuddy/Downloads/Xcode.app/Contents/Developer/Platforms/iPhoneOS.platform/Developer/usr/bin
    export PLATFORM_DEVELOPER_LIBRARY_DIR\=/Users/ppbuddy/Downloads/Xcode.app/Contents/Developer/Platforms/iPhoneOS.platform/Developer/Library
    export PLATFORM_DEVELOPER_SDK_DIR\=/Users/ppbuddy/Downloads/Xcode.app/Contents/Developer/Platforms/iPhoneOS.platform/Developer/SDKs
    export PLATFORM_DEVELOPER_TOOLS_DIR\=/Users/ppbuddy/Downloads/Xcode.app/Contents/Developer/Platforms/iPhoneOS.platform/Developer/Tools
    export PLATFORM_DEVELOPER_USR_DIR\=/Users/ppbuddy/Downloads/Xcode.app/Contents/Developer/Platforms/iPhoneOS.platform/Developer/usr
    export PLATFORM_DIR\=/Users/ppbuddy/Downloads/Xcode.app/Contents/Developer/Platforms/iPhoneOS.platform
    export PLATFORM_DISPLAY_NAME\=iOS
    export PLATFORM_FAMILY_NAME\=iOS
    export PLATFORM_NAME\=iphoneos
    export PLATFORM_PREFERRED_ARCH\=arm64
    export PLATFORM_PRODUCT_BUILD_VERSION\=23A339
    export PLATFORM_REQUIRES_SWIFT_AUTOLINK_EXTRACT\=NO
    export PLATFORM_REQUIRES_SWIFT_MODULEWRAP\=NO
    export PLIST_FILE_OUTPUT_FORMAT\=binary
    export PODS_BUILD_DIR\=/Users/ppbuddy/Library/Developer/Xcode/DerivedData/RewardsPlanners-ekihbxkapylnzgekifxkpyiwfgsu/Build/Products
    export PODS_CONFIGURATION_BUILD_DIR\=/Users/ppbuddy/Library/Developer/Xcode/DerivedData/RewardsPlanners-ekihbxkapylnzgekifxkpyiwfgsu/Build/Products/Debug-iphoneos
    export PODS_DEVELOPMENT_LANGUAGE\=en
    export PODS_ROOT\=/Users/ppbuddy/Desktop/RewardsPlanner/ios/Pods
    export PODS_TARGET_SRCROOT\=/Users/ppbuddy/Desktop/RewardsPlanner/ios/Pods/../../node_modules/react-native-maps
    export PODS_XCFRAMEWORKS_BUILD_DIR\=/Users/ppbuddy/Library/Developer/Xcode/DerivedData/RewardsPlanners-ekihbxkapylnzgekifxkpyiwfgsu/Build/Products/Debug-iphoneos/XCFrameworkIntermediates
    export PRECOMPS_INCLUDE_HEADERS_FROM_BUILT_PRODUCTS_DIR\=YES
    export PRECOMP_DESTINATION_DIR\=/Users/ppbuddy/Library/Developer/Xcode/DerivedData/RewardsPlanners-ekihbxkapylnzgekifxkpyiwfgsu/Build/Intermediates.noindex/Pods.build/Debug-iphoneos/react-native-maps.build/PrefixHeaders
    export PROCESSED_INFOPLIST_PATH\=/Users/ppbuddy/Library/Developer/Xcode/DerivedData/RewardsPlanners-ekihbxkapylnzgekifxkpyiwfgsu/Build/Intermediates.noindex/Pods.build/Debug-iphoneos/react-native-maps.build/Objects-normal/undefined_arch/Processed-Info.plist
    export PRODUCT_BUNDLE_IDENTIFIER\=org.cocoapods.react-native-maps
    export PRODUCT_MODULE_NAME\=ReactNativeMaps
    export PRODUCT_NAME\=react-native-maps
    export PRODUCT_SETTINGS_PATH\=
    export PRODUCT_TYPE\=com.apple.product-type.library.static
    export PROFILING_CODE\=NO
    export PROJECT\=Pods
    export PROJECT_DERIVED_FILE_DIR\=/Users/ppbuddy/Library/Developer/Xcode/DerivedData/RewardsPlanners-ekihbxkapylnzgekifxkpyiwfgsu/Build/Intermediates.noindex/Pods.build/DerivedSources
    export PROJECT_DIR\=/Users/ppbuddy/Desktop/RewardsPlanner/ios/Pods
    export PROJECT_FILE_PATH\=/Users/ppbuddy/Desktop/RewardsPlanner/ios/Pods/Pods.xcodeproj
    export PROJECT_GUID\=8699adb1dd336b26511df848a716bd42
    export PROJECT_NAME\=Pods
    export PROJECT_TEMP_DIR\=/Users/ppbuddy/Library/Developer/Xcode/DerivedData/RewardsPlanners-ekihbxkapylnzgekifxkpyiwfgsu/Build/Intermediates.noindex/Pods.build
    export PROJECT_TEMP_ROOT\=/Users/ppbuddy/Library/Developer/Xcode/DerivedData/RewardsPlanners-ekihbxkapylnzgekifxkpyiwfgsu/Build/Intermediates.noindex
    export REACT_NATIVE_PATH\=/Users/ppbuddy/Desktop/RewardsPlanner/ios/Pods/../../node_modules/react-native
    export RECOMMENDED_IPHONEOS_DEPLOYMENT_TARGET\=15.0
    export RECURSIVE_SEARCH_PATHS_FOLLOW_SYMLINKS\=YES
    export REMOVE_CVS_FROM_RESOURCES\=YES
    export REMOVE_GIT_FROM_RESOURCES\=YES
    export REMOVE_HEADERS_FROM_EMBEDDED_BUNDLES\=YES
    export REMOVE_HG_FROM_RESOURCES\=YES
    export REMOVE_STATIC_EXECUTABLES_FROM_EMBEDDED_BUNDLES\=YES
    export REMOVE_SVN_FROM_RESOURCES\=YES
    export RESCHEDULE_INDEPENDENT_HEADERS_PHASES\=YES
    export REZ_COLLECTOR_DIR\=/Users/ppbuddy/Library/Developer/Xcode/DerivedData/RewardsPlanners-ekihbxkapylnzgekifxkpyiwfgsu/Build/Intermediates.noindex/Pods.build/Debug-iphoneos/react-native-maps.build/ResourceManagerResources
    export REZ_EXECUTABLE\=YES
    export REZ_OBJECTS_DIR\=/Users/ppbuddy/Library/Developer/Xcode/DerivedData/RewardsPlanners-ekihbxkapylnzgekifxkpyiwfgsu/Build/Intermediates.noindex/Pods.build/Debug-iphoneos/react-native-maps.build/ResourceManagerResources/Objects
    export REZ_SEARCH_PATHS\=/Users/ppbuddy/Library/Developer/Xcode/DerivedData/RewardsPlanners-ekihbxkapylnzgekifxkpyiwfgsu/Build/Products/Debug-iphoneos/react-native-maps\ 
    export RUNTIME_EXCEPTION_ALLOW_DYLD_ENVIRONMENT_VARIABLES\=NO
    export RUNTIME_EXCEPTION_ALLOW_JIT\=NO
    export RUNTIME_EXCEPTION_ALLOW_UNSIGNED_EXECUTABLE_MEMORY\=NO
    export RUNTIME_EXCEPTION_DEBUGGING_TOOL\=NO
    export RUNTIME_EXCEPTION_DISABLE_EXECUTABLE_PAGE_PROTECTION\=NO
    export RUNTIME_EXCEPTION_DISABLE_LIBRARY_VALIDATION\=NO
    export SCAN_ALL_SOURCE_FILES_FOR_INCLUDES\=NO
    export SCRIPT_INPUT_FILE_COUNT\=0
    export SCRIPT_INPUT_FILE_LIST_COUNT\=0
    export SCRIPT_OUTPUT_FILE_COUNT\=0
    export SCRIPT_OUTPUT_FILE_LIST_COUNT\=0
    export SDKROOT\=/Users/ppbuddy/Downloads/Xcode.app/Contents/Developer/Platforms/iPhoneOS.platform/Developer/SDKs/iPhoneOS26.0.sdk
    export SDK_DIR\=/Users/ppbuddy/Downloads/Xcode.app/Contents/Developer/Platforms/iPhoneOS.platform/Developer/SDKs/iPhoneOS26.0.sdk
    export SDK_DIR_iphoneos\=/Users/ppbuddy/Downloads/Xcode.app/Contents/Developer/Platforms/iPhoneOS.platform/Developer/SDKs/iPhoneOS26.0.sdk
    export SDK_DIR_iphoneos26_0\=/Users/ppbuddy/Downloads/Xcode.app/Contents/Developer/Platforms/iPhoneOS.platform/Developer/SDKs/iPhoneOS26.0.sdk
    export SDK_NAME\=iphoneos26.0
    export SDK_NAMES\=iphoneos26.0
    export SDK_PRODUCT_BUILD_VERSION\=23A339
    export SDK_STAT_CACHE_DIR\=/Users/ppbuddy/Library/Developer/Xcode/DerivedData
    export SDK_STAT_CACHE_ENABLE\=YES
    export SDK_STAT_CACHE_PATH\=/Users/ppbuddy/Library/Developer/Xcode/DerivedData/SDKStatCaches.noindex/iphoneos26.0-23A339-cfb945115f37860d7757e16b6e7976e4.sdkstatcache
    export SDK_VERSION\=26.0
    export SDK_VERSION_ACTUAL\=260000
    export SDK_VERSION_MAJOR\=260000
    export SDK_VERSION_MINOR\=260000
    export SED\=/usr/bin/sed
    export SEPARATE_STRIP\=NO
    export SEPARATE_SYMBOL_EDIT\=NO
    export SET_DIR_MODE_OWNER_GROUP\=YES
    export SET_FILE_MODE_OWNER_GROUP\=NO
    export SHALLOW_BUNDLE\=NO
    export SHARED_DERIVED_FILE_DIR\=/Users/ppbuddy/Library/Developer/Xcode/DerivedData/RewardsPlanners-ekihbxkapylnzgekifxkpyiwfgsu/Build/Products/Debug-iphoneos/react-native-maps/DerivedSources
    export SHARED_PRECOMPS_DIR\=/Users/ppbuddy/Library/Developer/Xcode/DerivedData/RewardsPlanners-ekihbxkapylnzgekifxkpyiwfgsu/Build/Intermediates.noindex/PrecompiledHeaders
    export SKIP_INSTALL\=YES
    export SOURCE_ROOT\=/Users/ppbuddy/Desktop/RewardsPlanner/ios/Pods
    export SRCROOT\=/Users/ppbuddy/Desktop/RewardsPlanner/ios/Pods
    export STRINGSDATA_DIR\=/Users/ppbuddy/Library/Developer/Xcode/DerivedData/RewardsPlanners-ekihbxkapylnzgekifxkpyiwfgsu/Build/Intermediates.noindex/Pods.build/Debug-iphoneos/react-native-maps.build/Objects-normal/undefined_arch
    export STRINGSDATA_ROOT\=/Users/ppbuddy/Library/Developer/Xcode/DerivedData/RewardsPlanners-ekihbxkapylnzgekifxkpyiwfgsu/Build/Intermediates.noindex/Pods.build/Debug-iphoneos/react-native-maps.build
    export STRINGS_FILE_INFOPLIST_RENAME\=YES
    export STRINGS_FILE_OUTPUT_ENCODING\=binary
    export STRING_CATALOG_GENERATE_SYMBOLS\=NO
    export STRIP_BITCODE_FROM_COPIED_FILES\=YES
    export STRIP_INSTALLED_PRODUCT\=NO
    export STRIP_STYLE\=debugging
    export STRIP_SWIFT_SYMBOLS\=YES
    export SUPPORTED_DEVICE_FAMILIES\=1,2
    export SUPPORTED_PLATFORMS\=iphoneos\ iphonesimulator
    export SUPPORTS_MACCATALYST\=YES
    export SUPPORTS_MAC_DESIGNED_FOR_IPHONE_IPAD\=YES
    export SUPPORTS_TEXT_BASED_API\=NO
    export SUPPORTS_XR_DESIGNED_FOR_IPHONE_IPAD\=YES
    export SUPPRESS_WARNINGS\=NO
    export SWIFT_ACTIVE_COMPILATION_CONDITIONS\=\ DEBUG\ 
    export SWIFT_EMIT_CONST_VALUE_PROTOCOLS\=AppIntent\ EntityQuery\ AppEntity\ TransientEntity\ AppEnum\ AppShortcutProviding\ AppShortcutsProvider\ AnyResolverProviding\ AppIntentsPackage\ DynamicOptionsProvider\ _IntentValueRepresentable\ _AssistantIntentsProvider\ _GenerativeFunctionExtractable\ IntentValueQuery\ Resolver\ AppExtension\ ExtensionPointDefining
    export SWIFT_EMIT_LOC_STRINGS\=NO
    export SWIFT_ENABLE_EXPLICIT_MODULES\=YES
    export SWIFT_INSTALL_OBJC_HEADER\=YES
    export SWIFT_OPTIMIZATION_LEVEL\=-Onone
    export SWIFT_PLATFORM_TARGET_PREFIX\=ios
    export SWIFT_RESPONSE_FILE_PATH_normal_arm64\=/Users/ppbuddy/Library/Developer/Xcode/DerivedData/RewardsPlanners-ekihbxkapylnzgekifxkpyiwfgsu/Build/Intermediates.noindex/Pods.build/Debug-iphoneos/react-native-maps.build/Objects-normal/arm64/react-native-maps.SwiftFileList
    export SWIFT_VERSION\=5.0
    export SYMROOT\=/Users/ppbuddy/Library/Developer/Xcode/DerivedData/RewardsPlanners-ekihbxkapylnzgekifxkpyiwfgsu/Build/Products
    export SYSTEM_ADMIN_APPS_DIR\=/Applications/Utilities
    export SYSTEM_APPS_DIR\=/Applications
    export SYSTEM_CORE_SERVICES_DIR\=/System/Library/CoreServices
    export SYSTEM_DEMOS_DIR\=/Applications/Extras
    export SYSTEM_DEVELOPER_APPS_DIR\=/Users/ppbuddy/Downloads/Xcode.app/Contents/Developer/Applications
    export SYSTEM_DEVELOPER_BIN_DIR\=/Users/ppbuddy/Downloads/Xcode.app/Contents/Developer/usr/bin
    export SYSTEM_DEVELOPER_DEMOS_DIR\=/Users/ppbuddy/Downloads/Xcode.app/Contents/Developer/Applications/Utilities/Built\ Examples
    export SYSTEM_DEVELOPER_DIR\=/Users/ppbuddy/Downloads/Xcode.app/Contents/Developer
    export SYSTEM_DEVELOPER_DOC_DIR\=/Users/ppbuddy/Downloads/Xcode.app/Contents/Developer/ADC\ Reference\ Library
    export SYSTEM_DEVELOPER_GRAPHICS_TOOLS_DIR\=/Users/ppbuddy/Downloads/Xcode.app/Contents/Developer/Applications/Graphics\ Tools
    export SYSTEM_DEVELOPER_JAVA_TOOLS_DIR\=/Users/ppbuddy/Downloads/Xcode.app/Contents/Developer/Applications/Java\ Tools
    export SYSTEM_DEVELOPER_PERFORMANCE_TOOLS_DIR\=/Users/ppbuddy/Downloads/Xcode.app/Contents/Developer/Applications/Performance\ Tools
    export SYSTEM_DEVELOPER_RELEASENOTES_DIR\=/Users/ppbuddy/Downloads/Xcode.app/Contents/Developer/ADC\ Reference\ Library/releasenotes
    export SYSTEM_DEVELOPER_TOOLS\=/Users/ppbuddy/Downloads/Xcode.app/Contents/Developer/Tools
    export SYSTEM_DEVELOPER_TOOLS_DOC_DIR\=/Users/ppbuddy/Downloads/Xcode.app/Contents/Developer/ADC\ Reference\ Library/documentation/DeveloperTools
    export SYSTEM_DEVELOPER_TOOLS_RELEASENOTES_DIR\=/Users/ppbuddy/Downloads/Xcode.app/Contents/Developer/ADC\ Reference\ Library/releasenotes/DeveloperTools
    export SYSTEM_DEVELOPER_USR_DIR\=/Users/ppbuddy/Downloads/Xcode.app/Contents/Developer/usr
    export SYSTEM_DEVELOPER_UTILITIES_DIR\=/Users/ppbuddy/Downloads/Xcode.app/Contents/Developer/Applications/Utilities
    export SYSTEM_DEXT_INSTALL_PATH\=/System/Library/DriverExtensions
    export SYSTEM_DOCUMENTATION_DIR\=/Library/Documentation
    export SYSTEM_KEXT_INSTALL_PATH\=/System/Library/Extensions
    export SYSTEM_LIBRARY_DIR\=/System/Library
    export TAPI_DEMANGLE\=YES
    export TAPI_ENABLE_PROJECT_HEADERS\=NO
    export TAPI_LANGUAGE\=objective-c
    export TAPI_LANGUAGE_STANDARD\=compiler-default
    export TAPI_USE_SRCROOT\=YES
    export TAPI_VERIFY_MODE\=Pedantic
    export TARGETED_DEVICE_FAMILY\=1,2
    export TARGETNAME\=react-native-maps
    export TARGET_BUILD_DIR\=/Users/ppbuddy/Library/Developer/Xcode/DerivedData/RewardsPlanners-ekihbxkapylnzgekifxkpyiwfgsu/Build/Products/Debug-iphoneos/react-native-maps
    export TARGET_DEVICE_IDENTIFIER\=00008101-001658210A11001E
    export TARGET_DEVICE_MODEL\=iPhone13,2
    export TARGET_DEVICE_OS_VERSION\=26.5
    export TARGET_DEVICE_PLATFORM_NAME\=iphoneos
    export TARGET_NAME\=react-native-maps
    export TARGET_TEMP_DIR\=/Users/ppbuddy/Library/Developer/Xcode/DerivedData/RewardsPlanners-ekihbxkapylnzgekifxkpyiwfgsu/Build/Intermediates.noindex/Pods.build/Debug-iphoneos/react-native-maps.build
    export TEMP_DIR\=/Users/ppbuddy/Library/Developer/Xcode/DerivedData/RewardsPlanners-ekihbxkapylnzgekifxkpyiwfgsu/Build/Intermediates.noindex/Pods.build/Debug-iphoneos/react-native-maps.build
    export TEMP_FILES_DIR\=/Users/ppbuddy/Library/Developer/Xcode/DerivedData/RewardsPlanners-ekihbxkapylnzgekifxkpyiwfgsu/Build/Intermediates.noindex/Pods.build/Debug-iphoneos/react-native-maps.build
    export TEMP_FILE_DIR\=/Users/ppbuddy/Library/Developer/Xcode/DerivedData/RewardsPlanners-ekihbxkapylnzgekifxkpyiwfgsu/Build/Intermediates.noindex/Pods.build/Debug-iphoneos/react-native-maps.build
    export TEMP_ROOT\=/Users/ppbuddy/Library/Developer/Xcode/DerivedData/RewardsPlanners-ekihbxkapylnzgekifxkpyiwfgsu/Build/Intermediates.noindex
    export TEMP_SANDBOX_DIR\=/Users/ppbuddy/Library/Developer/Xcode/DerivedData/RewardsPlanners-ekihbxkapylnzgekifxkpyiwfgsu/Build/Intermediates.noindex/TemporaryTaskSandboxes
    export TEST_FRAMEWORK_SEARCH_PATHS\=\ /Users/ppbuddy/Downloads/Xcode.app/Contents/Developer/Platforms/iPhoneOS.platform/Developer/Library/Frameworks\ /Users/ppbuddy/Downloads/Xcode.app/Contents/Developer/Platforms/iPhoneOS.platform/Developer/SDKs/iPhoneOS26.0.sdk/Developer/Library/Frameworks
    export TEST_LIBRARY_SEARCH_PATHS\=\ /Users/ppbuddy/Downloads/Xcode.app/Contents/Developer/Platforms/iPhoneOS.platform/Developer/usr/lib
    export TOOLCHAINS\=com.apple.dt.toolchain.XcodeDefault
    export TOOLCHAIN_DIR\=/Users/ppbuddy/Downloads/Xcode.app/Contents/Developer/Toolchains/XcodeDefault.xctoolchain
    export TREAT_MISSING_BASELINES_AS_TEST_FAILURES\=NO
    export TREAT_MISSING_SCRIPT_PHASE_OUTPUTS_AS_ERRORS\=NO
    export UID\=501
    export UNINSTALLED_PRODUCTS_DIR\=/Users/ppbuddy/Library/Developer/Xcode/DerivedData/RewardsPlanners-ekihbxkapylnzgekifxkpyiwfgsu/Build/Intermediates.noindex/UninstalledProducts
    export UNSTRIPPED_PRODUCT\=NO
    export USER\=ppbuddy
    export USER_APPS_DIR\=/Users/ppbuddy/Applications
    export USER_LIBRARY_DIR\=/Users/ppbuddy/Library
    export USE_DYNAMIC_NO_PIC\=YES
    export USE_HEADERMAP\=YES
    export USE_HEADER_SYMLINKS\=NO
    export USE_HERMES\=true
    export USE_RECURSIVE_SCRIPT_INPUTS_IN_SCRIPT_PHASES\=YES
    export VALIDATE_DEVELOPMENT_ASSET_PATHS\=YES_ERROR
    export VALIDATE_PRODUCT\=NO
    export VALID_ARCHS\=arm64\ arm64e\ armv7\ armv7s
    export VERBOSE_PBXCP\=NO
    export VERSION_INFO_BUILDER\=ppbuddy
    export VERSION_INFO_FILE\=react-native-maps_vers.c
    export VERSION_INFO_STRING\=\"@\(\#\)PROGRAM:react-native-maps\ \ PROJECT:Pods-\"
    export WORKSPACE_DIR\=/Users/ppbuddy/Desktop/RewardsPlanner/ios
    export WRAP_ASSET_PACKS_IN_SEPARATE_DIRECTORIES\=NO
    export XCODE_APP_SUPPORT_DIR\=/Users/ppbuddy/Downloads/Xcode.app/Contents/Developer/Library/Xcode
    export XCODE_PRODUCT_BUILD_VERSION\=17A324
    export XCODE_VERSION_ACTUAL\=2600
    export XCODE_VERSION_MAJOR\=2600
    export XCODE_VERSION_MINOR\=2600
    export XPCSERVICES_FOLDER_PATH\=/XPCServices
    export YACC\=yacc
    export _DISCOVER_COMMAND_LINE_LINKER_INPUTS\=YES
    export _DISCOVER_COMMAND_LINE_LINKER_INPUTS_INCLUDE_WL\=YES
    export _LD_MULTIARCH\=YES
    export __DIAGNOSE_DEPRECATED_ARCHS\=YES
    export arch\=undefined_arch
    export variant\=normal
    /bin/sh -c /Users/ppbuddy/Library/Developer/Xcode/DerivedData/RewardsPlanners-ekihbxkapylnzgekifxkpyiwfgsu/Build/Intermediates.noindex/Pods.build/Debug-iphoneos/react-native-maps.build/Script-46EB2E00026B00.sh

debug + echo 'Running Google Maps detection script...'
Running Google Maps detection script...
+ DEFINES_DIR=/Users/ppbuddy/Desktop/RewardsPlanner/ios/Pods/../../node_modules/react-native-maps/ios/AirMaps
+ DEFINES_FILE=/Users/ppbuddy/Desktop/RewardsPlanner/ios/Pods/../../node_modules/react-native-maps/ios/AirMaps/RNMapsDefines.h
+ mkdir -p /Users/ppbuddy/Desktop/RewardsPlanner/ios/Pods/../../node_modules/react-native-maps/ios/AirMaps
+ '[' -d /Users/ppbuddy/Desktop/RewardsPlanner/ios/Pods/GoogleMaps ']'
+ echo '#define HAVE_GOOGLE_MAPS 0'
+ echo '❌ Google Maps libraries NOT detected. HAVE_GOOGLE_MAPS set to 0.'
❌ Google Maps libraries NOT detected. HAVE_GOOGLE_MAPS set to 0.
+ '[' -f /Users/ppbuddy/Desktop/RewardsPlanner/ios/Pods/../../node_modules/react-native-maps/ios/AirMaps/RNMapsDefines.h ']'
+ echo '✅ Successfully wrote to /Users/ppbuddy/Desktop/RewardsPlanner/ios/Pods/../../node_modules/react-native-maps/ios/AirMaps/RNMapsDefines.h'
✅ Successfully wrote to /Users/ppbuddy/Desktop/RewardsPlanner/ios/Pods/../../node_modules/react-native-maps/ios/AirMaps/RNMapsDefines.h
+ cat /Users/ppbuddy/Desktop/RewardsPlanner/ios/Pods/../../node_modules/react-native-maps/ios/AirMaps/RNMapsDefines.h
#define HAVE_GOOGLE_MAPS 0
+ set -e
+ echo '🔧 Patching @import GoogleMaps...'
🔧 Patching @import GoogleMaps...
+ FILES=("$PODS_ROOT/Google-Maps-iOS-Utils/Sources/GoogleMapsUtilsObjC/include/GMSMarker+GMUClusteritem.h" "$PODS_ROOT/Google-Maps-iOS-Utils/Sources/GoogleMapsUtilsObjC/include/GMUGeoJSONParser.h" "$PODS_ROOT/Google-Maps-iOS-Utils/Sources/GoogleMapsUtilsObjC/include/GMUPolygon.h" "$PODS_ROOT/Google-Maps-iOS-Utils/Sources/GoogleMapsUtilsObjC/include/GMUWeightedLatLng.h" "$PODS_ROOT/GoogleMaps/Maps/Sources/GMSEmpty.h")
+ for file in '"${FILES[@]}"'
+ '[' -f /Users/ppbuddy/Desktop/RewardsPlanner/ios/Pods/Google-Maps-iOS-Utils/Sources/GoogleMapsUtilsObjC/include/GMSMarker+GMUClusteritem.h ']'
+ echo '⚠️ Not found: /Users/ppbuddy/Desktop/RewardsPlanner/ios/Pods/Google-Maps-iOS-Utils/Sources/GoogleMapsUtilsObjC/include/GMSMarker+GMUClusteritem.h'
⚠️ Not found: /Users/ppbuddy/Desktop/RewardsPlanner/ios/Pods/Google-Maps-iOS-Utils/Sources/GoogleMapsUtilsObjC/include/GMSMarker+GMUClusteritem.h
+ for file in '"${FILES[@]}"'
+ '[' -f /Users/ppbuddy/Desktop/RewardsPlanner/ios/Pods/Google-Maps-iOS-Utils/Sources/GoogleMapsUtilsObjC/include/GMUGeoJSONParser.h ']'
+ echo '⚠️ Not found: /Users/ppbuddy/Desktop/RewardsPlanner/ios/Pods/Google-Maps-iOS-Utils/Sources/GoogleMapsUtilsObjC/include/GMUGeoJSONParser.h'
⚠️ Not found: /Users/ppbuddy/Desktop/RewardsPlanner/ios/Pods/Google-Maps-iOS-Utils/Sources/GoogleMapsUtilsObjC/include/GMUGeoJSONParser.h
+ for file in '"${FILES[@]}"'
+ '[' -f /Users/ppbuddy/Desktop/RewardsPlanner/ios/Pods/Google-Maps-iOS-Utils/Sources/GoogleMapsUtilsObjC/include/GMUPolygon.h ']'
+ echo '⚠️ Not found: /Users/ppbuddy/Desktop/RewardsPlanner/ios/Pods/Google-Maps-iOS-Utils/Sources/GoogleMapsUtilsObjC/include/GMUPolygon.h'
⚠️ Not found: /Users/ppbuddy/Desktop/RewardsPlanner/ios/Pods/Google-Maps-iOS-Utils/Sources/GoogleMapsUtilsObjC/include/GMUPolygon.h
+ for file in '"${FILES[@]}"'
+ '[' -f /Users/ppbuddy/Desktop/RewardsPlanner/ios/Pods/Google-Maps-iOS-Utils/Sources/GoogleMapsUtilsObjC/include/GMUWeightedLatLng.h ']'
+ echo '⚠️ Not found: /Users/ppbuddy/Desktop/RewardsPlanner/ios/Pods/Google-Maps-iOS-Utils/Sources/GoogleMapsUtilsObjC/include/GMUWeightedLatLng.h'
⚠️ Not found: /Users/ppbuddy/Desktop/RewardsPlanner/ios/Pods/Google-Maps-iOS-Utils/Sources/GoogleMapsUtilsObjC/include/GMUWeightedLatLng.h
+ for file in '"${FILES[@]}"'
+ '[' -f /Users/ppbuddy/Desktop/RewardsPlanner/ios/Pods/GoogleMaps/Maps/Sources/GMSEmpty.h ']'
+ echo '⚠️ Not found: /Users/ppbuddy/Desktop/RewardsPlanner/ios/Pods/GoogleMaps/Maps/Sources/GMSEmpty.h'
⚠️ Not found: /Users/ppbuddy/Desktop/RewardsPlanner/ios/Pods/GoogleMaps/Maps/Sources/GMSEmpty.h

debug 

debug warning: Run script build phase 'Bundle React Native code and images' will be run during every build because it does not specify any outputs. To address this issue, either add output dependencies to the script phase, or configure it to run in every build by unchecking "Based on dependency analysis" in the script phase. (in target 'RewardsPlanners' from project 'RewardsPlanners')

debug ProcessProductPackaging "" /Users/ppbuddy/Library/Developer/Xcode/DerivedData/RewardsPlanners-ekihbxkapylnzgekifxkpyiwfgsu/Build/Intermediates.noindex/RewardsPlanners.build/Debug-iphoneos/RewardsPlanners.build/Reward\ Planners.app.xcent (in target 'RewardsPlanners' from project 'RewardsPlanners')
    cd /Users/ppbuddy/Desktop/RewardsPlanner/ios
    
    Entitlements:
    
    {
    "application-identifier" = "W2JCTWQZLY.com.mpstech.rewardsplanners";
    "com.apple.developer.team-identifier" = W2JCTWQZLY;
    "get-task-allow" = 1;
}
    
    builtin-productPackagingUtility -entitlements -format xml -o /Users/ppbuddy/Library/Developer/Xcode/DerivedData/RewardsPlanners-ekihbxkapylnzgekifxkpyiwfgsu/Build/Intermediates.noindex/RewardsPlanners.build/Debug-iphoneos/RewardsPlanners.build/Reward\ Planners.app.xcent

debug 

debug ProcessProductPackagingDER /Users/ppbuddy/Library/Developer/Xcode/DerivedData/RewardsPlanners-ekihbxkapylnzgekifxkpyiwfgsu/Build/Intermediates.noindex/RewardsPlanners.build/Debug-iphoneos/RewardsPlanners.build/Reward\ Planners.app.xcent /Users/ppbuddy/Library/Developer/Xcode/DerivedData/RewardsPlanners-ekihbxkapylnzgekifxkpyiwfgsu/Build/Intermediates.noindex/RewardsPlanners.build/Debug-iphoneos/RewardsPlanners.build/Reward\ Planners.app.xcent.der (in target 'RewardsPlanners' from project 'RewardsPlanners')
    cd /Users/ppbuddy/Desktop/RewardsPlanner/ios
    /usr/bin/derq query -f xml -i /Users/ppbuddy/Library/Developer/Xcode/DerivedData/RewardsPlanners-ekihbxkapylnzgekifxkpyiwfgsu/Build/Intermediates.noindex/RewardsPlanners.build/Debug-iphoneos/RewardsPlanners.build/Reward\ Planners.app.xcent -o /Users/ppbuddy/Library/Developer/Xcode/DerivedData/RewardsPlanners-ekihbxkapylnzgekifxkpyiwfgsu/Build/Intermediates.noindex/RewardsPlanners.build/Debug-iphoneos/RewardsPlanners.build/Reward\ Planners.app.xcent.der --raw

debug 

debug ProcessInfoPlistFile /Users/ppbuddy/Library/Developer/Xcode/DerivedData/RewardsPlanners-ekihbxkapylnzgekifxkpyiwfgsu/Build/Products/Debug-iphoneos/RNCAsyncStorage/RNCAsyncStorage_resources.bundle/Info.plist /Users/ppbuddy/Desktop/RewardsPlanner/ios/Pods/Target\ Support\ Files/RNCAsyncStorage/ResourceBundle-RNCAsyncStorage_resources-RNCAsyncStorage-Info.plist (in target 'RNCAsyncStorage-RNCAsyncStorage_resources' from project 'Pods')
    cd /Users/ppbuddy/Desktop/RewardsPlanner/ios/Pods
    builtin-infoPlistUtility /Users/ppbuddy/Desktop/RewardsPlanner/ios/Pods/Target\ Support\ Files/RNCAsyncStorage/ResourceBundle-RNCAsyncStorage_resources-RNCAsyncStorage-Info.plist -producttype com.apple.product-type.bundle -expandbuildsettings -format binary -platform iphoneos -requiredArchitecture arm64 -o /Users/ppbuddy/Library/Developer/Xcode/DerivedData/RewardsPlanners-ekihbxkapylnzgekifxkpyiwfgsu/Build/Products/Debug-iphoneos/RNCAsyncStorage/RNCAsyncStorage_resources.bundle/Info.plist

debug 

debug /Users/ppbuddy/Desktop/RewardsPlanner/ios/Pods/Pods.xcodeproj: warning: The iOS deployment target 'IPHONEOS_DEPLOYMENT_TARGET' is set to 9.0, but the range of supported deployment target versions is 12.0 to 26.0.99. (in target 'RNDeviceInfo-RNDeviceInfoPrivacyInfo' from project 'Pods')

debug ProcessInfoPlistFile /Users/ppbuddy/Library/Developer/Xcode/DerivedData/RewardsPlanners-ekihbxkapylnzgekifxkpyiwfgsu/Build/Products/Debug-iphoneos/RNDeviceInfo/RNDeviceInfoPrivacyInfo.bundle/Info.plist /Users/ppbuddy/Desktop/RewardsPlanner/ios/Pods/Target\ Support\ Files/RNDeviceInfo/ResourceBundle-RNDeviceInfoPrivacyInfo-RNDeviceInfo-Info.plist (in target 'RNDeviceInfo-RNDeviceInfoPrivacyInfo' from project 'Pods')
    cd /Users/ppbuddy/Desktop/RewardsPlanner/ios/Pods
    builtin-infoPlistUtility /Users/ppbuddy/Desktop/RewardsPlanner/ios/Pods/Target\ Support\ Files/RNDeviceInfo/ResourceBundle-RNDeviceInfoPrivacyInfo-RNDeviceInfo-Info.plist -producttype com.apple.product-type.bundle -expandbuildsettings -format binary -platform iphoneos -requiredArchitecture arm64 -o /Users/ppbuddy/Library/Developer/Xcode/DerivedData/RewardsPlanners-ekihbxkapylnzgekifxkpyiwfgsu/Build/Products/Debug-iphoneos/RNDeviceInfo/RNDeviceInfoPrivacyInfo.bundle/Info.plist

debug 

debug ProcessInfoPlistFile /Users/ppbuddy/Library/Developer/Xcode/DerivedData/RewardsPlanners-ekihbxkapylnzgekifxkpyiwfgsu/Build/Products/Debug-iphoneos/RNPermissions/RNPermissionsPrivacyInfo.bundle/Info.plist /Users/ppbuddy/Desktop/RewardsPlanner/ios/Pods/Target\ Support\ Files/RNPermissions/ResourceBundle-RNPermissionsPrivacyInfo-RNPermissions-Info.plist (in target 'RNPermissions-RNPermissionsPrivacyInfo' from project 'Pods')
    cd /Users/ppbuddy/Desktop/RewardsPlanner/ios/Pods
    builtin-infoPlistUtility /Users/ppbuddy/Desktop/RewardsPlanner/ios/Pods/Target\ Support\ Files/RNPermissions/ResourceBundle-RNPermissionsPrivacyInfo-RNPermissions-Info.plist -producttype com.apple.product-type.bundle -expandbuildsettings -format binary -platform iphoneos -requiredArchitecture arm64 -o /Users/ppbuddy/Library/Developer/Xcode/DerivedData/RewardsPlanners-ekihbxkapylnzgekifxkpyiwfgsu/Build/Products/Debug-iphoneos/RNPermissions/RNPermissionsPrivacyInfo.bundle/Info.plist

debug 

debug ProcessInfoPlistFile /Users/ppbuddy/Library/Developer/Xcode/DerivedData/RewardsPlanners-ekihbxkapylnzgekifxkpyiwfgsu/Build/Products/Debug-iphoneos/RNSVG/RNSVGFilters.bundle/Info.plist /Users/ppbuddy/Desktop/RewardsPlanner/ios/Pods/Target\ Support\ Files/RNSVG/ResourceBundle-RNSVGFilters-RNSVG-Info.plist (in target 'RNSVG-RNSVGFilters' from project 'Pods')
    cd /Users/ppbuddy/Desktop/RewardsPlanner/ios/Pods
    builtin-infoPlistUtility /Users/ppbuddy/Desktop/RewardsPlanner/ios/Pods/Target\ Support\ Files/RNSVG/ResourceBundle-RNSVGFilters-RNSVG-Info.plist -producttype com.apple.product-type.bundle -expandbuildsettings -format binary -platform iphoneos -requiredArchitecture arm64 -o /Users/ppbuddy/Library/Developer/Xcode/DerivedData/RewardsPlanners-ekihbxkapylnzgekifxkpyiwfgsu/Build/Products/Debug-iphoneos/RNSVG/RNSVGFilters.bundle/Info.plist

debug 

debug /Users/ppbuddy/Desktop/RewardsPlanner/ios/Pods/Pods.xcodeproj: warning: The iOS deployment target 'IPHONEOS_DEPLOYMENT_TARGET' is set to 9.0, but the range of supported deployment target versions is 12.0 to 26.0.99. (in target 'react-native-image-picker-RNImagePickerPrivacyInfo' from project 'Pods')

debug ProcessInfoPlistFile /Users/ppbuddy/Library/Developer/Xcode/DerivedData/RewardsPlanners-ekihbxkapylnzgekifxkpyiwfgsu/Build/Products/Debug-iphoneos/react-native-image-picker/RNImagePickerPrivacyInfo.bundle/Info.plist /Users/ppbuddy/Desktop/RewardsPlanner/ios/Pods/Target\ Support\ Files/react-native-image-picker/ResourceBundle-RNImagePickerPrivacyInfo-react-native-image-picker-Info.plist (in target 'react-native-image-picker-RNImagePickerPrivacyInfo' from project 'Pods')
    cd /Users/ppbuddy/Desktop/RewardsPlanner/ios/Pods
    builtin-infoPlistUtility /Users/ppbuddy/Desktop/RewardsPlanner/ios/Pods/Target\ Support\ Files/react-native-image-picker/ResourceBundle-RNImagePickerPrivacyInfo-react-native-image-picker-Info.plist -producttype com.apple.product-type.bundle -expandbuildsettings -format binary -platform iphoneos -requiredArchitecture arm64 -o /Users/ppbuddy/Library/Developer/Xcode/DerivedData/RewardsPlanners-ekihbxkapylnzgekifxkpyiwfgsu/Build/Products/Debug-iphoneos/react-native-image-picker/RNImagePickerPrivacyInfo.bundle/Info.plist

debug 

debug CompileC /Users/ppbuddy/Library/Developer/Xcode/DerivedData/RewardsPlanners-ekihbxkapylnzgekifxkpyiwfgsu/Build/Intermediates.noindex/Pods.build/Debug-iphoneos/react-native-maps.build/Objects-normal/arm64/PlaceHolderGoogleMapView.o /Users/ppbuddy/Desktop/RewardsPlanner/node_modules/react-native-maps/ios/AirMaps/FabricPlaceholders/PlaceHolderGoogleMapView.mm normal arm64 objective-c++ com.apple.compilers.llvm.clang.1_0.compiler (in target 'react-native-maps' from project 'Pods')
    cd /Users/ppbuddy/Desktop/RewardsPlanner/ios/Pods
    
    Using response file: /Users/ppbuddy/Library/Developer/Xcode/DerivedData/RewardsPlanners-ekihbxkapylnzgekifxkpyiwfgsu/Build/Intermediates.noindex/Pods.build/Debug-iphoneos/react-native-maps.build/Objects-normal/arm64/af3fcb34312c57c0f52879cdce924b91-common-args.resp
    
    /Users/ppbuddy/Downloads/Xcode.app/Contents/Developer/Toolchains/XcodeDefault.xctoolchain/usr/bin/clang -x objective-c++ -ivfsstatcache /Users/ppbuddy/Library/Developer/Xcode/DerivedData/SDKStatCaches.noindex/iphoneos26.0-23A339-cfb945115f37860d7757e16b6e7976e4.sdkstatcache -fmessage-length\=0 -fdiagnostics-show-note-include-stack -fmacro-backtrace-limit\=0 -fno-color-diagnostics -fmodules-prune-interval\=86400 -fmodules-prune-after\=345600 -fbuild-session-file\=/Users/ppbuddy/Library/Developer/Xcode/DerivedData/ModuleCache.noindex/Session.modulevalidation -fmodules-validate-once-per-build-session -Wnon-modular-include-in-framework-module -Werror\=non-modular-include-in-framework-module -Wno-trigraphs -Wno-missing-field-initializers -Wno-missing-prototypes -Werror\=return-type -Wdocumentation -Wunreachable-code -Wno-implicit-atomic-properties -Werror\=deprecated-objc-isa-usage -Wno-objc-interface-ivars -Werror\=objc-root-class -Wno-arc-repeated-use-of-weak -Wimplicit-retain-self -Wno-non-virtual-dtor -Wno-overloaded-virtual -Wno-exit-time-destructors -Wduplicate-method-match -Wno-missing-braces -Wparentheses -Wswitch -Wunused-function -Wno-unused-label -Wno-unused-parameter -Wunused-variable -Wunused-value -Wempty-body -Wuninitialized -Wconditional-uninitialized -Wno-unknown-pragmas -Wno-shadow -Wno-four-char-constants -Wno-conversion -Wconstant-conversion -Wint-conversion -Wbool-conversion -Wenum-conversion -Wno-float-conversion -Wnon-literal-null-conversion -Wobjc-literal-conversion -Wshorten-64-to-32 -Wno-newline-eof -Wno-selector -Wno-strict-selector-match -Wundeclared-selector -Wdeprecated-implementations -Wno-c++11-extensions -Wno-implicit-fallthrough -fstrict-aliasing -Wprotocol -Wdeprecated-declarations -Winvalid-offsetof -Wno-sign-conversion -Winfinite-recursion -Wmove -Wcomma -Wblock-capture-autoreleasing -Wstrict-prototypes -Wrange-loop-analysis -Wno-semicolon-before-method-body -Wunguarded-availability -index-store-path /Users/ppbuddy/Library/Developer/Xcode/DerivedData/RewardsPlanners-ekihbxkapylnzgekifxkpyiwfgsu/Index.noindex/DataStore @/Users/ppbuddy/Library/Developer/Xcode/DerivedData/RewardsPlanners-ekihbxkapylnzgekifxkpyiwfgsu/Build/Intermediates.noindex/Pods.build/Debug-iphoneos/react-native-maps.build/Objects-normal/arm64/af3fcb34312c57c0f52879cdce924b91-common-args.resp -DFOLLY_MOBILE\=1 -DFOLLY_USE_LIBCPP\=1 -DFOLLY_CFG_NO_COROUTINES\=1 -DFOLLY_HAVE_CLOCK_GETTIME\=1 -Wno-comma -Wno-shorten-64-to-32 -DRCT_NEW_ARCH_ENABLED\=1 -include /Users/ppbuddy/Desktop/RewardsPlanner/ios/Pods/Target\ Support\ Files/react-native-maps/react-native-maps-prefix.pch -MMD -MT dependencies -MF /Users/ppbuddy/Library/Developer/Xcode/DerivedData/RewardsPlanners-ekihbxkapylnzgekifxkpyiwfgsu/Build/Intermediates.noindex/Pods.build/Debug-iphoneos/react-native-maps.build/Objects-normal/arm64/PlaceHolderGoogleMapView.d --serialize-diagnostics /Users/ppbuddy/Library/Developer/Xcode/DerivedData/RewardsPlanners-ekihbxkapylnzgekifxkpyiwfgsu/Build/Intermediates.noindex/Pods.build/Debug-iphoneos/react-native-maps.build/Objects-normal/arm64/PlaceHolderGoogleMapView.dia -c /Users/ppbuddy/Desktop/RewardsPlanner/node_modules/react-native-maps/ios/AirMaps/FabricPlaceholders/PlaceHolderGoogleMapView.mm -o /Users/ppbuddy/Library/Developer/Xcode/DerivedData/RewardsPlanners-ekihbxkapylnzgekifxkpyiwfgsu/Build/Intermediates.noindex/Pods.build/Debug-iphoneos/react-native-maps.build/Objects-normal/arm64/PlaceHolderGoogleMapView.o -index-unit-output-path /Pods.build/Debug-iphoneos/react-native-maps.build/Objects-normal/arm64/PlaceHolderGoogleMapView.o

debug 

debug CompileC /Users/ppbuddy/Library/Developer/Xcode/DerivedData/RewardsPlanners-ekihbxkapylnzgekifxkpyiwfgsu/Build/Intermediates.noindex/Pods.build/Debug-iphoneos/react-native-maps.build/Objects-normal/arm64/PlaceHolderGoogleMarkerView.o /Users/ppbuddy/Desktop/RewardsPlanner/node_modules/react-native-maps/ios/AirMaps/FabricPlaceholders/PlaceHolderGoogleMarkerView.mm normal arm64 objective-c++ com.apple.compilers.llvm.clang.1_0.compiler (in target 'react-native-maps' from project 'Pods')
    cd /Users/ppbuddy/Desktop/RewardsPlanner/ios/Pods
    
    Using response file: /Users/ppbuddy/Library/Developer/Xcode/DerivedData/RewardsPlanners-ekihbxkapylnzgekifxkpyiwfgsu/Build/Intermediates.noindex/Pods.build/Debug-iphoneos/react-native-maps.build/Objects-normal/arm64/af3fcb34312c57c0f52879cdce924b91-common-args.resp
    
    /Users/ppbuddy/Downloads/Xcode.app/Contents/Developer/Toolchains/XcodeDefault.xctoolchain/usr/bin/clang -x objective-c++ -ivfsstatcache /Users/ppbuddy/Library/Developer/Xcode/DerivedData/SDKStatCaches.noindex/iphoneos26.0-23A339-cfb945115f37860d7757e16b6e7976e4.sdkstatcache -fmessage-length\=0 -fdiagnostics-show-note-include-stack -fmacro-backtrace-limit\=0 -fno-color-diagnostics -fmodules-prune-interval\=86400 -fmodules-prune-after\=345600 -fbuild-session-file\=/Users/ppbuddy/Library/Developer/Xcode/DerivedData/ModuleCache.noindex/Session.modulevalidation -fmodules-validate-once-per-build-session -Wnon-modular-include-in-framework-module -Werror\=non-modular-include-in-framework-module -Wno-trigraphs -Wno-missing-field-initializers -Wno-missing-prototypes -Werror\=return-type -Wdocumentation -Wunreachable-code -Wno-implicit-atomic-properties -Werror\=deprecated-objc-isa-usage -Wno-objc-interface-ivars -Werror\=objc-root-class -Wno-arc-repeated-use-of-weak -Wimplicit-retain-self -Wno-non-virtual-dtor -Wno-overloaded-virtual -Wno-exit-time-destructors -Wduplicate-method-match -Wno-missing-braces -Wparentheses -Wswitch -Wunused-function -Wno-unused-label -Wno-unused-parameter -Wunused-variable -Wunused-value -Wempty-body -Wuninitialized -Wconditional-uninitialized -Wno-unknown-pragmas -Wno-shadow -Wno-four-char-constants -Wno-conversion -Wconstant-conversion -Wint-conversion -Wbool-conversion -Wenum-conversion -Wno-float-conversion -Wnon-literal-null-conversion -Wobjc-literal-conversion -Wshorten-64-to-32 -Wno-newline-eof -Wno-selector -Wno-strict-selector-match -Wundeclared-selector -Wdeprecated-implementations -Wno-c++11-extensions -Wno-implicit-fallthrough -fstrict-aliasing -Wprotocol -Wdeprecated-declarations -Winvalid-offsetof -Wno-sign-conversion -Winfinite-recursion -Wmove -Wcomma -Wblock-capture-autoreleasing -Wstrict-prototypes -Wrange-loop-analysis -Wno-semicolon-before-method-body -Wunguarded-availability -index-store-path /Users/ppbuddy/Library/Developer/Xcode/DerivedData/RewardsPlanners-ekihbxkapylnzgekifxkpyiwfgsu/Index.noindex/DataStore @/Users/ppbuddy/Library/Developer/Xcode/DerivedData/RewardsPlanners-ekihbxkapylnzgekifxkpyiwfgsu/Build/Intermediates.noindex/Pods.build/Debug-iphoneos/react-native-maps.build/Objects-normal/arm64/af3fcb34312c57c0f52879cdce924b91-common-args.resp -DFOLLY_MOBILE\=1 -DFOLLY_USE_LIBCPP\=1 -DFOLLY_CFG_NO_COROUTINES\=1 -DFOLLY_HAVE_CLOCK_GETTIME\=1 -Wno-comma -Wno-shorten-64-to-32 -DRCT_NEW_ARCH_ENABLED\=1 -include /Users/ppbuddy/Desktop/RewardsPlanner/ios/Pods/Target\ Support\ Files/react-native-maps/react-native-maps-prefix.pch -MMD -MT dependencies -MF /Users/ppbuddy/Library/Developer/Xcode/DerivedData/RewardsPlanners-ekihbxkapylnzgekifxkpyiwfgsu/Build/Intermediates.noindex/Pods.build/Debug-iphoneos/react-native-maps.build/Objects-normal/arm64/PlaceHolderGoogleMarkerView.d --serialize-diagnostics /Users/ppbuddy/Library/Developer/Xcode/DerivedData/RewardsPlanners-ekihbxkapylnzgekifxkpyiwfgsu/Build/Intermediates.noindex/Pods.build/Debug-iphoneos/react-native-maps.build/Objects-normal/arm64/PlaceHolderGoogleMarkerView.dia -c /Users/ppbuddy/Desktop/RewardsPlanner/node_modules/react-native-maps/ios/AirMaps/FabricPlaceholders/PlaceHolderGoogleMarkerView.mm -o /Users/ppbuddy/Library/Developer/Xcode/DerivedData/RewardsPlanners-ekihbxkapylnzgekifxkpyiwfgsu/Build/Intermediates.noindex/Pods.build/Debug-iphoneos/react-native-maps.build/Objects-normal/arm64/PlaceHolderGoogleMarkerView.o -index-unit-output-path /Pods.build/Debug-iphoneos/react-native-maps.build/Objects-normal/arm64/PlaceHolderGoogleMarkerView.o

debug 

debug CompileC /Users/ppbuddy/Library/Developer/Xcode/DerivedData/RewardsPlanners-ekihbxkapylnzgekifxkpyiwfgsu/Build/Intermediates.noindex/Pods.build/Debug-iphoneos/react-native-maps.build/Objects-normal/arm64/PlaceHolderPolygonView.o /Users/ppbuddy/Desktop/RewardsPlanner/node_modules/react-native-maps/ios/AirMaps/FabricPlaceholders/PlaceHolderPolygonView.mm normal arm64 objective-c++ com.apple.compilers.llvm.clang.1_0.compiler (in target 'react-native-maps' from project 'Pods')
    cd /Users/ppbuddy/Desktop/RewardsPlanner/ios/Pods
    
    Using response file: /Users/ppbuddy/Library/Developer/Xcode/DerivedData/RewardsPlanners-ekihbxkapylnzgekifxkpyiwfgsu/Build/Intermediates.noindex/Pods.build/Debug-iphoneos/react-native-maps.build/Objects-normal/arm64/af3fcb34312c57c0f52879cdce924b91-common-args.resp
    
    /Users/ppbuddy/Downloads/Xcode.app/Contents/Developer/Toolchains/XcodeDefault.xctoolchain/usr/bin/clang -x objective-c++ -ivfsstatcache /Users/ppbuddy/Library/Developer/Xcode/DerivedData/SDKStatCaches.noindex/iphoneos26.0-23A339-cfb945115f37860d7757e16b6e7976e4.sdkstatcache -fmessage-length\=0 -fdiagnostics-show-note-include-stack -fmacro-backtrace-limit\=0 -fno-color-diagnostics -fmodules-prune-interval\=86400 -fmodules-prune-after\=345600 -fbuild-session-file\=/Users/ppbuddy/Library/Developer/Xcode/DerivedData/ModuleCache.noindex/Session.modulevalidation -fmodules-validate-once-per-build-session -Wnon-modular-include-in-framework-module -Werror\=non-modular-include-in-framework-module -Wno-trigraphs -Wno-missing-field-initializers -Wno-missing-prototypes -Werror\=return-type -Wdocumentation -Wunreachable-code -Wno-implicit-atomic-properties -Werror\=deprecated-objc-isa-usage -Wno-objc-interface-ivars -Werror\=objc-root-class -Wno-arc-repeated-use-of-weak -Wimplicit-retain-self -Wno-non-virtual-dtor -Wno-overloaded-virtual -Wno-exit-time-destructors -Wduplicate-method-match -Wno-missing-braces -Wparentheses -Wswitch -Wunused-function -Wno-unused-label -Wno-unused-parameter -Wunused-variable -Wunused-value -Wempty-body -Wuninitialized -Wconditional-uninitialized -Wno-unknown-pragmas -Wno-shadow -Wno-four-char-constants -Wno-conversion -Wconstant-conversion -Wint-conversion -Wbool-conversion -Wenum-conversion -Wno-float-conversion -Wnon-literal-null-conversion -Wobjc-literal-conversion -Wshorten-64-to-32 -Wno-newline-eof -Wno-selector -Wno-strict-selector-match -Wundeclared-selector -Wdeprecated-implementations -Wno-c++11-extensions -Wno-implicit-fallthrough -fstrict-aliasing -Wprotocol -Wdeprecated-declarations -Winvalid-offsetof -Wno-sign-conversion -Winfinite-recursion -Wmove -Wcomma -Wblock-capture-autoreleasing -Wstrict-prototypes -Wrange-loop-analysis -Wno-semicolon-before-method-body -Wunguarded-availability -index-store-path /Users/ppbuddy/Library/Developer/Xcode/DerivedData/RewardsPlanners-ekihbxkapylnzgekifxkpyiwfgsu/Index.noindex/DataStore @/Users/ppbuddy/Library/Developer/Xcode/DerivedData/RewardsPlanners-ekihbxkapylnzgekifxkpyiwfgsu/Build/Intermediates.noindex/Pods.build/Debug-iphoneos/react-native-maps.build/Objects-normal/arm64/af3fcb34312c57c0f52879cdce924b91-common-args.resp -DFOLLY_MOBILE\=1 -DFOLLY_USE_LIBCPP\=1 -DFOLLY_CFG_NO_COROUTINES\=1 -DFOLLY_HAVE_CLOCK_GETTIME\=1 -Wno-comma -Wno-shorten-64-to-32 -DRCT_NEW_ARCH_ENABLED\=1 -include /Users/ppbuddy/Desktop/RewardsPlanner/ios/Pods/Target\ Support\ Files/react-native-maps/react-native-maps-prefix.pch -MMD -MT dependencies -MF /Users/ppbuddy/Library/Developer/Xcode/DerivedData/RewardsPlanners-ekihbxkapylnzgekifxkpyiwfgsu/Build/Intermediates.noindex/Pods.build/Debug-iphoneos/react-native-maps.build/Objects-normal/arm64/PlaceHolderPolygonView.d --serialize-diagnostics /Users/ppbuddy/Library/Developer/Xcode/DerivedData/RewardsPlanners-ekihbxkapylnzgekifxkpyiwfgsu/Build/Intermediates.noindex/Pods.build/Debug-iphoneos/react-native-maps.build/Objects-normal/arm64/PlaceHolderPolygonView.dia -c /Users/ppbuddy/Desktop/RewardsPlanner/node_modules/react-native-maps/ios/AirMaps/FabricPlaceholders/PlaceHolderPolygonView.mm -o /Users/ppbuddy/Library/Developer/Xcode/DerivedData/RewardsPlanners-ekihbxkapylnzgekifxkpyiwfgsu/Build/Intermediates.noindex/Pods.build/Debug-iphoneos/react-native-maps.build/Objects-normal/arm64/PlaceHolderPolygonView.o -index-unit-output-path /Pods.build/Debug-iphoneos/react-native-maps.build/Objects-normal/arm64/PlaceHolderPolygonView.o

Libtool /Users/ppbuddy/Library/Developer/Xcode/DerivedData/RewardsPlanners-ekihbxkapylnzgekifxkpyiwfgsu/Build/Products/Debug-iphoneos/react-native-maps/libreact-native-maps.a normal (in target 'react-native-maps' from project 'Pods')
    cd /Users/ppbuddy/Desktop/RewardsPlanner/ios/Pods
    /Users/ppbuddy/Downloads/Xcode.app/Contents/Developer/Toolchains/XcodeDefault.xctoolchain/usr/bin/libtool -static -arch_only arm64 -D -syslibroot /Users/ppbuddy/Downloads/Xcode.app/Contents/Developer/Platforms/iPhoneOS.platform/Developer/SDKs/iPhoneOS26.0.sdk -L/Users/ppbuddy/Library/Developer/Xcode/DerivedData/RewardsPlanners-ekihbxkapylnzgekifxkpyiwfgsu/Build/Products/Debug-iphoneos/react-native-maps -filelist /Users/ppbuddy/Library/Developer/Xcode/DerivedData/RewardsPlanners-ekihbxkapylnzgekifxkpyiwfgsu/Build/Intermediates.noindex/Pods.build/Debug-iphoneos/react-native-maps.build/Objects-normal/arm64/react-native-maps.LinkFileList -dependency_info /Users/ppbuddy/Library/Developer/Xcode/DerivedData/RewardsPlanners-ekihbxkapylnzgekifxkpyiwfgsu/Build/Intermediates.noindex/Pods.build/Debug-iphoneos/react-native-maps.build/Objects-normal/arm64/react-native-maps_libtool_dependency_info.dat -o /Users/ppbuddy/Library/Developer/Xcode/DerivedData/RewardsPlanners-ekihbxkapylnzgekifxkpyiwfgsu/Build/Products/Debug-iphoneos/react-native-maps/libreact-native-maps.a

debug 

debug Ld /Users/ppbuddy/Library/Developer/Xcode/DerivedData/RewardsPlanners-ekihbxkapylnzgekifxkpyiwfgsu/Build/Products/Debug-iphoneos/Reward\ Planners.app/Reward\ Planners.debug.dylib normal (in target 'RewardsPlanners' from project 'RewardsPlanners')
    cd /Users/ppbuddy/Desktop/RewardsPlanner/ios
    /Users/ppbuddy/Downloads/Xcode.app/Contents/Developer/Toolchains/XcodeDefault.xctoolchain/usr/bin/clang -Xlinker -reproducible -target arm64-apple-ios15.1 -dynamiclib -isysroot /Users/ppbuddy/Downloads/Xcode.app/Contents/Developer/Platforms/iPhoneOS.platform/Developer/SDKs/iPhoneOS26.0.sdk -O0 -L/Users/ppbuddy/Library/Developer/Xcode/DerivedData/RewardsPlanners-ekihbxkapylnzgekifxkpyiwfgsu/Build/Intermediates.noindex/EagerLinkingTBDs/Debug-iphoneos -L/Users/ppbuddy/Library/Developer/Xcode/DerivedData/RewardsPlanners-ekihbxkapylnzgekifxkpyiwfgsu/Build/Products/Debug-iphoneos -L/Users/ppbuddy/Downloads/Xcode.app/Contents/Developer/Platforms/iPhoneOS.platform/Developer/SDKs/iPhoneOS26.0.sdk/usr/lib/swift -L/Users/ppbuddy/Downloads/Xcode.app/Contents/Developer/Toolchains/XcodeDefault.xctoolchain/usr/lib/swift/iphoneos -L/Users/ppbuddy/Library/Developer/Xcode/DerivedData/RewardsPlanners-ekihbxkapylnzgekifxkpyiwfgsu/Build/Products/Debug-iphoneos/BVLinearGradient -L/Users/ppbuddy/Library/Developer/Xcode/DerivedData/RewardsPlanners-ekihbxkapylnzgekifxkpyiwfgsu/Build/Products/Debug-iphoneos/DoubleConversion -L/Users/ppbuddy/Library/Developer/Xcode/DerivedData/RewardsPlanners-ekihbxkapylnzgekifxkpyiwfgsu/Build/Products/Debug-iphoneos/HtmlToPdf -L/Users/ppbuddy/Library/Developer/Xcode/DerivedData/RewardsPlanners-ekihbxkapylnzgekifxkpyiwfgsu/Build/Products/Debug-iphoneos/RCT-Folly -L/Users/ppbuddy/Library/Developer/Xcode/DerivedData/RewardsPlanners-ekihbxkapylnzgekifxkpyiwfgsu/Build/Products/Debug-iphoneos/RCTDeprecation -L/Users/ppbuddy/Library/Developer/Xcode/DerivedData/RewardsPlanners-ekihbxkapylnzgekifxkpyiwfgsu/Build/Products/Debug-iphoneos/RCTTypeSafety -L/Users/ppbuddy/Library/Developer/Xcode/DerivedData/RewardsPlanners-ekihbxkapylnzgekifxkpyiwfgsu/Build/Products/Debug-iphoneos/RNCAsyncStorage -L/Users/ppbuddy/Library/Developer/Xcode/DerivedData/RewardsPlanners-ekihbxkapylnzgekifxkpyiwfgsu/Build/Products/Debug-iphoneos/RNCMaskedView -L/Users/ppbuddy/Library/Developer/Xcode/DerivedData/RewardsPlanners-ekihbxkapylnzgekifxkpyiwfgsu/Build/Products/Debug-iphoneos/RNDeviceInfo -L/Users/ppbuddy/Library/Developer/Xcode/DerivedData/RewardsPlanners-ekihbxkapylnzgekifxkpyiwfgsu/Build/Products/Debug-iphoneos/RNGestureHandler -L/Users/ppbuddy/Library/Developer/Xcode/DerivedData/RewardsPlanners-ekihbxkapylnzgekifxkpyiwfgsu/Build/Products/Debug-iphoneos/RNPermissions -L/Users/ppbuddy/Library/Developer/Xcode/DerivedData/RewardsPlanners-ekihbxkapylnzgekifxkpyiwfgsu/Build/Products/Debug-iphoneos/RNReanimated -L/Users/ppbuddy/Library/Developer/Xcode/DerivedData/RewardsPlanners-ekihbxkapylnzgekifxkpyiwfgsu/Build/Products/Debug-iphoneos/RNSVG -L/Users/ppbuddy/Library/Developer/Xcode/DerivedData/RewardsPlanners-ekihbxkapylnzgekifxkpyiwfgsu/Build/Products/Debug-iphoneos/RNScreens -L/Users/ppbuddy/Library/Developer/Xcode/DerivedData/RewardsPlanners-ekihbxkapylnzgekifxkpyiwfgsu/Build/Products/Debug-iphoneos/RNShare -L/Users/ppbuddy/Library/Developer/Xcode/DerivedData/RewardsPlanners-ekihbxkapylnzgekifxkpyiwfgsu/Build/Products/Debug-iphoneos/RNVectorIcons -L/Users/ppbuddy/Library/Developer/Xcode/DerivedData/RewardsPlanners-ekihbxkapylnzgekifxkpyiwfgsu/Build/Products/Debug-iphoneos/RNWorklets -L/Users/ppbuddy/Library/Developer/Xcode/DerivedData/RewardsPlanners-ekihbxkapylnzgekifxkpyiwfgsu/Build/Products/Debug-iphoneos/React-Core -L/Users/ppbuddy/Library/Developer/Xcode/DerivedData/RewardsPlanners-ekihbxkapylnzgekifxkpyiwfgsu/Build/Products/Debug-iphoneos/React-CoreModules -L/Users/ppbuddy/Library/Developer/Xcode/DerivedData/RewardsPlanners-ekihbxkapylnzgekifxkpyiwfgsu/Build/Products/Debug-iphoneos/React-Fabric -L/Users/ppbuddy/Library/Developer/Xcode/DerivedData/RewardsPlanners-ekihbxkapylnzgekifxkpyiwfgsu/Build/Products/Debug-iphoneos/React-FabricComponents -L/Users/ppbuddy/Library/Developer/Xcode/DerivedData/RewardsPlanners-ekihbxkapylnzgekifxkpyiwfgsu/Build/Products/Debug-iphoneos/React-FabricImage -L/Users/ppbuddy/Library/Developer/Xcode/DerivedData/RewardsPlanners-ekihbxkapylnzgekifxkpyiwfgsu/Build/Products/Debug-iphoneos/React-ImageManager -L/Users/ppbuddy/Library/Developer/Xcode/DerivedData/RewardsPlanners-ekihbxkapylnzgekifxkpyiwfgsu/Build/Products/Debug-iphoneos/React-Mapbuffer -L/Users/ppbuddy/Library/Developer/Xcode/DerivedData/RewardsPlanners-ekihbxkapylnzgekifxkpyiwfgsu/Build/Products/Debug-iphoneos/React-NativeModulesApple -L/Users/ppbuddy/Library/Developer/Xcode/DerivedData/RewardsPlanners-ekihbxkapylnzgekifxkpyiwfgsu/Build/Products/Debug-iphoneos/React-RCTAnimation -L/Users/ppbuddy/Library/Developer/Xcode/DerivedData/RewardsPlanners-ekihbxkapylnzgekifxkpyiwfgsu/Build/Products/Debug-iphoneos/React-RCTAppDelegate -L/Users/ppbuddy/Library/Developer/Xcode/DerivedData/RewardsPlanners-ekihbxkapylnzgekifxkpyiwfgsu/Build/Products/Debug-iphoneos/React-RCTBlob -L/Users/ppbuddy/Library/Developer/Xcode/DerivedData/RewardsPlanners-ekihbxkapylnzgekifxkpyiwfgsu/Build/Products/Debug-iphoneos/React-RCTFBReactNativeSpec -L/Users/ppbuddy/Library/Developer/Xcode/DerivedData/RewardsPlanners-ekihbxkapylnzgekifxkpyiwfgsu/Build/Products/Debug-iphoneos/React-RCTFabric -L/Users/ppbuddy/Library/Developer/Xcode/DerivedData/RewardsPlanners-ekihbxkapylnzgekifxkpyiwfgsu/Build/Products/Debug-iphoneos/React-RCTImage -L/Users/ppbuddy/Library/Developer/Xcode/DerivedData/RewardsPlanners-ekihbxkapylnzgekifxkpyiwfgsu/Build/Products/Debug-iphoneos/React-RCTLinking -L/Users/ppbuddy/Library/Developer/Xcode/DerivedData/RewardsPlanners-ekihbxkapylnzgekifxkpyiwfgsu/Build/Products/Debug-iphoneos/React-RCTNetwork -L/Users/ppbuddy/Library/Developer/Xcode/DerivedData/RewardsPlanners-ekihbxkapylnzgekifxkpyiwfgsu/Build/Products/Debug-iphoneos/React-RCTRuntime -L/Users/ppbuddy/Library/Developer/Xcode/DerivedData/RewardsPlanners-ekihbxkapylnzgekifxkpyiwfgsu/Build/Products/Debug-iphoneos/React-RCTSettings -L/Users/ppbuddy/Library/Developer/Xcode/DerivedData/RewardsPlanners-ekihbxkapylnzgekifxkpyiwfgsu/Build/Products/Debug-iphoneos/React-RCTText -L/Users/ppbuddy/Library/Developer/Xcode/DerivedData/RewardsPlanners-ekihbxkapylnzgekifxkpyiwfgsu/Build/Products/Debug-iphoneos/React-RCTVibration -L/Users/ppbuddy/Library/Developer/Xcode/DerivedData/RewardsPlanners-ekihbxkapylnzgekifxkpyiwfgsu/Build/Products/Debug-iphoneos/React-RuntimeApple -L/Users/ppbuddy/Library/Developer/Xcode/DerivedData/RewardsPlanners-ekihbxkapylnzgekifxkpyiwfgsu/Build/Products/Debug-iphoneos/React-RuntimeCore -L/Users/ppbuddy/Library/Developer/Xcode/DerivedData/RewardsPlanners-ekihbxkapylnzgekifxkpyiwfgsu/Build/Products/Debug-iphoneos/React-RuntimeHermes -L/Users/ppbuddy/Library/Developer/Xcode/DerivedData/RewardsPlanners-ekihbxkapylnzgekifxkpyiwfgsu/Build/Products/Debug-iphoneos/React-cxxreact -L/Users/ppbuddy/Library/Developer/Xcode/DerivedData/RewardsPlanners-ekihbxkapylnzgekifxkpyiwfgsu/Build/Products/Debug-iphoneos/React-debug -L/Users/ppbuddy/Library/Developer/Xcode/DerivedData/RewardsPlanners-ekihbxkapylnzgekifxkpyiwfgsu/Build/Products/Debug-iphoneos/React-defaultsnativemodule -L/Users/ppbuddy/Library/Developer/Xcode/DerivedData/RewardsPlanners-ekihbxkapylnzgekifxkpyiwfgsu/Build/Products/Debug-iphoneos/React-domnativemodule -L/Users/ppbuddy/Library/Developer/Xcode/DerivedData/RewardsPlanners-ekihbxkapylnzgekifxkpyiwfgsu/Build/Products/Debug-iphoneos/React-featureflags -L/Users/ppbuddy/Library/Developer/Xcode/DerivedData/RewardsPlanners-ekihbxkapylnzgekifxkpyiwfgsu/Build/Products/Debug-iphoneos/React-featureflagsnativemodule -L/Users/ppbuddy/Library/Developer/Xcode/DerivedData/RewardsPlanners-ekihbxkapylnzgekifxkpyiwfgsu/Build/Products/Debug-iphoneos/React-graphics -L/Users/ppbuddy/Library/Developer/Xcode/DerivedData/RewardsPlanners-ekihbxkapylnzgekifxkpyiwfgsu/Build/Products/Debug-iphoneos/React-hermes -L/Users/ppbuddy/Library/Developer/Xcode/DerivedData/RewardsPlanners-ekihbxkapylnzgekifxkpyiwfgsu/Build/Products/Debug-iphoneos/React-idlecallbacksnativemodule -L/Users/ppbuddy/Library/Developer/Xcode/DerivedData/RewardsPlanners-ekihbxkapylnzgekifxkpyiwfgsu/Build/Products/Debug-iphoneos/React-jserrorhandler -L/Users/ppbuddy/Library/Developer/Xcode/DerivedData/RewardsPlanners-ekihbxkapylnzgekifxkpyiwfgsu/Build/Products/Debug-iphoneos/React-jsi -L/Users/ppbuddy/Library/Developer/Xcode/DerivedData/RewardsPlanners-ekihbxkapylnzgekifxkpyiwfgsu/Build/Products/Debug-iphoneos/React-jsiexecutor -L/Users/ppbuddy/Library/Developer/Xcode/DerivedData/RewardsPlanners-ekihbxkapylnzgekifxkpyiwfgsu/Build/Products/Debug-iphoneos/React-jsinspector -L/Users/ppbuddy/Library/Developer/Xcode/DerivedData/RewardsPlanners-ekihbxkapylnzgekifxkpyiwfgsu/Build/Products/Debug-iphoneos/React-jsinspectorcdp -L/Users/ppbuddy/Library/Developer/Xcode/DerivedData/RewardsPlanners-ekihbxkapylnzgekifxkpyiwfgsu/Build/Products/Debug-iphoneos/React-jsinspectornetwork -L/Users/ppbuddy/Library/Developer/Xcode/DerivedData/RewardsPlanners-ekihbxkapylnzgekifxkpyiwfgsu/Build/Products/Debug-iphoneos/React-jsinspectortracing -L/Users/ppbuddy/Library/Developer/Xcode/DerivedData/RewardsPlanners-ekihbxkapylnzgekifxkpyiwfgsu/Build/Products/Debug-iphoneos/React-jsitooling -L/Users/ppbuddy/Library/Developer/Xcode/DerivedData/RewardsPlanners-ekihbxkapylnzgekifxkpyiwfgsu/Build/Products/Debug-iphoneos/React-logger -L/Users/ppbuddy/Library/Developer/Xcode/DerivedData/RewardsPlanners-ekihbxkapylnzgekifxkpyiwfgsu/Build/Products/Debug-iphoneos/React-microtasksnativemodule -L/Users/ppbuddy/Library/Developer/Xcode/DerivedData/RewardsPlanners-ekihbxkapylnzgekifxkpyiwfgsu/Build/Products/Debug-iphoneos/React-oscompat -L/Users/ppbuddy/Library/Developer/Xcode/DerivedData/RewardsPlanners-ekihbxkapylnzgekifxkpyiwfgsu/Build/Products/Debug-iphoneos/React-perflogger -L/Users/ppbuddy/Library/Developer/Xcode/DerivedData/RewardsPlanners-ekihbxkapylnzgekifxkpyiwfgsu/Build/Products/Debug-iphoneos/React-performancecdpmetrics -L/Users/ppbuddy/Library/Developer/Xcode/DerivedData/RewardsPlanners-ekihbxkapylnzgekifxkpyiwfgsu/Build/Products/Debug-iphoneos/React-performancetimeline -L/Users/ppbuddy/Library/Developer/Xcode/DerivedData/RewardsPlanners-ekihbxkapylnzgekifxkpyiwfgsu/Build/Products/Debug-iphoneos/React-rendererconsistency -L/Users/ppbuddy/Library/Developer/Xcode/DerivedData/RewardsPlanners-ekihbxkapylnzgekifxkpyiwfgsu/Build/Products/Debug-iphoneos/React-renderercss -L/Users/ppbuddy/Library/Developer/Xcode/DerivedData/RewardsPlanners-ekihbxkapylnzgekifxkpyiwfgsu/Build/Products/Debug-iphoneos/React-rendererdebug -L/Users/ppbuddy/Library/Developer/Xcode/DerivedData/RewardsPlanners-ekihbxkapylnzgekifxkpyiwfgsu/Build/Products/Debug-iphoneos/React-runtimeexecutor -L/Users/ppbuddy/Library/Developer/Xcode/DerivedData/RewardsPlanners-ekihbxkapylnzgekifxkpyiwfgsu/Build/Products/Debug-iphoneos/React-runtimescheduler -L/Users/ppbuddy/Library/Developer/Xcode/DerivedData/RewardsPlanners-ekihbxkapylnzgekifxkpyiwfgsu/Build/Products/Debug-iphoneos/React-utils -L/Users/ppbuddy/Library/Developer/Xcode/DerivedData/RewardsPlanners-ekihbxkapylnzgekifxkpyiwfgsu/Build/Products/Debug-iphoneos/React-webperformancenativemodule -L/Users/ppbuddy/Library/Developer/Xcode/DerivedData/RewardsPlanners-ekihbxkapylnzgekifxkpyiwfgsu/Build/Products/Debug-iphoneos/ReactAppDependencyProvider -L/Users/ppbuddy/Library/Developer/Xcode/DerivedData/RewardsPlanners-ekihbxkapylnzgekifxkpyiwfgsu/Build/Products/Debug-iphoneos/ReactCodegen -L/Users/ppbuddy/Library/Developer/Xcode/DerivedData/RewardsPlanners-ekihbxkapylnzgekifxkpyiwfgsu/Build/Products/Debug-iphoneos/ReactCommon -L/Users/ppbuddy/Library/Developer/Xcode/DerivedData/RewardsPlanners-ekihbxkapylnzgekifxkpyiwfgsu/Build/Products/Debug-iphoneos/SocketRocket -L/Users/ppbuddy/Library/Developer/Xcode/DerivedData/RewardsPlanners-ekihbxkapylnzgekifxkpyiwfgsu/Build/Products/Debug-iphoneos/Yoga -L/Users/ppbuddy/Library/Developer/Xcode/DerivedData/RewardsPlanners-ekihbxkapylnzgekifxkpyiwfgsu/Build/Products/Debug-iphoneos/fmt -L/Users/ppbuddy/Library/Developer/Xcode/DerivedData/RewardsPlanners-ekihbxkapylnzgekifxkpyiwfgsu/Build/Products/Debug-iphoneos/glog -L/Users/ppbuddy/Library/Developer/Xcode/DerivedData/RewardsPlanners-ekihbxkapylnzgekifxkpyiwfgsu/Build/Products/Debug-iphoneos/react-native-geolocation -L/Users/ppbuddy/Library/Developer/Xcode/DerivedData/RewardsPlanners-ekihbxkapylnzgekifxkpyiwfgsu/Build/Products/Debug-iphoneos/react-native-image-picker -L/Users/ppbuddy/Library/Developer/Xcode/DerivedData/RewardsPlanners-ekihbxkapylnzgekifxkpyiwfgsu/Build/Products/Debug-iphoneos/react-native-maps -L/Users/ppbuddy/Library/Developer/Xcode/DerivedData/RewardsPlanners-ekihbxkapylnzgekifxkpyiwfgsu/Build/Products/Debug-iphoneos/react-native-netinfo -L/Users/ppbuddy/Library/Developer/Xcode/DerivedData/RewardsPlanners-ekihbxkapylnzgekifxkpyiwfgsu/Build/Products/Debug-iphoneos/react-native-razorpay -L/Users/ppbuddy/Library/Developer/Xcode/DerivedData/RewardsPlanners-ekihbxkapylnzgekifxkpyiwfgsu/Build/Products/Debug-iphoneos/react-native-safe-area-context -L/Users/ppbuddy/Downloads/Xcode.app/Contents/Developer/Toolchains/XcodeDefault.xctoolchain/usr/lib/swift/iphoneos -L/Users/ppbuddy/Downloads/Xcode.app/Contents/Developer/Platforms/iPhoneOS.platform/Developer/SDKs/iPhoneOS26.0.sdk/usr/lib/swift -F/Users/ppbuddy/Library/Developer/Xcode/DerivedData/RewardsPlanners-ekihbxkapylnzgekifxkpyiwfgsu/Build/Intermediates.noindex/EagerLinkingTBDs/Debug-iphoneos -F/Users/ppbuddy/Library/Developer/Xcode/DerivedData/RewardsPlanners-ekihbxkapylnzgekifxkpyiwfgsu/Build/Products/Debug-iphoneos -F/Users/ppbuddy/Desktop/RewardsPlanner/ios/Pods/hermes-engine/destroot/Library/Frameworks/universal -F/Users/ppbuddy/Desktop/RewardsPlanner/ios/Pods/razorpay-core-pod/Pod/core -F/Users/ppbuddy/Desktop/RewardsPlanner/ios/Pods/razorpay-pod/Pod -F/Users/ppbuddy/Library/Developer/Xcode/DerivedData/RewardsPlanners-ekihbxkapylnzgekifxkpyiwfgsu/Build/Products/Debug-iphoneos/XCFrameworkIntermediates/hermes-engine/Pre-built -F/Users/ppbuddy/Library/Developer/Xcode/DerivedData/RewardsPlanners-ekihbxkapylnzgekifxkpyiwfgsu/Build/Products/Debug-iphoneos/XCFrameworkIntermediates/razorpay-core-pod -F/Users/ppbuddy/Library/Developer/Xcode/DerivedData/RewardsPlanners-ekihbxkapylnzgekifxkpyiwfgsu/Build/Products/Debug-iphoneos/XCFrameworkIntermediates/razorpay-pod -filelist /Users/ppbuddy/Library/Developer/Xcode/DerivedData/RewardsPlanners-ekihbxkapylnzgekifxkpyiwfgsu/Build/Intermediates.noindex/RewardsPlanners.build/Debug-iphoneos/RewardsPlanners.build/Objects-normal/arm64/Reward\ Planners.LinkFileList -install_name @rpath/Reward\ Planners.debug.dylib -Xlinker -rpath -Xlinker /usr/lib/swift -Xlinker -rpath -Xlinker @executable_path/Frameworks -Xlinker -rpath -Xlinker @loader_path/Frameworks -dead_strip -Xlinker -object_path_lto -Xlinker /Users/ppbuddy/Library/Developer/Xcode/DerivedData/RewardsPlanners-ekihbxkapylnzgekifxkpyiwfgsu/Build/Intermediates.noindex/RewardsPlanners.build/Debug-iphoneos/RewardsPlanners.build/Objects-normal/arm64/Reward\ Planners_lto.o -rdynamic -Xlinker -no_deduplicate -Xlinker -dependency_info -Xlinker /Users/ppbuddy/Library/Developer/Xcode/DerivedData/RewardsPlanners-ekihbxkapylnzgekifxkpyiwfgsu/Build/Intermediates.noindex/RewardsPlanners.build/Debug-iphoneos/RewardsPlanners.build/Objects-normal/arm64/Reward\ Planners_dependency_info.dat -fobjc-link-runtime -L/Users/ppbuddy/Downloads/Xcode.app/Contents/Developer/Toolchains/XcodeDefault.xctoolchain/usr/lib/swift/iphoneos -L/usr/lib/swift -Xlinker -add_ast_path -Xlinker /Users/ppbuddy/Library/Developer/Xcode/DerivedData/RewardsPlanners-ekihbxkapylnzgekifxkpyiwfgsu/Build/Intermediates.noindex/RewardsPlanners.build/Debug-iphoneos/RewardsPlanners.build/Objects-normal/arm64/Reward_Planners.swiftmodule @/Users/ppbuddy/Library/Developer/Xcode/DerivedData/RewardsPlanners-ekihbxkapylnzgekifxkpyiwfgsu/Build/Intermediates.noindex/RewardsPlanners.build/Debug-iphoneos/RewardsPlanners.build/Objects-normal/arm64/Reward_Planners-linker-args.resp -ObjC -lBVLinearGradient -lDoubleConversion -lHtmlToPdf -lRCT-Folly -lRCTDeprecation -lRCTTypeSafety -lRNCAsyncStorage -lRNCMaskedView -lRNDeviceInfo -lRNGestureHandler -lRNPermissions -lRNReanimated -lRNSVG -lRNScreens -lRNShare -lRNVectorIcons -lRNWorklets -lReact-Core -lReact-CoreModules -lReact-Fabric -lReact-FabricComponents -lReact-FabricImage -lReact-ImageManager -lReact-Mapbuffer -lReact-NativeModulesApple -lReact-RCTAnimation -lReact-RCTAppDelegate -lReact-RCTBlob -lReact-RCTFBReactNativeSpec -lReact-RCTFabric -lReact-RCTImage -lReact-RCTLinking -lReact-RCTNetwork -lReact-RCTRuntime -lReact-RCTSettings -lReact-RCTText -lReact-RCTVibration -lReact-RuntimeApple -lReact-RuntimeCore -lReact-RuntimeHermes -lReact-cxxreact -lReact-debug -lReact-defaultsnativemodule -lReact-domnativemodule -lReact-featureflags -lReact-featureflagsnativemodule -lReact-graphics -lReact-hermes -lReact-idlecallbacksnativemodule -lReact-jserrorhandler -lReact-jsi -lReact-jsiexecutor -lReact-jsinspector -lReact-jsinspectorcdp -lReact-jsinspectornetwork -lReact-jsinspectortracing -lReact-jsitooling -lReact-logger -lReact-microtasksnativemodule -lReact-oscompat -lReact-perflogger -lReact-performancecdpmetrics -lReact-performancetimeline -lReact-rendererconsistency -lReact-renderercss -lReact-rendererdebug -lReact-runtimeexecutor -lReact-runtimescheduler -lReact-utils -lReact-webperformancenativemodule -lReactAppDependencyProvider -lReactCodegen -lReactCommon -lSocketRocket -lYoga -lc++ -lc++abi -lfmt -lglog -licucore -lreact-native-geolocation -lreact-native-image-picker -lreact-native-maps -lreact-native-netinfo -lreact-native-razorpay -lreact-native-safe-area-context -framework AVFoundation -framework Accelerate -framework AudioToolbox -framework CFNetwork -framework CoreGraphics -framework CoreLocation -framework CoreMedia -framework Foundation -framework ImageIO -framework MobileCoreServices -framework NetworkExtension -framework Photos -framework PhotosUI -framework QuartzCore -framework Razorpay -framework RazorpayCore -framework RazorpayStandard -framework Security -framework UIKit -framework WebKit -framework hermesvm -weak_framework JavaScriptCore -weak_framework LinkPresentation -ObjC -lc++ -Xlinker -alias -Xlinker _main -Xlinker ___debug_main_executable_dylib_entry_point -lPods-RewardsPlanners -Xlinker -no_adhoc_codesign -o /Users/ppbuddy/Library/Developer/Xcode/DerivedData/RewardsPlanners-ekihbxkapylnzgekifxkpyiwfgsu/Build/Products/Debug-iphoneos/Reward\ Planners.app/Reward\ Planners.debug.dylib

debug ld: warning: ignoring duplicate libraries: '-lc++'

debug 

debug ConstructStubExecutorLinkFileList /Users/ppbuddy/Library/Developer/Xcode/DerivedData/RewardsPlanners-ekihbxkapylnzgekifxkpyiwfgsu/Build/Intermediates.noindex/RewardsPlanners.build/Debug-iphoneos/RewardsPlanners.build/Reward\ Planners-ExecutorLinkFileList-normal-arm64.txt (in target 'RewardsPlanners' from project 'RewardsPlanners')
    cd /Users/ppbuddy/Desktop/RewardsPlanner/ios
    construct-stub-executor-link-file-list /Users/ppbuddy/Library/Developer/Xcode/DerivedData/RewardsPlanners-ekihbxkapylnzgekifxkpyiwfgsu/Build/Products/Debug-iphoneos/Reward\ Planners.app/Reward\ Planners.debug.dylib /Users/ppbuddy/Downloads/Xcode.app/Contents/Developer/Platforms/iPhoneOS.platform/Developer/usr/lib/libPreviewsJITStubExecutor_no_swift_entry_point.a /Users/ppbuddy/Downloads/Xcode.app/Contents/Developer/Platforms/iPhoneOS.platform/Developer/usr/lib/libPreviewsJITStubExecutor.a --output /Users/ppbuddy/Library/Developer/Xcode/DerivedData/RewardsPlanners-ekihbxkapylnzgekifxkpyiwfgsu/Build/Intermediates.noindex/RewardsPlanners.build/Debug-iphoneos/RewardsPlanners.build/Reward\ Planners-ExecutorLinkFileList-normal-arm64.txt

debug note: Using stub executor library with Swift entry point. (in target 'RewardsPlanners' from project 'RewardsPlanners')

debug 

debug Ld /Users/ppbuddy/Library/Developer/Xcode/DerivedData/RewardsPlanners-ekihbxkapylnzgekifxkpyiwfgsu/Build/Products/Debug-iphoneos/Reward\ Planners.app/Reward\ Planners normal (in target 'RewardsPlanners' from project 'RewardsPlanners')
    cd /Users/ppbuddy/Desktop/RewardsPlanner/ios
    /Users/ppbuddy/Downloads/Xcode.app/Contents/Developer/Toolchains/XcodeDefault.xctoolchain/usr/bin/clang -Xlinker -reproducible -target arm64-apple-ios15.1 -isysroot /Users/ppbuddy/Downloads/Xcode.app/Contents/Developer/Platforms/iPhoneOS.platform/Developer/SDKs/iPhoneOS26.0.sdk -O0 -L/Users/ppbuddy/Library/Developer/Xcode/DerivedData/RewardsPlanners-ekihbxkapylnzgekifxkpyiwfgsu/Build/Products/Debug-iphoneos -L/Users/ppbuddy/Downloads/Xcode.app/Contents/Developer/Platforms/iPhoneOS.platform/Developer/SDKs/iPhoneOS26.0.sdk/usr/lib/swift -L/Users/ppbuddy/Downloads/Xcode.app/Contents/Developer/Toolchains/XcodeDefault.xctoolchain/usr/lib/swift/iphoneos -L/Users/ppbuddy/Library/Developer/Xcode/DerivedData/RewardsPlanners-ekihbxkapylnzgekifxkpyiwfgsu/Build/Products/Debug-iphoneos/BVLinearGradient -L/Users/ppbuddy/Library/Developer/Xcode/DerivedData/RewardsPlanners-ekihbxkapylnzgekifxkpyiwfgsu/Build/Products/Debug-iphoneos/DoubleConversion -L/Users/ppbuddy/Library/Developer/Xcode/DerivedData/RewardsPlanners-ekihbxkapylnzgekifxkpyiwfgsu/Build/Products/Debug-iphoneos/HtmlToPdf -L/Users/ppbuddy/Library/Developer/Xcode/DerivedData/RewardsPlanners-ekihbxkapylnzgekifxkpyiwfgsu/Build/Products/Debug-iphoneos/RCT-Folly -L/Users/ppbuddy/Library/Developer/Xcode/DerivedData/RewardsPlanners-ekihbxkapylnzgekifxkpyiwfgsu/Build/Products/Debug-iphoneos/RCTDeprecation -L/Users/ppbuddy/Library/Developer/Xcode/DerivedData/RewardsPlanners-ekihbxkapylnzgekifxkpyiwfgsu/Build/Products/Debug-iphoneos/RCTTypeSafety -L/Users/ppbuddy/Library/Developer/Xcode/DerivedData/RewardsPlanners-ekihbxkapylnzgekifxkpyiwfgsu/Build/Products/Debug-iphoneos/RNCAsyncStorage -L/Users/ppbuddy/Library/Developer/Xcode/DerivedData/RewardsPlanners-ekihbxkapylnzgekifxkpyiwfgsu/Build/Products/Debug-iphoneos/RNCMaskedView -L/Users/ppbuddy/Library/Developer/Xcode/DerivedData/RewardsPlanners-ekihbxkapylnzgekifxkpyiwfgsu/Build/Products/Debug-iphoneos/RNDeviceInfo -L/Users/ppbuddy/Library/Developer/Xcode/DerivedData/RewardsPlanners-ekihbxkapylnzgekifxkpyiwfgsu/Build/Products/Debug-iphoneos/RNGestureHandler -L/Users/ppbuddy/Library/Developer/Xcode/DerivedData/RewardsPlanners-ekihbxkapylnzgekifxkpyiwfgsu/Build/Products/Debug-iphoneos/RNPermissions -L/Users/ppbuddy/Library/Developer/Xcode/DerivedData/RewardsPlanners-ekihbxkapylnzgekifxkpyiwfgsu/Build/Products/Debug-iphoneos/RNReanimated -L/Users/ppbuddy/Library/Developer/Xcode/DerivedData/RewardsPlanners-ekihbxkapylnzgekifxkpyiwfgsu/Build/Products/Debug-iphoneos/RNSVG -L/Users/ppbuddy/Library/Developer/Xcode/DerivedData/RewardsPlanners-ekihbxkapylnzgekifxkpyiwfgsu/Build/Products/Debug-iphoneos/RNScreens -L/Users/ppbuddy/Library/Developer/Xcode/DerivedData/RewardsPlanners-ekihbxkapylnzgekifxkpyiwfgsu/Build/Products/Debug-iphoneos/RNShare -L/Users/ppbuddy/Library/Developer/Xcode/DerivedData/RewardsPlanners-ekihbxkapylnzgekifxkpyiwfgsu/Build/Products/Debug-iphoneos/RNVectorIcons -L/Users/ppbuddy/Library/Developer/Xcode/DerivedData/RewardsPlanners-ekihbxkapylnzgekifxkpyiwfgsu/Build/Products/Debug-iphoneos/RNWorklets -L/Users/ppbuddy/Library/Developer/Xcode/DerivedData/RewardsPlanners-ekihbxkapylnzgekifxkpyiwfgsu/Build/Products/Debug-iphoneos/React-Core -L/Users/ppbuddy/Library/Developer/Xcode/DerivedData/RewardsPlanners-ekihbxkapylnzgekifxkpyiwfgsu/Build/Products/Debug-iphoneos/React-CoreModules -L/Users/ppbuddy/Library/Developer/Xcode/DerivedData/RewardsPlanners-ekihbxkapylnzgekifxkpyiwfgsu/Build/Products/Debug-iphoneos/React-Fabric -L/Users/ppbuddy/Library/Developer/Xcode/DerivedData/RewardsPlanners-ekihbxkapylnzgekifxkpyiwfgsu/Build/Products/Debug-iphoneos/React-FabricComponents -L/Users/ppbuddy/Library/Developer/Xcode/DerivedData/RewardsPlanners-ekihbxkapylnzgekifxkpyiwfgsu/Build/Products/Debug-iphoneos/React-FabricImage -L/Users/ppbuddy/Library/Developer/Xcode/DerivedData/RewardsPlanners-ekihbxkapylnzgekifxkpyiwfgsu/Build/Products/Debug-iphoneos/React-ImageManager -L/Users/ppbuddy/Library/Developer/Xcode/DerivedData/RewardsPlanners-ekihbxkapylnzgekifxkpyiwfgsu/Build/Products/Debug-iphoneos/React-Mapbuffer -L/Users/ppbuddy/Library/Developer/Xcode/DerivedData/RewardsPlanners-ekihbxkapylnzgekifxkpyiwfgsu/Build/Products/Debug-iphoneos/React-NativeModulesApple -L/Users/ppbuddy/Library/Developer/Xcode/DerivedData/RewardsPlanners-ekihbxkapylnzgekifxkpyiwfgsu/Build/Products/Debug-iphoneos/React-RCTAnimation -L/Users/ppbuddy/Library/Developer/Xcode/DerivedData/RewardsPlanners-ekihbxkapylnzgekifxkpyiwfgsu/Build/Products/Debug-iphoneos/React-RCTAppDelegate -L/Users/ppbuddy/Library/Developer/Xcode/DerivedData/RewardsPlanners-ekihbxkapylnzgekifxkpyiwfgsu/Build/Products/Debug-iphoneos/React-RCTBlob -L/Users/ppbuddy/Library/Developer/Xcode/DerivedData/RewardsPlanners-ekihbxkapylnzgekifxkpyiwfgsu/Build/Products/Debug-iphoneos/React-RCTFBReactNativeSpec -L/Users/ppbuddy/Library/Developer/Xcode/DerivedData/RewardsPlanners-ekihbxkapylnzgekifxkpyiwfgsu/Build/Products/Debug-iphoneos/React-RCTFabric -L/Users/ppbuddy/Library/Developer/Xcode/DerivedData/RewardsPlanners-ekihbxkapylnzgekifxkpyiwfgsu/Build/Products/Debug-iphoneos/React-RCTImage -L/Users/ppbuddy/Library/Developer/Xcode/DerivedData/RewardsPlanners-ekihbxkapylnzgekifxkpyiwfgsu/Build/Products/Debug-iphoneos/React-RCTLinking -L/Users/ppbuddy/Library/Developer/Xcode/DerivedData/RewardsPlanners-ekihbxkapylnzgekifxkpyiwfgsu/Build/Products/Debug-iphoneos/React-RCTNetwork -L/Users/ppbuddy/Library/Developer/Xcode/DerivedData/RewardsPlanners-ekihbxkapylnzgekifxkpyiwfgsu/Build/Products/Debug-iphoneos/React-RCTRuntime -L/Users/ppbuddy/Library/Developer/Xcode/DerivedData/RewardsPlanners-ekihbxkapylnzgekifxkpyiwfgsu/Build/Products/Debug-iphoneos/React-RCTSettings -L/Users/ppbuddy/Library/Developer/Xcode/DerivedData/RewardsPlanners-ekihbxkapylnzgekifxkpyiwfgsu/Build/Products/Debug-iphoneos/React-RCTText -L/Users/ppbuddy/Library/Developer/Xcode/DerivedData/RewardsPlanners-ekihbxkapylnzgekifxkpyiwfgsu/Build/Products/Debug-iphoneos/React-RCTVibration -L/Users/ppbuddy/Library/Developer/Xcode/DerivedData/RewardsPlanners-ekihbxkapylnzgekifxkpyiwfgsu/Build/Products/Debug-iphoneos/React-RuntimeApple -L/Users/ppbuddy/Library/Developer/Xcode/DerivedData/RewardsPlanners-ekihbxkapylnzgekifxkpyiwfgsu/Build/Products/Debug-iphoneos/React-RuntimeCore -L/Users/ppbuddy/Library/Developer/Xcode/DerivedData/RewardsPlanners-ekihbxkapylnzgekifxkpyiwfgsu/Build/Products/Debug-iphoneos/React-RuntimeHermes -L/Users/ppbuddy/Library/Developer/Xcode/DerivedData/RewardsPlanners-ekihbxkapylnzgekifxkpyiwfgsu/Build/Products/Debug-iphoneos/React-cxxreact -L/Users/ppbuddy/Library/Developer/Xcode/DerivedData/RewardsPlanners-ekihbxkapylnzgekifxkpyiwfgsu/Build/Products/Debug-iphoneos/React-debug -L/Users/ppbuddy/Library/Developer/Xcode/DerivedData/RewardsPlanners-ekihbxkapylnzgekifxkpyiwfgsu/Build/Products/Debug-iphoneos/React-defaultsnativemodule -L/Users/ppbuddy/Library/Developer/Xcode/DerivedData/RewardsPlanners-ekihbxkapylnzgekifxkpyiwfgsu/Build/Products/Debug-iphoneos/React-domnativemodule -L/Users/ppbuddy/Library/Developer/Xcode/DerivedData/RewardsPlanners-ekihbxkapylnzgekifxkpyiwfgsu/Build/Products/Debug-iphoneos/React-featureflags -L/Users/ppbuddy/Library/Developer/Xcode/DerivedData/RewardsPlanners-ekihbxkapylnzgekifxkpyiwfgsu/Build/Products/Debug-iphoneos/React-featureflagsnativemodule -L/Users/ppbuddy/Library/Developer/Xcode/DerivedData/RewardsPlanners-ekihbxkapylnzgekifxkpyiwfgsu/Build/Products/Debug-iphoneos/React-graphics -L/Users/ppbuddy/Library/Developer/Xcode/DerivedData/RewardsPlanners-ekihbxkapylnzgekifxkpyiwfgsu/Build/Products/Debug-iphoneos/React-hermes -L/Users/ppbuddy/Library/Developer/Xcode/DerivedData/RewardsPlanners-ekihbxkapylnzgekifxkpyiwfgsu/Build/Products/Debug-iphoneos/React-idlecallbacksnativemodule -L/Users/ppbuddy/Library/Developer/Xcode/DerivedData/RewardsPlanners-ekihbxkapylnzgekifxkpyiwfgsu/Build/Products/Debug-iphoneos/React-jserrorhandler -L/Users/ppbuddy/Library/Developer/Xcode/DerivedData/RewardsPlanners-ekihbxkapylnzgekifxkpyiwfgsu/Build/Products/Debug-iphoneos/React-jsi -L/Users/ppbuddy/Library/Developer/Xcode/DerivedData/RewardsPlanners-ekihbxkapylnzgekifxkpyiwfgsu/Build/Products/Debug-iphoneos/React-jsiexecutor -L/Users/ppbuddy/Library/Developer/Xcode/DerivedData/RewardsPlanners-ekihbxkapylnzgekifxkpyiwfgsu/Build/Products/Debug-iphoneos/React-jsinspector -L/Users/ppbuddy/Library/Developer/Xcode/DerivedData/RewardsPlanners-ekihbxkapylnzgekifxkpyiwfgsu/Build/Products/Debug-iphoneos/React-jsinspectorcdp -L/Users/ppbuddy/Library/Developer/Xcode/DerivedData/RewardsPlanners-ekihbxkapylnzgekifxkpyiwfgsu/Build/Products/Debug-iphoneos/React-jsinspectornetwork -L/Users/ppbuddy/Library/Developer/Xcode/DerivedData/RewardsPlanners-ekihbxkapylnzgekifxkpyiwfgsu/Build/Products/Debug-iphoneos/React-jsinspectortracing -L/Users/ppbuddy/Library/Developer/Xcode/DerivedData/RewardsPlanners-ekihbxkapylnzgekifxkpyiwfgsu/Build/Products/Debug-iphoneos/React-jsitooling -L/Users/ppbuddy/Library/Developer/Xcode/DerivedData/RewardsPlanners-ekihbxkapylnzgekifxkpyiwfgsu/Build/Products/Debug-iphoneos/React-logger -L/Users/ppbuddy/Library/Developer/Xcode/DerivedData/RewardsPlanners-ekihbxkapylnzgekifxkpyiwfgsu/Build/Products/Debug-iphoneos/React-microtasksnativemodule -L/Users/ppbuddy/Library/Developer/Xcode/DerivedData/RewardsPlanners-ekihbxkapylnzgekifxkpyiwfgsu/Build/Products/Debug-iphoneos/React-oscompat -L/Users/ppbuddy/Library/Developer/Xcode/DerivedData/RewardsPlanners-ekihbxkapylnzgekifxkpyiwfgsu/Build/Products/Debug-iphoneos/React-perflogger -L/Users/ppbuddy/Library/Developer/Xcode/DerivedData/RewardsPlanners-ekihbxkapylnzgekifxkpyiwfgsu/Build/Products/Debug-iphoneos/React-performancecdpmetrics -L/Users/ppbuddy/Library/Developer/Xcode/DerivedData/RewardsPlanners-ekihbxkapylnzgekifxkpyiwfgsu/Build/Products/Debug-iphoneos/React-performancetimeline -L/Users/ppbuddy/Library/Developer/Xcode/DerivedData/RewardsPlanners-ekihbxkapylnzgekifxkpyiwfgsu/Build/Products/Debug-iphoneos/React-rendererconsistency -L/Users/ppbuddy/Library/Developer/Xcode/DerivedData/RewardsPlanners-ekihbxkapylnzgekifxkpyiwfgsu/Build/Products/Debug-iphoneos/React-renderercss -L/Users/ppbuddy/Library/Developer/Xcode/DerivedData/RewardsPlanners-ekihbxkapylnzgekifxkpyiwfgsu/Build/Products/Debug-iphoneos/React-rendererdebug -L/Users/ppbuddy/Library/Developer/Xcode/DerivedData/RewardsPlanners-ekihbxkapylnzgekifxkpyiwfgsu/Build/Products/Debug-iphoneos/React-runtimeexecutor -L/Users/ppbuddy/Library/Developer/Xcode/DerivedData/RewardsPlanners-ekihbxkapylnzgekifxkpyiwfgsu/Build/Products/Debug-iphoneos/React-runtimescheduler -L/Users/ppbuddy/Library/Developer/Xcode/DerivedData/RewardsPlanners-ekihbxkapylnzgekifxkpyiwfgsu/Build/Products/Debug-iphoneos/React-utils -L/Users/ppbuddy/Library/Developer/Xcode/DerivedData/RewardsPlanners-ekihbxkapylnzgekifxkpyiwfgsu/Build/Products/Debug-iphoneos/React-webperformancenativemodule -L/Users/ppbuddy/Library/Developer/Xcode/DerivedData/RewardsPlanners-ekihbxkapylnzgekifxkpyiwfgsu/Build/Products/Debug-iphoneos/ReactAppDependencyProvider -L/Users/ppbuddy/Library/Developer/Xcode/DerivedData/RewardsPlanners-ekihbxkapylnzgekifxkpyiwfgsu/Build/Products/Debug-iphoneos/ReactCodegen -L/Users/ppbuddy/Library/Developer/Xcode/DerivedData/RewardsPlanners-ekihbxkapylnzgekifxkpyiwfgsu/Build/Products/Debug-iphoneos/ReactCommon -L/Users/ppbuddy/Library/Developer/Xcode/DerivedData/RewardsPlanners-ekihbxkapylnzgekifxkpyiwfgsu/Build/Products/Debug-iphoneos/SocketRocket -L/Users/ppbuddy/Library/Developer/Xcode/DerivedData/RewardsPlanners-ekihbxkapylnzgekifxkpyiwfgsu/Build/Products/Debug-iphoneos/Yoga -L/Users/ppbuddy/Library/Developer/Xcode/DerivedData/RewardsPlanners-ekihbxkapylnzgekifxkpyiwfgsu/Build/Products/Debug-iphoneos/fmt -L/Users/ppbuddy/Library/Developer/Xcode/DerivedData/RewardsPlanners-ekihbxkapylnzgekifxkpyiwfgsu/Build/Products/Debug-iphoneos/glog -L/Users/ppbuddy/Library/Developer/Xcode/DerivedData/RewardsPlanners-ekihbxkapylnzgekifxkpyiwfgsu/Build/Products/Debug-iphoneos/react-native-geolocation -L/Users/ppbuddy/Library/Developer/Xcode/DerivedData/RewardsPlanners-ekihbxkapylnzgekifxkpyiwfgsu/Build/Products/Debug-iphoneos/react-native-image-picker -L/Users/ppbuddy/Library/Developer/Xcode/DerivedData/RewardsPlanners-ekihbxkapylnzgekifxkpyiwfgsu/Build/Products/Debug-iphoneos/react-native-maps -L/Users/ppbuddy/Library/Developer/Xcode/DerivedData/RewardsPlanners-ekihbxkapylnzgekifxkpyiwfgsu/Build/Products/Debug-iphoneos/react-native-netinfo -L/Users/ppbuddy/Library/Developer/Xcode/DerivedData/RewardsPlanners-ekihbxkapylnzgekifxkpyiwfgsu/Build/Products/Debug-iphoneos/react-native-razorpay -L/Users/ppbuddy/Library/Developer/Xcode/DerivedData/RewardsPlanners-ekihbxkapylnzgekifxkpyiwfgsu/Build/Products/Debug-iphoneos/react-native-safe-area-context -L/Users/ppbuddy/Downloads/Xcode.app/Contents/Developer/Toolchains/XcodeDefault.xctoolchain/usr/lib/swift/iphoneos -L/Users/ppbuddy/Downloads/Xcode.app/Contents/Developer/Platforms/iPhoneOS.platform/Developer/SDKs/iPhoneOS26.0.sdk/usr/lib/swift -F/Users/ppbuddy/Library/Developer/Xcode/DerivedData/RewardsPlanners-ekihbxkapylnzgekifxkpyiwfgsu/Build/Products/Debug-iphoneos -F/Users/ppbuddy/Desktop/RewardsPlanner/ios/Pods/hermes-engine/destroot/Library/Frameworks/universal -F/Users/ppbuddy/Desktop/RewardsPlanner/ios/Pods/razorpay-core-pod/Pod/core -F/Users/ppbuddy/Desktop/RewardsPlanner/ios/Pods/razorpay-pod/Pod -F/Users/ppbuddy/Library/Developer/Xcode/DerivedData/RewardsPlanners-ekihbxkapylnzgekifxkpyiwfgsu/Build/Products/Debug-iphoneos/XCFrameworkIntermediates/hermes-engine/Pre-built -F/Users/ppbuddy/Library/Developer/Xcode/DerivedData/RewardsPlanners-ekihbxkapylnzgekifxkpyiwfgsu/Build/Products/Debug-iphoneos/XCFrameworkIntermediates/razorpay-core-pod -F/Users/ppbuddy/Library/Developer/Xcode/DerivedData/RewardsPlanners-ekihbxkapylnzgekifxkpyiwfgsu/Build/Products/Debug-iphoneos/XCFrameworkIntermediates/razorpay-pod -Xlinker -rpath -Xlinker @executable_path -Xlinker -rpath -Xlinker /usr/lib/swift -Xlinker -rpath -Xlinker @executable_path/Frameworks -Xlinker -rpath -Xlinker @loader_path/Frameworks -rdynamic -Xlinker -no_deduplicate -e ___debug_blank_executor_main -Xlinker -sectcreate -Xlinker __TEXT -Xlinker __debug_dylib -Xlinker /Users/ppbuddy/Library/Developer/Xcode/DerivedData/RewardsPlanners-ekihbxkapylnzgekifxkpyiwfgsu/Build/Intermediates.noindex/RewardsPlanners.build/Debug-iphoneos/RewardsPlanners.build/Reward\ Planners-DebugDylibPath-normal-arm64.txt -Xlinker -sectcreate -Xlinker __TEXT -Xlinker __debug_instlnm -Xlinker /Users/ppbuddy/Library/Developer/Xcode/DerivedData/RewardsPlanners-ekihbxkapylnzgekifxkpyiwfgsu/Build/Intermediates.noindex/RewardsPlanners.build/Debug-iphoneos/RewardsPlanners.build/Reward\ Planners-DebugDylibInstallName-normal-arm64.txt -Xlinker -filelist -Xlinker /Users/ppbuddy/Library/Developer/Xcode/DerivedData/RewardsPlanners-ekihbxkapylnzgekifxkpyiwfgsu/Build/Intermediates.noindex/RewardsPlanners.build/Debug-iphoneos/RewardsPlanners.build/Reward\ Planners-ExecutorLinkFileList-normal-arm64.txt /Users/ppbuddy/Library/Developer/Xcode/DerivedData/RewardsPlanners-ekihbxkapylnzgekifxkpyiwfgsu/Build/Products/Debug-iphoneos/Reward\ Planners.app/Reward\ Planners.debug.dylib -Xlinker -no_adhoc_codesign -o /Users/ppbuddy/Library/Developer/Xcode/DerivedData/RewardsPlanners-ekihbxkapylnzgekifxkpyiwfgsu/Build/Products/Debug-iphoneos/Reward\ Planners.app/Reward\ Planners

debug 

debug PhaseScriptExecution Bundle\ React\ Native\ code\ and\ images /Users/ppbuddy/Library/Developer/Xcode/DerivedData/RewardsPlanners-ekihbxkapylnzgekifxkpyiwfgsu/Build/Intermediates.noindex/RewardsPlanners.build/Debug-iphoneos/RewardsPlanners.build/Script-00DD1BFF1BD5951E006B06BC.sh (in target 'RewardsPlanners' from project 'RewardsPlanners')
    cd /Users/ppbuddy/Desktop/RewardsPlanner/ios
    export ACTION\=build
    export AD_HOC_CODE_SIGNING_ALLOWED\=NO
    export AGGREGATE_TRACKED_DOMAINS\=YES
    export ALLOW_BUILD_REQUEST_OVERRIDES\=NO
    export ALLOW_TARGET_PLATFORM_SPECIALIZATION\=NO
    export ALTERNATE_GROUP\=staff
    export ALTERNATE_MODE\=u+w,go-w,a+rX
    export ALTERNATE_OWNER\=ppbuddy
    export ALTERNATIVE_DISTRIBUTION_WEB\=NO
    export ALWAYS_EMBED_SWIFT_STANDARD_LIBRARIES\=YES
    export ALWAYS_SEARCH_USER_PATHS\=NO
    export ALWAYS_USE_SEPARATE_HEADERMAPS\=NO
    export ANDROID_DEPLOYMENT_TARGET\=21.0
    export APPLICATION_EXTENSION_API_ONLY\=NO
    export APPLY_RULES_IN_COPY_FILES\=NO
    export APPLY_RULES_IN_COPY_HEADERS\=NO
    export APP_SHORTCUTS_ENABLE_FLEXIBLE_MATCHING\=YES
    export ARCHS\=arm64
    export ARCHS_STANDARD\=arm64
    export ARCHS_STANDARD_32_64_BIT\=armv7\ arm64
    export ARCHS_STANDARD_32_BIT\=armv7
    export ARCHS_STANDARD_64_BIT\=arm64
    export ARCHS_STANDARD_INCLUDING_64_BIT\=arm64
    export ARCHS_UNIVERSAL_IPHONE_OS\=armv7\ arm64
    export ASSETCATALOG_COMPILER_APPICON_NAME\=AppIcon
    export ASSETCATALOG_COMPILER_INCLUDE_ALL_APPICON_ASSETS\=YES
    export ASSETCATALOG_FILTER_FOR_DEVICE_MODEL\=iPhone13,2
    export ASSETCATALOG_FILTER_FOR_DEVICE_OS_VERSION\=26.5
    export ASSETCATALOG_FILTER_FOR_THINNING_DEVICE_CONFIGURATION\=iPhone13,2
    export AUTOMATICALLY_MERGE_DEPENDENCIES\=NO
    export AUTOMATION_APPLE_EVENTS\=NO
    export AVAILABLE_PLATFORMS\=android\ appletvos\ appletvsimulator\ driverkit\ iphoneos\ iphonesimulator\ macosx\ qnx\ watchos\ watchsimulator\ webassembly\ xros\ xrsimulator
    export AppIdentifierPrefix\=W2JCTWQZLY.
    export BUILD_ACTIVE_RESOURCES_ONLY\=YES
    export BUILD_COMPONENTS\=headers\ build
    export BUILD_DIR\=/Users/ppbuddy/Library/Developer/Xcode/DerivedData/RewardsPlanners-ekihbxkapylnzgekifxkpyiwfgsu/Build/Products
    export BUILD_LIBRARY_FOR_DISTRIBUTION\=NO
    export BUILD_ROOT\=/Users/ppbuddy/Library/Developer/Xcode/DerivedData/RewardsPlanners-ekihbxkapylnzgekifxkpyiwfgsu/Build/Products
    export BUILD_STYLE\=
    export BUILD_VARIANTS\=normal
    export BUILT_PRODUCTS_DIR\=/Users/ppbuddy/Library/Developer/Xcode/DerivedData/RewardsPlanners-ekihbxkapylnzgekifxkpyiwfgsu/Build/Products/Debug-iphoneos
    export BUNDLE_CONTENTS_FOLDER_PATH_deep\=Contents/
    export BUNDLE_EXECUTABLE_FOLDER_NAME_deep\=MacOS
    export BUNDLE_EXTENSIONS_FOLDER_PATH\=Extensions
    export BUNDLE_FORMAT\=shallow
    export BUNDLE_FRAMEWORKS_FOLDER_PATH\=Frameworks
    export BUNDLE_PLUGINS_FOLDER_PATH\=PlugIns
    export BUNDLE_PRIVATE_HEADERS_FOLDER_PATH\=PrivateHeaders
    export BUNDLE_PUBLIC_HEADERS_FOLDER_PATH\=Headers
    export CACHE_ROOT\=/var/folders/gk/632pcntd72x4_w0qx45xzwqh0000gn/C/com.apple.DeveloperTools/26.0-17A324/Xcode
    export CCHROOT\=/var/folders/gk/632pcntd72x4_w0qx45xzwqh0000gn/C/com.apple.DeveloperTools/26.0-17A324/Xcode
    export CHMOD\=/bin/chmod
    export CHOWN\=/usr/sbin/chown
    export CLANG_ALLOW_NON_MODULAR_INCLUDES_IN_FRAMEWORK_MODULES\=NO
    export CLANG_ANALYZER_LOCALIZABILITY_NONLOCALIZED\=YES
    export CLANG_CACHE_FINE_GRAINED_OUTPUTS\=YES
    export CLANG_CXX_LANGUAGE_STANDARD\=c++20
    export CLANG_CXX_LIBRARY\=libc++
    export CLANG_ENABLE_EXPLICIT_MODULES\=NO
    export CLANG_ENABLE_MODULES\=YES
    export CLANG_ENABLE_OBJC_ARC\=YES
    export CLANG_MODULES_BUILD_SESSION_FILE\=/Users/ppbuddy/Library/Developer/Xcode/DerivedData/ModuleCache.noindex/Session.modulevalidation
    export CLANG_WARN_BLOCK_CAPTURE_AUTORELEASING\=YES
    export CLANG_WARN_BOOL_CONVERSION\=YES
    export CLANG_WARN_COMMA\=YES
    export CLANG_WARN_CONSTANT_CONVERSION\=YES
    export CLANG_WARN_DEPRECATED_OBJC_IMPLEMENTATIONS\=YES
    export CLANG_WARN_DIRECT_OBJC_ISA_USAGE\=YES_ERROR
    export CLANG_WARN_EMPTY_BODY\=YES
    export CLANG_WARN_ENUM_CONVERSION\=YES
    export CLANG_WARN_INFINITE_RECURSION\=YES
    export CLANG_WARN_INT_CONVERSION\=YES
    export CLANG_WARN_NON_LITERAL_NULL_CONVERSION\=YES
    export CLANG_WARN_OBJC_IMPLICIT_RETAIN_SELF\=YES
    export CLANG_WARN_OBJC_LITERAL_CONVERSION\=YES
    export CLANG_WARN_OBJC_ROOT_CLASS\=YES_ERROR
    export CLANG_WARN_QUOTED_INCLUDE_IN_FRAMEWORK_HEADER\=NO
    export CLANG_WARN_RANGE_LOOP_ANALYSIS\=YES
    export CLANG_WARN_STRICT_PROTOTYPES\=YES
    export CLANG_WARN_SUSPICIOUS_MOVE\=YES
    export CLANG_WARN_UNREACHABLE_CODE\=YES
    export CLANG_WARN__DUPLICATE_METHOD_MATCH\=YES
    export CLASS_FILE_DIR\=/Users/ppbuddy/Library/Developer/Xcode/DerivedData/RewardsPlanners-ekihbxkapylnzgekifxkpyiwfgsu/Build/Intermediates.noindex/RewardsPlanners.build/Debug-iphoneos/RewardsPlanners.build/JavaClasses
    export CLEAN_PRECOMPS\=YES
    export CLONE_HEADERS\=NO
    export CODESIGNING_FOLDER_PATH\=/Users/ppbuddy/Library/Developer/Xcode/DerivedData/RewardsPlanners-ekihbxkapylnzgekifxkpyiwfgsu/Build/Products/Debug-iphoneos/Reward\ Planners.app
    export CODE_SIGNING_ALLOWED\=YES
    export CODE_SIGNING_REQUIRED\=YES
    export CODE_SIGN_CONTEXT_CLASS\=XCiPhoneOSCodeSignContext
    export CODE_SIGN_IDENTITY\=Apple\ Development
    export CODE_SIGN_INJECT_BASE_ENTITLEMENTS\=YES
    export CODE_SIGN_STYLE\=Automatic
    export COLOR_DIAGNOSTICS\=NO
    export COMBINE_HIDPI_IMAGES\=NO
    export COMPILATION_CACHE_CAS_PATH\=/Users/ppbuddy/Library/Developer/Xcode/DerivedData/CompilationCache.noindex
    export COMPILATION_CACHE_KEEP_CAS_DIRECTORY\=YES
    export COMPILER_INDEX_STORE_ENABLE\=Default
    export COMPOSITE_SDK_DIRS\=/Users/ppbuddy/Library/Developer/Xcode/DerivedData/RewardsPlanners-ekihbxkapylnzgekifxkpyiwfgsu/Build/Intermediates.noindex/CompositeSDKs
    export COMPRESS_PNG_FILES\=YES
    export CONFIGURATION\=Debug
    export CONFIGURATION_BUILD_DIR\=/Users/ppbuddy/Library/Developer/Xcode/DerivedData/RewardsPlanners-ekihbxkapylnzgekifxkpyiwfgsu/Build/Products/Debug-iphoneos
    export CONFIGURATION_TEMP_DIR\=/Users/ppbuddy/Library/Developer/Xcode/DerivedData/RewardsPlanners-ekihbxkapylnzgekifxkpyiwfgsu/Build/Intermediates.noindex/RewardsPlanners.build/Debug-iphoneos
    export CONTENTS_FOLDER_PATH\=Reward\ Planners.app
    export CONTENTS_FOLDER_PATH_SHALLOW_BUNDLE_NO\=Reward\ Planners.app/Contents
    export CONTENTS_FOLDER_PATH_SHALLOW_BUNDLE_YES\=Reward\ Planners.app
    export COPYING_PRESERVES_HFS_DATA\=NO
    export COPY_HEADERS_RUN_UNIFDEF\=NO
    export COPY_PHASE_STRIP\=NO
    export CORRESPONDING_SIMULATOR_PLATFORM_DIR\=/Users/ppbuddy/Downloads/Xcode.app/Contents/Developer/Platforms/iPhoneSimulator.platform
    export CORRESPONDING_SIMULATOR_PLATFORM_NAME\=iphonesimulator
    export CORRESPONDING_SIMULATOR_SDK_DIR\=/Users/ppbuddy/Downloads/Xcode.app/Contents/Developer/Platforms/iPhoneSimulator.platform/Developer/SDKs/iPhoneSimulator26.0.sdk
    export CORRESPONDING_SIMULATOR_SDK_NAME\=iphonesimulator26.0
    export CP\=/bin/cp
    export CREATE_INFOPLIST_SECTION_IN_BINARY\=NO
    export CURRENT_ARCH\=undefined_arch
    export CURRENT_PROJECT_VERSION\=2
    export CURRENT_VARIANT\=normal
    export DEAD_CODE_STRIPPING\=YES
    export DEBUGGING_SYMBOLS\=YES
    export DEBUG_INFORMATION_FORMAT\=dwarf-with-dsym
    export DEBUG_INFORMATION_VERSION\=compiler-default
    export DEFAULT_COMPILER\=com.apple.compilers.llvm.clang.1_0
    export DEFAULT_DEXT_INSTALL_PATH\=/System/Library/DriverExtensions
    export DEFAULT_KEXT_INSTALL_PATH\=/System/Library/Extensions
    export DEFINES_MODULE\=NO
    export DEPLOYMENT_LOCATION\=NO
    export DEPLOYMENT_POSTPROCESSING\=NO
    export DEPLOYMENT_TARGET_SETTING_NAME\=IPHONEOS_DEPLOYMENT_TARGET
    export DEPLOYMENT_TARGET_SUGGESTED_VALUES\=12.0\ 12.1\ 12.2\ 12.3\ 12.4\ 13.0\ 13.1\ 13.2\ 13.3\ 13.4\ 13.5\ 13.6\ 14.0\ 14.1\ 14.2\ 14.3\ 14.4\ 14.5\ 14.6\ 14.7\ 15.0\ 15.1\ 15.2\ 15.3\ 15.4\ 15.5\ 15.6\ 16.0\ 16.1\ 16.2\ 16.3\ 16.4\ 16.5\ 16.6\ 17.0\ 17.1\ 17.2\ 17.3\ 17.4\ 17.5\ 17.6\ 18.0\ 18.1\ 18.2\ 18.3\ 18.4\ 18.5\ 18.6\ 26.0
    export DERIVED_FILES_DIR\=/Users/ppbuddy/Library/Developer/Xcode/DerivedData/RewardsPlanners-ekihbxkapylnzgekifxkpyiwfgsu/Build/Intermediates.noindex/RewardsPlanners.build/Debug-iphoneos/RewardsPlanners.build/DerivedSources
    export DERIVED_FILE_DIR\=/Users/ppbuddy/Library/Developer/Xcode/DerivedData/RewardsPlanners-ekihbxkapylnzgekifxkpyiwfgsu/Build/Intermediates.noindex/RewardsPlanners.build/Debug-iphoneos/RewardsPlanners.build/DerivedSources
    export DERIVED_SOURCES_DIR\=/Users/ppbuddy/Library/Developer/Xcode/DerivedData/RewardsPlanners-ekihbxkapylnzgekifxkpyiwfgsu/Build/Intermediates.noindex/RewardsPlanners.build/Debug-iphoneos/RewardsPlanners.build/DerivedSources
    export DERIVE_MACCATALYST_PRODUCT_BUNDLE_IDENTIFIER\=NO
    export DEVELOPER_APPLICATIONS_DIR\=/Users/ppbuddy/Downloads/Xcode.app/Contents/Developer/Applications
    export DEVELOPER_BIN_DIR\=/Users/ppbuddy/Downloads/Xcode.app/Contents/Developer/usr/bin
    export DEVELOPER_DIR\=/Users/ppbuddy/Downloads/Xcode.app/Contents/Developer
    export DEVELOPER_FRAMEWORKS_DIR\=/Users/ppbuddy/Downloads/Xcode.app/Contents/Developer/Library/Frameworks
    export DEVELOPER_FRAMEWORKS_DIR_QUOTED\=/Users/ppbuddy/Downloads/Xcode.app/Contents/Developer/Library/Frameworks
    export DEVELOPER_LIBRARY_DIR\=/Users/ppbuddy/Downloads/Xcode.app/Contents/Developer/Library
    export DEVELOPER_SDK_DIR\=/Users/ppbuddy/Downloads/Xcode.app/Contents/Developer/Platforms/MacOSX.platform/Developer/SDKs
    export DEVELOPER_TOOLS_DIR\=/Users/ppbuddy/Downloads/Xcode.app/Contents/Developer/Tools
    export DEVELOPER_USR_DIR\=/Users/ppbuddy/Downloads/Xcode.app/Contents/Developer/usr
    export DEVELOPMENT_LANGUAGE\=en
    export DEVELOPMENT_TEAM\=W2JCTWQZLY
    export DIAGNOSE_MISSING_TARGET_DEPENDENCIES\=YES
    export DIFF\=/usr/bin/diff
    export DOCUMENTATION_FOLDER_PATH\=Reward\ Planners.app/en.lproj/Documentation
    export DONT_GENERATE_INFOPLIST_FILE\=NO
    export DSTROOT\=/tmp/RewardsPlanners.dst
    export DT_TOOLCHAIN_DIR\=/Users/ppbuddy/Downloads/Xcode.app/Contents/Developer/Toolchains/XcodeDefault.xctoolchain
    export DWARF_DSYM_FILE_NAME\=Reward\ Planners.app.dSYM
    export DWARF_DSYM_FILE_SHOULD_ACCOMPANY_PRODUCT\=NO
    export DWARF_DSYM_FOLDER_PATH\=/Users/ppbuddy/Library/Developer/Xcode/DerivedData/RewardsPlanners-ekihbxkapylnzgekifxkpyiwfgsu/Build/Products/Debug-iphoneos
    export DYNAMIC_LIBRARY_EXTENSION\=dylib
    export EAGER_COMPILATION_ALLOW_SCRIPTS\=NO
    export EAGER_LINKING\=NO
    export EFFECTIVE_PLATFORM_NAME\=-iphoneos
    export EMBEDDED_CONTENT_CONTAINS_SWIFT\=NO
    export EMBEDDED_PROFILE_NAME\=embedded.mobileprovision
    export EMBED_ASSET_PACKS_IN_PRODUCT_BUNDLE\=NO
    export ENABLE_APP_SANDBOX\=NO
    export ENABLE_CODE_COVERAGE\=YES
    export ENABLE_CPLUSPLUS_BOUNDS_SAFE_BUFFERS\=NO
    export ENABLE_C_BOUNDS_SAFETY\=NO
    export ENABLE_DEBUG_DYLIB\=YES
    export ENABLE_DEFAULT_HEADER_SEARCH_PATHS\=YES
    export ENABLE_DEFAULT_SEARCH_PATHS\=YES
    export ENABLE_ENHANCED_SECURITY\=NO
    export ENABLE_HARDENED_RUNTIME\=NO
    export ENABLE_HEADER_DEPENDENCIES\=YES
    export ENABLE_INCOMING_NETWORK_CONNECTIONS\=NO
    export ENABLE_ON_DEMAND_RESOURCES\=YES
    export ENABLE_OUTGOING_NETWORK_CONNECTIONS\=NO
    export ENABLE_POINTER_AUTHENTICATION\=NO
    export ENABLE_PREVIEWS\=NO
    export ENABLE_RESOURCE_ACCESS_AUDIO_INPUT\=NO
    export ENABLE_RESOURCE_ACCESS_BLUETOOTH\=NO
    export ENABLE_RESOURCE_ACCESS_CALENDARS\=NO
    export ENABLE_RESOURCE_ACCESS_CAMERA\=NO
    export ENABLE_RESOURCE_ACCESS_CONTACTS\=NO
    export ENABLE_RESOURCE_ACCESS_LOCATION\=NO
    export ENABLE_RESOURCE_ACCESS_PHOTO_LIBRARY\=NO
    export ENABLE_RESOURCE_ACCESS_PRINTING\=NO
    export ENABLE_RESOURCE_ACCESS_USB\=NO
    export ENABLE_SDK_IMPORTS\=NO
    export ENABLE_SECURITY_COMPILER_WARNINGS\=NO
    export ENABLE_STRICT_OBJC_MSGSEND\=YES
    export ENABLE_TESTABILITY\=YES
    export ENABLE_TESTING_SEARCH_PATHS\=NO
    export ENABLE_USER_SCRIPT_SANDBOXING\=NO
    export ENABLE_XOJIT_PREVIEWS\=YES
    export ENFORCE_VALID_ARCHS\=YES
    export ENTITLEMENTS_ALLOWED\=YES
    export ENTITLEMENTS_DESTINATION\=Signature
    export ENTITLEMENTS_REQUIRED\=NO
    export EXCLUDED_INSTALLSRC_SUBDIRECTORY_PATTERNS\=.DS_Store\ .svn\ .git\ .hg\ CVS
    export EXCLUDED_RECURSIVE_SEARCH_PATH_SUBDIRECTORIES\=\*.nib\ \*.lproj\ \*.framework\ \*.gch\ \*.xcode\*\ \*.xcassets\ \*.icon\ \(\*\)\ .DS_Store\ CVS\ .svn\ .git\ .hg\ \*.pbproj\ \*.pbxproj
    export EXECUTABLES_FOLDER_PATH\=Reward\ Planners.app/Executables
    export EXECUTABLE_BLANK_INJECTION_DYLIB_PATH\=Reward\ Planners.app/__preview.dylib
    export EXECUTABLE_DEBUG_DYLIB_INSTALL_NAME\=@rpath/Reward\ Planners.debug.dylib
    export EXECUTABLE_DEBUG_DYLIB_PATH\=Reward\ Planners.app/Reward\ Planners.debug.dylib
    export EXECUTABLE_FOLDER_PATH\=Reward\ Planners.app
    export EXECUTABLE_FOLDER_PATH_SHALLOW_BUNDLE_NO\=Reward\ Planners.app/MacOS
    export EXECUTABLE_FOLDER_PATH_SHALLOW_BUNDLE_YES\=Reward\ Planners.app
    export EXECUTABLE_NAME\=Reward\ Planners
    export EXECUTABLE_PATH\=Reward\ Planners.app/Reward\ Planners
    export EXPANDED_CODE_SIGN_IDENTITY\=C45739FFCB5D03C0B84204FE678243BD4868131B
    export EXPANDED_CODE_SIGN_IDENTITY_NAME\=Apple\ Development:\ Vivek\ Pawar\ \(89W4N7RC95\)
    export EXPANDED_PROVISIONING_PROFILE\=884fbd5f-7d4d-42bd-87c0-eadfc492a6cf
    export EXTENSIONS_FOLDER_PATH\=Reward\ Planners.app/Extensions
    export FILE_LIST\=/Users/ppbuddy/Library/Developer/Xcode/DerivedData/RewardsPlanners-ekihbxkapylnzgekifxkpyiwfgsu/Build/Intermediates.noindex/RewardsPlanners.build/Debug-iphoneos/RewardsPlanners.build/Objects/LinkFileList
    export FIXED_FILES_DIR\=/Users/ppbuddy/Library/Developer/Xcode/DerivedData/RewardsPlanners-ekihbxkapylnzgekifxkpyiwfgsu/Build/Intermediates.noindex/RewardsPlanners.build/Debug-iphoneos/RewardsPlanners.build/FixedFiles
    export FRAMEWORKS_FOLDER_PATH\=Reward\ Planners.app/Frameworks
    export FRAMEWORK_FLAG_PREFIX\=-framework
    export FRAMEWORK_SEARCH_PATHS\=/Users/ppbuddy/Library/Developer/Xcode/DerivedData/RewardsPlanners-ekihbxkapylnzgekifxkpyiwfgsu/Build/Products/Debug-iphoneos\ \ \"/Users/ppbuddy/Desktop/RewardsPlanner/ios/Pods/hermes-engine/destroot/Library/Frameworks/universal\"\ \"/Users/ppbuddy/Desktop/RewardsPlanner/ios/Pods/razorpay-core-pod/Pod/core\"\ \"/Users/ppbuddy/Desktop/RewardsPlanner/ios/Pods/razorpay-pod/Pod\"\ \"/Users/ppbuddy/Library/Developer/Xcode/DerivedData/RewardsPlanners-ekihbxkapylnzgekifxkpyiwfgsu/Build/Products/Debug-iphoneos/XCFrameworkIntermediates/hermes-engine/Pre-built\"\ \"/Users/ppbuddy/Library/Developer/Xcode/DerivedData/RewardsPlanners-ekihbxkapylnzgekifxkpyiwfgsu/Build/Products/Debug-iphoneos/XCFrameworkIntermediates/razorpay-core-pod\"\ \"/Users/ppbuddy/Library/Developer/Xcode/DerivedData/RewardsPlanners-ekihbxkapylnzgekifxkpyiwfgsu/Build/Products/Debug-iphoneos/XCFrameworkIntermediates/razorpay-pod\"
    export FRAMEWORK_VERSION\=A
    export FULL_PRODUCT_NAME\=Reward\ Planners.app
    export FUSE_BUILD_PHASES\=YES
    export FUSE_BUILD_SCRIPT_PHASES\=NO
    export GCC3_VERSION\=3.3
    export GCC_C_LANGUAGE_STANDARD\=gnu99
    export GCC_DYNAMIC_NO_PIC\=NO
    export GCC_INLINES_ARE_PRIVATE_EXTERN\=YES
    export GCC_NO_COMMON_BLOCKS\=YES
    export GCC_OPTIMIZATION_LEVEL\=0
    export GCC_PFE_FILE_C_DIALECTS\=c\ objective-c\ c++\ objective-c++
    export GCC_PREPROCESSOR_DEFINITIONS\=DEBUG\=1\ \ COCOAPODS\=1
    export GCC_SYMBOLS_PRIVATE_EXTERN\=NO
    export GCC_THUMB_SUPPORT\=YES
    export GCC_TREAT_WARNINGS_AS_ERRORS\=NO
    export GCC_VERSION\=com.apple.compilers.llvm.clang.1_0
    export GCC_VERSION_IDENTIFIER\=com_apple_compilers_llvm_clang_1_0
    export GCC_WARN_64_TO_32_BIT_CONVERSION\=YES
    export GCC_WARN_ABOUT_RETURN_TYPE\=YES_ERROR
    export GCC_WARN_UNDECLARED_SELECTOR\=YES
    export GCC_WARN_UNINITIALIZED_AUTOS\=YES_AGGRESSIVE
    export GCC_WARN_UNUSED_FUNCTION\=YES
    export GCC_WARN_UNUSED_VARIABLE\=YES
    export GENERATED_MODULEMAP_DIR\=/Users/ppbuddy/Library/Developer/Xcode/DerivedData/RewardsPlanners-ekihbxkapylnzgekifxkpyiwfgsu/Build/Intermediates.noindex/GeneratedModuleMaps-iphoneos
    export GENERATE_INFOPLIST_FILE\=NO
    export GENERATE_INTERMEDIATE_TEXT_BASED_STUBS\=YES
    export GENERATE_PKGINFO_FILE\=YES
    export GENERATE_PRELINK_OBJECT_FILE\=NO
    export GENERATE_PROFILING_CODE\=NO
    export GENERATE_TEXT_BASED_STUBS\=NO
    export GID\=20
    export GROUP\=staff
    export HEADERMAP_INCLUDES_FLAT_ENTRIES_FOR_TARGET_BEING_BUILT\=YES
    export HEADERMAP_INCLUDES_FRAMEWORK_ENTRIES_FOR_ALL_PRODUCT_TYPES\=YES
    export HEADERMAP_INCLUDES_FRAMEWORK_ENTRIES_FOR_TARGETS_NOT_BEING_BUILT\=YES
    export HEADERMAP_INCLUDES_NONPUBLIC_NONPRIVATE_HEADERS\=YES
    export HEADERMAP_INCLUDES_PROJECT_HEADERS\=YES
    export HEADERMAP_USES_FRAMEWORK_PREFIX_ENTRIES\=YES
    export HEADERMAP_USES_VFS\=NO
    export HEADER_SEARCH_PATHS\=/Users/ppbuddy/Library/Developer/Xcode/DerivedData/RewardsPlanners-ekihbxkapylnzgekifxkpyiwfgsu/Build/Products/Debug-iphoneos/include\ \ \"/Users/ppbuddy/Desktop/RewardsPlanner/ios/Pods/Headers/Public\"\ \"/Users/ppbuddy/Desktop/RewardsPlanner/ios/Pods/Headers/Public/BVLinearGradient\"\ \"/Users/ppbuddy/Desktop/RewardsPlanner/ios/Pods/Headers/Public/DoubleConversion\"\ \"/Users/ppbuddy/Desktop/RewardsPlanner/ios/Pods/Headers/Public/FBLazyVector\"\ \"/Users/ppbuddy/Desktop/RewardsPlanner/ios/Pods/Headers/Public/RCT-Folly\"\ \"/Users/ppbuddy/Desktop/RewardsPlanner/ios/Pods/Headers/Public/RCTDeprecation\"\ \"/Users/ppbuddy/Desktop/RewardsPlanner/ios/Pods/Headers/Public/RCTRequired\"\ \"/Users/ppbuddy/Desktop/RewardsPlanner/ios/Pods/Headers/Public/RCTTypeSafety\"\ \"/Users/ppbuddy/Desktop/RewardsPlanner/ios/Pods/Headers/Public/RNCAsyncStorage\"\ \"/Users/ppbuddy/Desktop/RewardsPlanner/ios/Pods/Headers/Public/RNCMaskedView\"\ \"/Users/ppbuddy/Desktop/RewardsPlanner/ios/Pods/Headers/Public/RNDeviceInfo\"\ \"/Users/ppbuddy/Desktop/RewardsPlanner/ios/Pods/Headers/Public/RNGestureHandler\"\ \"/Users/ppbuddy/Desktop/RewardsPlanner/ios/Pods/Headers/Public/RNPermissions\"\ \"/Users/ppbuddy/Desktop/RewardsPlanner/ios/Pods/Headers/Public/RNReanimated\"\ \"/Users/ppbuddy/Desktop/RewardsPlanner/ios/Pods/Headers/Public/RNSVG\"\ \"/Users/ppbuddy/Desktop/RewardsPlanner/ios/Pods/Headers/Public/RNScreens\"\ \"/Users/ppbuddy/Desktop/RewardsPlanner/ios/Pods/Headers/Public/RNShare\"\ \"/Users/ppbuddy/Desktop/RewardsPlanner/ios/Pods/Headers/Public/RNVectorIcons\"\ \"/Users/ppbuddy/Desktop/RewardsPlanner/ios/Pods/Headers/Public/RNWorklets\"\ \"/Users/ppbuddy/Desktop/RewardsPlanner/ios/Pods/Headers/Public/React-Core\"\ \"/Users/ppbuddy/Desktop/RewardsPlanner/ios/Pods/Headers/Public/React-Fabric\"\ \"/Users/ppbuddy/Desktop/RewardsPlanner/ios/Pods/Headers/Public/React-FabricComponents\"\ \"/Users/ppbuddy/Desktop/RewardsPlanner/ios/Pods/Headers/Public/React-FabricImage\"\ \"/Users/ppbuddy/Desktop/RewardsPlanner/ios/Pods/Headers/Public/React-ImageManager\"\ \"/Users/ppbuddy/Desktop/RewardsPlanner/ios/Pods/Headers/Public/React-Mapbuffer\"\ \"/Users/ppbuddy/Desktop/RewardsPlanner/ios/Pods/Headers/Public/React-NativeModulesApple\"\ \"/Users/ppbuddy/Desktop/RewardsPlanner/ios/Pods/Headers/Public/React-RCTAnimation\"\ \"/Users/ppbuddy/Desktop/RewardsPlanner/ios/Pods/Headers/Public/React-RCTAppDelegate\"\ \"/Users/ppbuddy/Desktop/RewardsPlanner/ios/Pods/Headers/Public/React-RCTBlob\"\ \"/Users/ppbuddy/Desktop/RewardsPlanner/ios/Pods/Headers/Public/React-RCTFBReactNativeSpec\"\ \"/Users/ppbuddy/Desktop/RewardsPlanner/ios/Pods/Headers/Public/React-RCTFabric\"\ \"/Users/ppbuddy/Desktop/RewardsPlanner/ios/Pods/Headers/Public/React-RCTRuntime\"\ \"/Users/ppbuddy/Desktop/RewardsPlanner/ios/Pods/Headers/Public/React-RCTText\"\ \"/Users/ppbuddy/Desktop/RewardsPlanner/ios/Pods/Headers/Public/React-RuntimeApple\"\ \"/Users/ppbuddy/Desktop/RewardsPlanner/ios/Pods/Headers/Public/React-RuntimeCore\"\ \"/Users/ppbuddy/Desktop/RewardsPlanner/ios/Pods/Headers/Public/React-RuntimeHermes\"\ \"/Users/ppbuddy/Desktop/RewardsPlanner/ios/Pods/Headers/Public/React-callinvoker\"\ \"/Users/ppbuddy/Desktop/RewardsPlanner/ios/Pods/Headers/Public/React-cxxreact\"\ \"/Users/ppbuddy/Desktop/RewardsPlanner/ios/Pods/Headers/Public/React-debug\"\ \"/Users/ppbuddy/Desktop/RewardsPlanner/ios/Pods/Headers/Public/React-defaultsnativemodule\"\ \"/Users/ppbuddy/Desktop/RewardsPlanner/ios/Pods/Headers/Public/React-domnativemodule\"\ \"/Users/ppbuddy/Desktop/RewardsPlanner/ios/Pods/Headers/Public/React-featureflags\"\ \"/Users/ppbuddy/Desktop/RewardsPlanner/ios/Pods/Headers/Public/React-featureflagsnativemodule\"\ \"/Users/ppbuddy/Desktop/RewardsPlanner/ios/Pods/Headers/Public/React-graphics\"\ \"/Users/ppbuddy/Desktop/RewardsPlanner/ios/Pods/Headers/Public/React-hermes\"\ \"/Users/ppbuddy/Desktop/RewardsPlanner/ios/Pods/Headers/Public/React-idlecallbacksnativemodule\"\ \"/Users/ppbuddy/Desktop/RewardsPlanner/ios/Pods/Headers/Public/React-jserrorhandler\"\ \"/Users/ppbuddy/Desktop/RewardsPlanner/ios/Pods/Headers/Public/React-jsi\"\ \"/Users/ppbuddy/Desktop/RewardsPlanner/ios/Pods/Headers/Public/React-jsiexecutor\"\ \"/Users/ppbuddy/Desktop/RewardsPlanner/ios/Pods/Headers/Public/React-jsinspector\"\ \"/Users/ppbuddy/Desktop/RewardsPlanner/ios/Pods/Headers/Public/React-jsinspectorcdp\"\ \"/Users/ppbuddy/Desktop/RewardsPlanner/ios/Pods/Headers/Public/React-jsinspectornetwork\"\ \"/Users/ppbuddy/Desktop/RewardsPlanner/ios/Pods/Headers/Public/React-jsinspectortracing\"\ \"/Users/ppbuddy/Desktop/RewardsPlanner/ios/Pods/Headers/Public/React-jsitooling\"\ \"/Users/ppbuddy/Desktop/RewardsPlanner/ios/Pods/Headers/Public/React-logger\"\ \"/Users/ppbuddy/Desktop/RewardsPlanner/ios/Pods/Headers/Public/React-microtasksnativemodule\"\ \"/Users/ppbuddy/Desktop/RewardsPlanner/ios/Pods/Headers/Public/React-oscompat\"\ \"/Users/ppbuddy/Desktop/RewardsPlanner/ios/Pods/Headers/Public/React-perflogger\"\ \"/Users/ppbuddy/Desktop/RewardsPlanner/ios/Pods/Headers/Public/React-performancecdpmetrics\"\ \"/Users/ppbuddy/Desktop/RewardsPlanner/ios/Pods/Headers/Public/React-performancetimeline\"\ \"/Users/ppbuddy/Desktop/RewardsPlanner/ios/Pods/Headers/Public/React-rendererconsistency\"\ \"/Users/ppbuddy/Desktop/RewardsPlanner/ios/Pods/Headers/Public/React-renderercss\"\ \"/Users/ppbuddy/Desktop/RewardsPlanner/ios/Pods/Headers/Public/React-rendererdebug\"\ \"/Users/ppbuddy/Desktop/RewardsPlanner/ios/Pods/Headers/Public/React-runtimeexecutor\"\ \"/Users/ppbuddy/Desktop/RewardsPlanner/ios/Pods/Headers/Public/React-runtimescheduler\"\ \"/Users/ppbuddy/Desktop/RewardsPlanner/ios/Pods/Headers/Public/React-timing\"\ \"/Users/ppbuddy/Desktop/RewardsPlanner/ios/Pods/Headers/Public/React-utils\"\ \"/Users/ppbuddy/Desktop/RewardsPlanner/ios/Pods/Headers/Public/React-webperformancenativemodule\"\ \"/Users/ppbuddy/Desktop/RewardsPlanner/ios/Pods/Headers/Public/ReactAppDependencyProvider\"\ \"/Users/ppbuddy/Desktop/RewardsPlanner/ios/Pods/Headers/Public/ReactCodegen\"\ \"/Users/ppbuddy/Desktop/RewardsPlanner/ios/Pods/Headers/Public/ReactCommon\"\ \"/Users/ppbuddy/Desktop/RewardsPlanner/ios/Pods/Headers/Public/SocketRocket\"\ \"/Users/ppbuddy/Desktop/RewardsPlanner/ios/Pods/Headers/Public/Yoga\"\ \"/Users/ppbuddy/Desktop/RewardsPlanner/ios/Pods/Headers/Public/boost\"\ \"/Users/ppbuddy/Desktop/RewardsPlanner/ios/Pods/Headers/Public/fast_float\"\ \"/Users/ppbuddy/Desktop/RewardsPlanner/ios/Pods/Headers/Public/fmt\"\ \"/Users/ppbuddy/Desktop/RewardsPlanner/ios/Pods/Headers/Public/glog\"\ \"/Users/ppbuddy/Desktop/RewardsPlanner/ios/Pods/Headers/Public/hermes-engine\"\ \"/Users/ppbuddy/Desktop/RewardsPlanner/ios/Pods/Headers/Public/react-native-geolocation\"\ \"/Users/ppbuddy/Desktop/RewardsPlanner/ios/Pods/Headers/Public/react-native-image-picker\"\ \"/Users/ppbuddy/Desktop/RewardsPlanner/ios/Pods/Headers/Public/react-native-maps\"\ \"/Users/ppbuddy/Desktop/RewardsPlanner/ios/Pods/Headers/Public/react-native-netinfo\"\ \"/Users/ppbuddy/Desktop/RewardsPlanner/ios/Pods/Headers/Public/react-native-razorpay\"\ \"/Users/ppbuddy/Desktop/RewardsPlanner/ios/Pods/Headers/Public/react-native-safe-area-context\"\ \"/Users/ppbuddy/Desktop/RewardsPlanner/ios/Pods/DoubleConversion\"\ \"/Users/ppbuddy/Desktop/RewardsPlanner/ios/Pods/boost\"\ \"/Users/ppbuddy/Desktop/RewardsPlanner/ios/Pods/boost\"\ \"/Users/ppbuddy/Desktop/RewardsPlanner/ios/Pods/boost-for-react-native\"\ \"/Users/ppbuddy/Desktop/RewardsPlanner/ios/Pods/glog\"\ \"/Users/ppbuddy/Desktop/RewardsPlanner/ios/Pods/RCT-Folly\"\ \"/Users/ppbuddy/Desktop/RewardsPlanner/ios/Pods/Headers/Public/React-hermes\"\ \"/Users/ppbuddy/Desktop/RewardsPlanner/ios/Pods/Headers/Public/hermes-engine\"\ \"/Users/ppbuddy/Desktop/RewardsPlanner/ios/Pods/Headers/Public/RNWorklets\"\ \"/Users/ppbuddy/Desktop/RewardsPlanner/ios/Pods/../../node_modules/react-native/ReactCommon\"\ \"/Users/ppbuddy/Desktop/RewardsPlanner/ios/Pods/../../node_modules/react-native/ReactCommon/jsitooling\"\ \"/Users/ppbuddy/Desktop/RewardsPlanner/ios/Pods/boost\"\ \"/Users/ppbuddy/Desktop/RewardsPlanner/ios/Pods/boost-for-react-native\"\ \"/Users/ppbuddy/Desktop/RewardsPlanner/ios/Pods/glog\"\ \"/Users/ppbuddy/Desktop/RewardsPlanner/ios/Pods/RCT-Folly\"\ \"/Users/ppbuddy/Desktop/RewardsPlanner/ios/Pods/Headers/Public/React-hermes\"\ \"/Users/ppbuddy/Desktop/RewardsPlanner/ios/Pods/Headers/Public/hermes-engine\"\ \"/Users/ppbuddy/Desktop/RewardsPlanner/ios/Pods/../../node_modules/react-native/ReactCommon\"\ \"/Users/ppbuddy/Desktop/RewardsPlanner/ios/Pods/../../node_modules/react-native/ReactCommon/jsitooling\"\ \"/Users/ppbuddy/Desktop/RewardsPlanner/ios/Pods/Headers/Private/React-Core\"\ \"/Users/ppbuddy/Desktop/RewardsPlanner/ios/Pods/Headers/Private/React-Core\"\ \"/Users/ppbuddy/Desktop/RewardsPlanner/ios/Pods/Headers/Private/Yoga\"
    export HOME\=/Users/ppbuddy
    export HOST_ARCH\=arm64
    export HOST_PLATFORM\=macosx
    export ICONV\=/usr/bin/iconv
    export IMPLICIT_DEPENDENCY_DOMAIN\=default
    export INFOPLIST_ENABLE_CFBUNDLEICONS_MERGE\=YES
    export INFOPLIST_EXPAND_BUILD_SETTINGS\=YES
    export INFOPLIST_FILE\=RewardsPlanners/Info.plist
    export INFOPLIST_KEY_CFBundleDisplayName\=Reward\ Planners
    export INFOPLIST_KEY_LSApplicationCategoryType\=public.app-category.business
    export INFOPLIST_OUTPUT_FORMAT\=binary
    export INFOPLIST_PATH\=Reward\ Planners.app/Info.plist
    export INFOPLIST_PREPROCESS\=NO
    export INFOSTRINGS_PATH\=Reward\ Planners.app/en.lproj/InfoPlist.strings
    export INLINE_PRIVATE_FRAMEWORKS\=NO
    export INSTALLAPI_IGNORE_SKIP_INSTALL\=YES
    export INSTALLHDRS_COPY_PHASE\=NO
    export INSTALLHDRS_SCRIPT_PHASE\=NO
    export INSTALL_DIR\=/tmp/RewardsPlanners.dst/Applications
    export INSTALL_GROUP\=staff
    export INSTALL_MODE_FLAG\=u+w,go-w,a+rX
    export INSTALL_OWNER\=ppbuddy
    export INSTALL_PATH\=/Applications
    export INSTALL_ROOT\=/tmp/RewardsPlanners.dst
    export IPHONEOS_DEPLOYMENT_TARGET\=15.1
    export IS_UNOPTIMIZED_BUILD\=YES
    export JAVAC_DEFAULT_FLAGS\=-J-Xms64m\ -J-XX:NewSize\=4M\ -J-Dfile.encoding\=UTF8
    export JAVA_APP_STUB\=/System/Library/Frameworks/JavaVM.framework/Resources/MacOS/JavaApplicationStub
    export JAVA_ARCHIVE_CLASSES\=YES
    export JAVA_ARCHIVE_TYPE\=JAR
    export JAVA_COMPILER\=/usr/bin/javac
    export JAVA_FOLDER_PATH\=Reward\ Planners.app/Java
    export JAVA_FRAMEWORK_RESOURCES_DIRS\=Resources
    export JAVA_JAR_FLAGS\=cv
    export JAVA_SOURCE_SUBDIR\=.
    export JAVA_USE_DEPENDENCIES\=YES
    export JAVA_ZIP_FLAGS\=-urg
    export JIKES_DEFAULT_FLAGS\=+E\ +OLDCSO
    export KASAN_CFLAGS_CLASSIC\=-DKASAN\=1\ -DKASAN_CLASSIC\=1\ -fsanitize\=address\ -mllvm\ -asan-globals-live-support\ -mllvm\ -asan-force-dynamic-shadow
    export KASAN_CFLAGS_TBI\=-DKASAN\=1\ -DKASAN_TBI\=1\ -fsanitize\=kernel-hwaddress\ -mllvm\ -hwasan-recover\=0\ -mllvm\ -hwasan-instrument-atomics\=0\ -mllvm\ -hwasan-instrument-stack\=1\ -mllvm\ -hwasan-generate-tags-with-calls\=1\ -mllvm\ -hwasan-instrument-with-calls\=1\ -mllvm\ -hwasan-use-short-granules\=0\ -mllvm\ -hwasan-memory-access-callback-prefix\=__asan_
    export KASAN_DEFAULT_CFLAGS\=-DKASAN\=1\ -DKASAN_CLASSIC\=1\ -fsanitize\=address\ -mllvm\ -asan-globals-live-support\ -mllvm\ -asan-force-dynamic-shadow
    export KEEP_PRIVATE_EXTERNS\=NO
    export LD_DEPENDENCY_INFO_FILE\=/Users/ppbuddy/Library/Developer/Xcode/DerivedData/RewardsPlanners-ekihbxkapylnzgekifxkpyiwfgsu/Build/Intermediates.noindex/RewardsPlanners.build/Debug-iphoneos/RewardsPlanners.build/Objects-normal/undefined_arch/Reward\ Planners_dependency_info.dat
    export LD_EXPORT_SYMBOLS\=YES
    export LD_GENERATE_MAP_FILE\=NO
    export LD_MAP_FILE_PATH\=/Users/ppbuddy/Library/Developer/Xcode/DerivedData/RewardsPlanners-ekihbxkapylnzgekifxkpyiwfgsu/Build/Intermediates.noindex/RewardsPlanners.build/Debug-iphoneos/RewardsPlanners.build/Reward\ Planners-LinkMap-normal-undefined_arch.txt
    export LD_NO_PIE\=NO
    export LD_QUOTE_LINKER_ARGUMENTS_FOR_COMPILER_DRIVER\=YES
    export LD_RUNPATH_SEARCH_PATHS\=/usr/lib/swift\ \ /usr/lib/swift\ \'@executable_path/Frameworks\'\ \'@loader_path/Frameworks\'\ @executable_path/Frameworks
    export LD_RUNPATH_SEARCH_PATHS_YES\=@loader_path/../Frameworks
    export LD_SHARED_CACHE_ELIGIBLE\=Automatic
    export LD_WARN_DUPLICATE_LIBRARIES\=NO
    export LD_WARN_UNUSED_DYLIBS\=NO
    export LEGACY_DEVELOPER_DIR\=/Users/ppbuddy/Downloads/Xcode.app/Contents/PlugIns/Xcode3Core.ideplugin/Contents/SharedSupport/Developer
    export LEX\=lex
    export LIBRARY_DEXT_INSTALL_PATH\=/Library/DriverExtensions
    export LIBRARY_FLAG_NOSPACE\=YES
    export LIBRARY_FLAG_PREFIX\=-l
    export LIBRARY_KEXT_INSTALL_PATH\=/Library/Extensions
    export LIBRARY_SEARCH_PATHS\=/Users/ppbuddy/Library/Developer/Xcode/DerivedData/RewardsPlanners-ekihbxkapylnzgekifxkpyiwfgsu/Build/Products/Debug-iphoneos\ /Users/ppbuddy/Downloads/Xcode.app/Contents/Developer/Platforms/iPhoneOS.platform/Developer/SDKs/iPhoneOS26.0.sdk/usr/lib/swift\ /Users/ppbuddy/Downloads/Xcode.app/Contents/Developer/Toolchains/XcodeDefault.xctoolchain/usr/lib/swift/iphoneos\ /Users/ppbuddy/Library/Developer/Xcode/DerivedData/RewardsPlanners-ekihbxkapylnzgekifxkpyiwfgsu/Build/Products/Debug-iphoneos/BVLinearGradient\ /Users/ppbuddy/Library/Developer/Xcode/DerivedData/RewardsPlanners-ekihbxkapylnzgekifxkpyiwfgsu/Build/Products/Debug-iphoneos/DoubleConversion\ /Users/ppbuddy/Library/Developer/Xcode/DerivedData/RewardsPlanners-ekihbxkapylnzgekifxkpyiwfgsu/Build/Products/Debug-iphoneos/HtmlToPdf\ /Users/ppbuddy/Library/Developer/Xcode/DerivedData/RewardsPlanners-ekihbxkapylnzgekifxkpyiwfgsu/Build/Products/Debug-iphoneos/RCT-Folly\ /Users/ppbuddy/Library/Developer/Xcode/DerivedData/RewardsPlanners-ekihbxkapylnzgekifxkpyiwfgsu/Build/Products/Debug-iphoneos/RCTDeprecation\ /Users/ppbuddy/Library/Developer/Xcode/DerivedData/RewardsPlanners-ekihbxkapylnzgekifxkpyiwfgsu/Build/Products/Debug-iphoneos/RCTTypeSafety\ /Users/ppbuddy/Library/Developer/Xcode/DerivedData/RewardsPlanners-ekihbxkapylnzgekifxkpyiwfgsu/Build/Products/Debug-iphoneos/RNCAsyncStorage\ /Users/ppbuddy/Library/Developer/Xcode/DerivedData/RewardsPlanners-ekihbxkapylnzgekifxkpyiwfgsu/Build/Products/Debug-iphoneos/RNCMaskedView\ /Users/ppbuddy/Library/Developer/Xcode/DerivedData/RewardsPlanners-ekihbxkapylnzgekifxkpyiwfgsu/Build/Products/Debug-iphoneos/RNDeviceInfo\ /Users/ppbuddy/Library/Developer/Xcode/DerivedData/RewardsPlanners-ekihbxkapylnzgekifxkpyiwfgsu/Build/Products/Debug-iphoneos/RNGestureHandler\ /Users/ppbuddy/Library/Developer/Xcode/DerivedData/RewardsPlanners-ekihbxkapylnzgekifxkpyiwfgsu/Build/Products/Debug-iphoneos/RNPermissions\ /Users/ppbuddy/Library/Developer/Xcode/DerivedData/RewardsPlanners-ekihbxkapylnzgekifxkpyiwfgsu/Build/Products/Debug-iphoneos/RNReanimated\ /Users/ppbuddy/Library/Developer/Xcode/DerivedData/RewardsPlanners-ekihbxkapylnzgekifxkpyiwfgsu/Build/Products/Debug-iphoneos/RNSVG\ /Users/ppbuddy/Library/Developer/Xcode/DerivedData/RewardsPlanners-ekihbxkapylnzgekifxkpyiwfgsu/Build/Products/Debug-iphoneos/RNScreens\ /Users/ppbuddy/Library/Developer/Xcode/DerivedData/RewardsPlanners-ekihbxkapylnzgekifxkpyiwfgsu/Build/Products/Debug-iphoneos/RNShare\ /Users/ppbuddy/Library/Developer/Xcode/DerivedData/RewardsPlanners-ekihbxkapylnzgekifxkpyiwfgsu/Build/Products/Debug-iphoneos/RNVectorIcons\ /Users/ppbuddy/Library/Developer/Xcode/DerivedData/RewardsPlanners-ekihbxkapylnzgekifxkpyiwfgsu/Build/Products/Debug-iphoneos/RNWorklets\ /Users/ppbuddy/Library/Developer/Xcode/DerivedData/RewardsPlanners-ekihbxkapylnzgekifxkpyiwfgsu/Build/Products/Debug-iphoneos/React-Core\ /Users/ppbuddy/Library/Developer/Xcode/DerivedData/RewardsPlanners-ekihbxkapylnzgekifxkpyiwfgsu/Build/Products/Debug-iphoneos/React-CoreModules\ /Users/ppbuddy/Library/Developer/Xcode/DerivedData/RewardsPlanners-ekihbxkapylnzgekifxkpyiwfgsu/Build/Products/Debug-iphoneos/React-Fabric\ /Users/ppbuddy/Library/Developer/Xcode/DerivedData/RewardsPlanners-ekihbxkapylnzgekifxkpyiwfgsu/Build/Products/Debug-iphoneos/React-FabricComponents\ /Users/ppbuddy/Library/Developer/Xcode/DerivedData/RewardsPlanners-ekihbxkapylnzgekifxkpyiwfgsu/Build/Products/Debug-iphoneos/React-FabricImage\ /Users/ppbuddy/Library/Developer/Xcode/DerivedData/RewardsPlanners-ekihbxkapylnzgekifxkpyiwfgsu/Build/Products/Debug-iphoneos/React-ImageManager\ /Users/ppbuddy/Library/Developer/Xcode/DerivedData/RewardsPlanners-ekihbxkapylnzgekifxkpyiwfgsu/Build/Products/Debug-iphoneos/React-Mapbuffer\ /Users/ppbuddy/Library/Developer/Xcode/DerivedData/RewardsPlanners-ekihbxkapylnzgekifxkpyiwfgsu/Build/Products/Debug-iphoneos/React-NativeModulesApple\ /Users/ppbuddy/Library/Developer/Xcode/DerivedData/RewardsPlanners-ekihbxkapylnzgekifxkpyiwfgsu/Build/Products/Debug-iphoneos/React-RCTAnimation\ /Users/ppbuddy/Library/Developer/Xcode/DerivedData/RewardsPlanners-ekihbxkapylnzgekifxkpyiwfgsu/Build/Products/Debug-iphoneos/React-RCTAppDelegate\ /Users/ppbuddy/Library/Developer/Xcode/DerivedData/RewardsPlanners-ekihbxkapylnzgekifxkpyiwfgsu/Build/Products/Debug-iphoneos/React-RCTBlob\ /Users/ppbuddy/Library/Developer/Xcode/DerivedData/RewardsPlanners-ekihbxkapylnzgekifxkpyiwfgsu/Build/Products/Debug-iphoneos/React-RCTFBReactNativeSpec\ /Users/ppbuddy/Library/Developer/Xcode/DerivedData/RewardsPlanners-ekihbxkapylnzgekifxkpyiwfgsu/Build/Products/Debug-iphoneos/React-RCTFabric\ /Users/ppbuddy/Library/Developer/Xcode/DerivedData/RewardsPlanners-ekihbxkapylnzgekifxkpyiwfgsu/Build/Products/Debug-iphoneos/React-RCTImage\ /Users/ppbuddy/Library/Developer/Xcode/DerivedData/RewardsPlanners-ekihbxkapylnzgekifxkpyiwfgsu/Build/Products/Debug-iphoneos/React-RCTLinking\ /Users/ppbuddy/Library/Developer/Xcode/DerivedData/RewardsPlanners-ekihbxkapylnzgekifxkpyiwfgsu/Build/Products/Debug-iphoneos/React-RCTNetwork\ /Users/ppbuddy/Library/Developer/Xcode/DerivedData/RewardsPlanners-ekihbxkapylnzgekifxkpyiwfgsu/Build/Products/Debug-iphoneos/React-RCTRuntime\ /Users/ppbuddy/Library/Developer/Xcode/DerivedData/RewardsPlanners-ekihbxkapylnzgekifxkpyiwfgsu/Build/Products/Debug-iphoneos/React-RCTSettings\ /Users/ppbuddy/Library/Developer/Xcode/DerivedData/RewardsPlanners-ekihbxkapylnzgekifxkpyiwfgsu/Build/Products/Debug-iphoneos/React-RCTText\ /Users/ppbuddy/Library/Developer/Xcode/DerivedData/RewardsPlanners-ekihbxkapylnzgekifxkpyiwfgsu/Build/Products/Debug-iphoneos/React-RCTVibration\ /Users/ppbuddy/Library/Developer/Xcode/DerivedData/RewardsPlanners-ekihbxkapylnzgekifxkpyiwfgsu/Build/Products/Debug-iphoneos/React-RuntimeApple\ /Users/ppbuddy/Library/Developer/Xcode/DerivedData/RewardsPlanners-ekihbxkapylnzgekifxkpyiwfgsu/Build/Products/Debug-iphoneos/React-RuntimeCore\ /Users/ppbuddy/Library/Developer/Xcode/DerivedData/RewardsPlanners-ekihbxkapylnzgekifxkpyiwfgsu/Build/Products/Debug-iphoneos/React-RuntimeHermes\ /Users/ppbuddy/Library/Developer/Xcode/DerivedData/RewardsPlanners-ekihbxkapylnzgekifxkpyiwfgsu/Build/Products/Debug-iphoneos/React-cxxreact\ /Users/ppbuddy/Library/Developer/Xcode/DerivedData/RewardsPlanners-ekihbxkapylnzgekifxkpyiwfgsu/Build/Products/Debug-iphoneos/React-debug\ /Users/ppbuddy/Library/Developer/Xcode/DerivedData/RewardsPlanners-ekihbxkapylnzgekifxkpyiwfgsu/Build/Products/Debug-iphoneos/React-defaultsnativemodule\ /Users/ppbuddy/Library/Developer/Xcode/DerivedData/RewardsPlanners-ekihbxkapylnzgekifxkpyiwfgsu/Build/Products/Debug-iphoneos/React-domnativemodule\ /Users/ppbuddy/Library/Developer/Xcode/DerivedData/RewardsPlanners-ekihbxkapylnzgekifxkpyiwfgsu/Build/Products/Debug-iphoneos/React-featureflags\ /Users/ppbuddy/Library/Developer/Xcode/DerivedData/RewardsPlanners-ekihbxkapylnzgekifxkpyiwfgsu/Build/Products/Debug-iphoneos/React-featureflagsnativemodule\ /Users/ppbuddy/Library/Developer/Xcode/DerivedData/RewardsPlanners-ekihbxkapylnzgekifxkpyiwfgsu/Build/Products/Debug-iphoneos/React-graphics\ /Users/ppbuddy/Library/Developer/Xcode/DerivedData/RewardsPlanners-ekihbxkapylnzgekifxkpyiwfgsu/Build/Products/Debug-iphoneos/React-hermes\ /Users/ppbuddy/Library/Developer/Xcode/DerivedData/RewardsPlanners-ekihbxkapylnzgekifxkpyiwfgsu/Build/Products/Debug-iphoneos/React-idlecallbacksnativemodule\ /Users/ppbuddy/Library/Developer/Xcode/DerivedData/RewardsPlanners-ekihbxkapylnzgekifxkpyiwfgsu/Build/Products/Debug-iphoneos/React-jserrorhandler\ /Users/ppbuddy/Library/Developer/Xcode/DerivedData/RewardsPlanners-ekihbxkapylnzgekifxkpyiwfgsu/Build/Products/Debug-iphoneos/React-jsi\ /Users/ppbuddy/Library/Developer/Xcode/DerivedData/RewardsPlanners-ekihbxkapylnzgekifxkpyiwfgsu/Build/Products/Debug-iphoneos/React-jsiexecutor\ /Users/ppbuddy/Library/Developer/Xcode/DerivedData/RewardsPlanners-ekihbxkapylnzgekifxkpyiwfgsu/Build/Products/Debug-iphoneos/React-jsinspector\ /Users/ppbuddy/Library/Developer/Xcode/DerivedData/RewardsPlanners-ekihbxkapylnzgekifxkpyiwfgsu/Build/Products/Debug-iphoneos/React-jsinspectorcdp\ /Users/ppbuddy/Library/Developer/Xcode/DerivedData/RewardsPlanners-ekihbxkapylnzgekifxkpyiwfgsu/Build/Products/Debug-iphoneos/React-jsinspectornetwork\ /Users/ppbuddy/Library/Developer/Xcode/DerivedData/RewardsPlanners-ekihbxkapylnzgekifxkpyiwfgsu/Build/Products/Debug-iphoneos/React-jsinspectortracing\ /Users/ppbuddy/Library/Developer/Xcode/DerivedData/RewardsPlanners-ekihbxkapylnzgekifxkpyiwfgsu/Build/Products/Debug-iphoneos/React-jsitooling\ /Users/ppbuddy/Library/Developer/Xcode/DerivedData/RewardsPlanners-ekihbxkapylnzgekifxkpyiwfgsu/Build/Products/Debug-iphoneos/React-logger\ /Users/ppbuddy/Library/Developer/Xcode/DerivedData/RewardsPlanners-ekihbxkapylnzgekifxkpyiwfgsu/Build/Products/Debug-iphoneos/React-microtasksnativemodule\ /Users/ppbuddy/Library/Developer/Xcode/DerivedData/RewardsPlanners-ekihbxkapylnzgekifxkpyiwfgsu/Build/Products/Debug-iphoneos/React-oscompat\ /Users/ppbuddy/Library/Developer/Xcode/DerivedData/RewardsPlanners-ekihbxkapylnzgekifxkpyiwfgsu/Build/Products/Debug-iphoneos/React-perflogger\ /Users/ppbuddy/Library/Developer/Xcode/DerivedData/RewardsPlanners-ekihbxkapylnzgekifxkpyiwfgsu/Build/Products/Debug-iphoneos/React-performancecdpmetrics\ /Users/ppbuddy/Library/Developer/Xcode/DerivedData/RewardsPlanners-ekihbxkapylnzgekifxkpyiwfgsu/Build/Products/Debug-iphoneos/React-performancetimeline\ /Users/ppbuddy/Library/Developer/Xcode/DerivedData/RewardsPlanners-ekihbxkapylnzgekifxkpyiwfgsu/Build/Products/Debug-iphoneos/React-rendererconsistency\ /Users/ppbuddy/Library/Developer/Xcode/DerivedData/RewardsPlanners-ekihbxkapylnzgekifxkpyiwfgsu/Build/Products/Debug-iphoneos/React-renderercss\ /Users/ppbuddy/Library/Developer/Xcode/DerivedData/RewardsPlanners-ekihbxkapylnzgekifxkpyiwfgsu/Build/Products/Debug-iphoneos/React-rendererdebug\ /Users/ppbuddy/Library/Developer/Xcode/DerivedData/RewardsPlanners-ekihbxkapylnzgekifxkpyiwfgsu/Build/Products/Debug-iphoneos/React-runtimeexecutor\ /Users/ppbuddy/Library/Developer/Xcode/DerivedData/RewardsPlanners-ekihbxkapylnzgekifxkpyiwfgsu/Build/Products/Debug-iphoneos/React-runtimescheduler\ /Users/ppbuddy/Library/Developer/Xcode/DerivedData/RewardsPlanners-ekihbxkapylnzgekifxkpyiwfgsu/Build/Products/Debug-iphoneos/React-utils\ /Users/ppbuddy/Library/Developer/Xcode/DerivedData/RewardsPlanners-ekihbxkapylnzgekifxkpyiwfgsu/Build/Products/Debug-iphoneos/React-webperformancenativemodule\ /Users/ppbuddy/Library/Developer/Xcode/DerivedData/RewardsPlanners-ekihbxkapylnzgekifxkpyiwfgsu/Build/Products/Debug-iphoneos/ReactAppDependencyProvider\ /Users/ppbuddy/Library/Developer/Xcode/DerivedData/RewardsPlanners-ekihbxkapylnzgekifxkpyiwfgsu/Build/Products/Debug-iphoneos/ReactCodegen\ /Users/ppbuddy/Library/Developer/Xcode/DerivedData/RewardsPlanners-ekihbxkapylnzgekifxkpyiwfgsu/Build/Products/Debug-iphoneos/ReactCommon\ /Users/ppbuddy/Library/Developer/Xcode/DerivedData/RewardsPlanners-ekihbxkapylnzgekifxkpyiwfgsu/Build/Products/Debug-iphoneos/SocketRocket\ /Users/ppbuddy/Library/Developer/Xcode/DerivedData/RewardsPlanners-ekihbxkapylnzgekifxkpyiwfgsu/Build/Products/Debug-iphoneos/Yoga\ /Users/ppbuddy/Library/Developer/Xcode/DerivedData/RewardsPlanners-ekihbxkapylnzgekifxkpyiwfgsu/Build/Products/Debug-iphoneos/fmt\ /Users/ppbuddy/Library/Developer/Xcode/DerivedData/RewardsPlanners-ekihbxkapylnzgekifxkpyiwfgsu/Build/Products/Debug-iphoneos/glog\ /Users/ppbuddy/Library/Developer/Xcode/DerivedData/RewardsPlanners-ekihbxkapylnzgekifxkpyiwfgsu/Build/Products/Debug-iphoneos/react-native-geolocation\ /Users/ppbuddy/Library/Developer/Xcode/DerivedData/RewardsPlanners-ekihbxkapylnzgekifxkpyiwfgsu/Build/Products/Debug-iphoneos/react-native-image-picker\ /Users/ppbuddy/Library/Developer/Xcode/DerivedData/RewardsPlanners-ekihbxkapylnzgekifxkpyiwfgsu/Build/Products/Debug-iphoneos/react-native-maps\ /Users/ppbuddy/Library/Developer/Xcode/DerivedData/RewardsPlanners-ekihbxkapylnzgekifxkpyiwfgsu/Build/Products/Debug-iphoneos/react-native-netinfo\ /Users/ppbuddy/Library/Developer/Xcode/DerivedData/RewardsPlanners-ekihbxkapylnzgekifxkpyiwfgsu/Build/Products/Debug-iphoneos/react-native-razorpay\ /Users/ppbuddy/Library/Developer/Xcode/DerivedData/RewardsPlanners-ekihbxkapylnzgekifxkpyiwfgsu/Build/Products/Debug-iphoneos/react-native-safe-area-context\ /Users/ppbuddy/Downloads/Xcode.app/Contents/Developer/Toolchains/XcodeDefault.xctoolchain/usr/lib/swift/iphoneos\ /Users/ppbuddy/Downloads/Xcode.app/Contents/Developer/Platforms/iPhoneOS.platform/Developer/SDKs/iPhoneOS26.0.sdk/usr/lib/swift
    export LINKER_DISPLAYS_MANGLED_NAMES\=NO
    export LINK_FILE_LIST_normal_arm64\=/Users/ppbuddy/Library/Developer/Xcode/DerivedData/RewardsPlanners-ekihbxkapylnzgekifxkpyiwfgsu/Build/Intermediates.noindex/RewardsPlanners.build/Debug-iphoneos/RewardsPlanners.build/Objects-normal/arm64/Reward\ Planners.LinkFileList
    export LINK_OBJC_RUNTIME\=YES
    export LINK_WITH_STANDARD_LIBRARIES\=YES
    export LLVM_TARGET_TRIPLE_OS_VERSION\=ios15.1
    export LLVM_TARGET_TRIPLE_VENDOR\=apple
    export LM_AUX_CONST_METADATA_LIST_PATH_normal_arm64\=/Users/ppbuddy/Library/Developer/Xcode/DerivedData/RewardsPlanners-ekihbxkapylnzgekifxkpyiwfgsu/Build/Intermediates.noindex/RewardsPlanners.build/Debug-iphoneos/RewardsPlanners.build/Objects-normal/arm64/Reward\ Planners.SwiftConstValuesFileList
    export LOCALIZATION_EXPORT_SUPPORTED\=YES
    export LOCALIZATION_PREFERS_STRING_CATALOGS\=NO
    export LOCALIZED_RESOURCES_FOLDER_PATH\=Reward\ Planners.app/en.lproj
    export LOCALIZED_STRING_MACRO_NAMES\=NSLocalizedString\ CFCopyLocalizedString
    export LOCALIZED_STRING_SWIFTUI_SUPPORT\=YES
    export LOCAL_ADMIN_APPS_DIR\=/Applications/Utilities
    export LOCAL_APPS_DIR\=/Applications
    export LOCAL_DEVELOPER_DIR\=/Library/Developer
    export LOCAL_LIBRARY_DIR\=/Library
    export LOCROOT\=/Users/ppbuddy/Desktop/RewardsPlanner/ios
    export LOCSYMROOT\=/Users/ppbuddy/Desktop/RewardsPlanner/ios
    export MACH_O_TYPE\=mh_execute
    export MAC_OS_X_PRODUCT_BUILD_VERSION\=24G90
    export MAC_OS_X_VERSION_ACTUAL\=150601
    export MAC_OS_X_VERSION_MAJOR\=150000
    export MAC_OS_X_VERSION_MINOR\=150600
    export MAKE_MERGEABLE\=NO
    export MARKETING_VERSION\=5.6
    export MERGEABLE_LIBRARY\=NO
    export MERGED_BINARY_TYPE\=none
    export MERGE_LINKED_LIBRARIES\=NO
    export METAL_LIBRARY_FILE_BASE\=default
    export METAL_LIBRARY_OUTPUT_DIR\=/Users/ppbuddy/Library/Developer/Xcode/DerivedData/RewardsPlanners-ekihbxkapylnzgekifxkpyiwfgsu/Build/Products/Debug-iphoneos/Reward\ Planners.app
    export MODULES_FOLDER_PATH\=Reward\ Planners.app/Modules
    export MODULE_CACHE_DIR\=/Users/ppbuddy/Library/Developer/Xcode/DerivedData/ModuleCache.noindex
    export MTL_ENABLE_DEBUG_INFO\=YES
    export NATIVE_ARCH\=arm64
    export NATIVE_ARCH_32_BIT\=arm
    export NATIVE_ARCH_64_BIT\=arm64
    export NATIVE_ARCH_ACTUAL\=arm64
    export NO_COMMON\=YES
    export OBJECT_FILE_DIR\=/Users/ppbuddy/Library/Developer/Xcode/DerivedData/RewardsPlanners-ekihbxkapylnzgekifxkpyiwfgsu/Build/Intermediates.noindex/RewardsPlanners.build/Debug-iphoneos/RewardsPlanners.build/Objects
    export OBJECT_FILE_DIR_normal\=/Users/ppbuddy/Library/Developer/Xcode/DerivedData/RewardsPlanners-ekihbxkapylnzgekifxkpyiwfgsu/Build/Intermediates.noindex/RewardsPlanners.build/Debug-iphoneos/RewardsPlanners.build/Objects-normal
    export OBJROOT\=/Users/ppbuddy/Library/Developer/Xcode/DerivedData/RewardsPlanners-ekihbxkapylnzgekifxkpyiwfgsu/Build/Intermediates.noindex
    export ONLY_ACTIVE_ARCH\=YES
    export OS\=MACOS
    export OSAC\=/usr/bin/osacompile
    export OTHER_CFLAGS\=\ -fmodule-map-file\=\"/Users/ppbuddy/Library/Developer/Xcode/DerivedData/RewardsPlanners-ekihbxkapylnzgekifxkpyiwfgsu/Build/Products/Debug-iphoneos/RNScreens/RNScreens.modulemap\"\ -fmodule-map-file\=\"/Users/ppbuddy/Desktop/RewardsPlanner/ios/Pods/Headers/Public/DoubleConversion/DoubleConversion.modulemap\"\ -fmodule-map-file\=\"/Users/ppbuddy/Desktop/RewardsPlanner/ios/Pods/Headers/Public/RCTDeprecation/RCTDeprecation.modulemap\"\ -fmodule-map-file\=\"/Users/ppbuddy/Desktop/RewardsPlanner/ios/Pods/Headers/Public/RCTFabric/React-RCTFabric.modulemap\"\ -fmodule-map-file\=\"/Users/ppbuddy/Desktop/RewardsPlanner/ios/Pods/Headers/Public/RCTImage/React-RCTImage.modulemap\"\ -fmodule-map-file\=\"/Users/ppbuddy/Desktop/RewardsPlanner/ios/Pods/Headers/Public/RCTRuntime/React-RCTRuntime.modulemap\"\ -fmodule-map-file\=\"/Users/ppbuddy/Desktop/RewardsPlanner/ios/Pods/Headers/Public/RCTTypeSafety/RCTTypeSafety.modulemap\"\ -fmodule-map-file\=\"/Users/ppbuddy/Desktop/RewardsPlanner/ios/Pods/Headers/Public/React/React-Core.modulemap\"\ -fmodule-map-file\=\"/Users/ppbuddy/Desktop/RewardsPlanner/ios/Pods/Headers/Public/ReactAppDependencyProvider/ReactAppDependencyProvider.modulemap\"\ -fmodule-map-file\=\"/Users/ppbuddy/Desktop/RewardsPlanner/ios/Pods/Headers/Public/ReactCodegen/ReactCodegen.modulemap\"\ -fmodule-map-file\=\"/Users/ppbuddy/Desktop/RewardsPlanner/ios/Pods/Headers/Public/ReactCommon/ReactCommon.modulemap\"\ -fmodule-map-file\=\"/Users/ppbuddy/Desktop/RewardsPlanner/ios/Pods/Headers/Public/React_Fabric/React-Fabric.modulemap\"\ -fmodule-map-file\=\"/Users/ppbuddy/Desktop/RewardsPlanner/ios/Pods/Headers/Public/React_FabricComponents/React-FabricComponents.modulemap\"\ -fmodule-map-file\=\"/Users/ppbuddy/Desktop/RewardsPlanner/ios/Pods/Headers/Public/React_NativeModulesApple/React-NativeModulesApple.modulemap\"\ -fmodule-map-file\=\"/Users/ppbuddy/Desktop/RewardsPlanner/ios/Pods/Headers/Public/React_RCTAppDelegate/React-RCTAppDelegate.modulemap\"\ -fmodule-map-file\=\"/Users/ppbuddy/Desktop/RewardsPlanner/ios/Pods/Headers/Public/React_runtimeexecutor/React-runtimeexecutor.modulemap\"\ -fmodule-map-file\=\"/Users/ppbuddy/Desktop/RewardsPlanner/ios/Pods/Headers/Public/SocketRocket/SocketRocket.modulemap\"\ -fmodule-map-file\=\"/Users/ppbuddy/Desktop/RewardsPlanner/ios/Pods/Headers/Public/fmt/fmt.modulemap\"\ -fmodule-map-file\=\"/Users/ppbuddy/Desktop/RewardsPlanner/ios/Pods/Headers/Public/folly/RCT-Folly.modulemap\"\ -fmodule-map-file\=\"/Users/ppbuddy/Desktop/RewardsPlanner/ios/Pods/Headers/Public/glog/glog.modulemap\"\ -fmodule-map-file\=\"/Users/ppbuddy/Desktop/RewardsPlanner/ios/Pods/Headers/Public/jsi/React-jsi.modulemap\"\ -fmodule-map-file\=\"/Users/ppbuddy/Desktop/RewardsPlanner/ios/Pods/Headers/Public/jsinspector_modern/React-jsinspector.modulemap\"\ -fmodule-map-file\=\"/Users/ppbuddy/Desktop/RewardsPlanner/ios/Pods/Headers/Public/jsinspector_modern_cdp/React-jsinspectorcdp.modulemap\"\ -fmodule-map-file\=\"/Users/ppbuddy/Desktop/RewardsPlanner/ios/Pods/Headers/Public/jsinspector_modern_network/React-jsinspectornetwork.modulemap\"\ -fmodule-map-file\=\"/Users/ppbuddy/Desktop/RewardsPlanner/ios/Pods/Headers/Public/jsinspector_modern_tracing/React-jsinspectortracing.modulemap\"\ -fmodule-map-file\=\"/Users/ppbuddy/Desktop/RewardsPlanner/ios/Pods/Headers/Public/react_debug/React-debug.modulemap\"\ -fmodule-map-file\=\"/Users/ppbuddy/Desktop/RewardsPlanner/ios/Pods/Headers/Public/react_featureflags/React-featureflags.modulemap\"\ -fmodule-map-file\=\"/Users/ppbuddy/Desktop/RewardsPlanner/ios/Pods/Headers/Public/react_nativemodule_defaults/React-defaultsnativemodule.modulemap\"\ -fmodule-map-file\=\"/Users/ppbuddy/Desktop/RewardsPlanner/ios/Pods/Headers/Public/react_nativemodule_dom/React-domnativemodule.modulemap\"\ -fmodule-map-file\=\"/Users/ppbuddy/Desktop/RewardsPlanner/ios/Pods/Headers/Public/react_nativemodule_featureflags/React-featureflagsnativemodule.modulemap\"\ -fmodule-map-file\=\"/Users/ppbuddy/Desktop/RewardsPlanner/ios/Pods/Headers/Public/react_nativemodule_idlecallbacks/React-idlecallbacksnativemodule.modulemap\"\ -fmodule-map-file\=\"/Users/ppbuddy/Desktop/RewardsPlanner/ios/Pods/Headers/Public/react_nativemodule_microtasks/React-microtasksnativemodule.modulemap\"\ -fmodule-map-file\=\"/Users/ppbuddy/Desktop/RewardsPlanner/ios/Pods/Headers/Public/react_nativemodule_webperformance/React-webperformancenativemodule.modulemap\"\ -fmodule-map-file\=\"/Users/ppbuddy/Desktop/RewardsPlanner/ios/Pods/Headers/Public/react_renderer_css/React-renderercss.modulemap\"\ -fmodule-map-file\=\"/Users/ppbuddy/Desktop/RewardsPlanner/ios/Pods/Headers/Public/react_renderer_debug/React-rendererdebug.modulemap\"\ -fmodule-map-file\=\"/Users/ppbuddy/Desktop/RewardsPlanner/ios/Pods/Headers/Public/react_renderer_graphics/React-graphics.modulemap\"\ -fmodule-map-file\=\"/Users/ppbuddy/Desktop/RewardsPlanner/ios/Pods/Headers/Public/react_renderer_imagemanager/React-ImageManager.modulemap\"\ -fmodule-map-file\=\"/Users/ppbuddy/Desktop/RewardsPlanner/ios/Pods/Headers/Public/react_runtime/React-jsitooling.modulemap\"\ -fmodule-map-file\=\"/Users/ppbuddy/Desktop/RewardsPlanner/ios/Pods/Headers/Public/react_utils/React-utils.modulemap\"\ -fmodule-map-file\=\"/Users/ppbuddy/Desktop/RewardsPlanner/ios/Pods/Headers/Public/reacthermes/React-hermes.modulemap\"\ -fmodule-map-file\=\"/Users/ppbuddy/Desktop/RewardsPlanner/ios/Pods/Headers/Public/reanimated/RNReanimated.modulemap\"\ -fmodule-map-file\=\"/Users/ppbuddy/Desktop/RewardsPlanner/ios/Pods/Headers/Public/worklets/RNWorklets.modulemap\"\ -fmodule-map-file\=\"/Users/ppbuddy/Desktop/RewardsPlanner/ios/Pods/Headers/Public/yoga/Yoga.modulemap\"\ \ \ -DREACT_NATIVE_MINOR_VERSION\=82\ \ \ -DREACT_NATIVE_MINOR_VERSION\=82\ -DREANIMATED_VERSION\=4.3.0\ \ -DREANIMATED_FEATURE_FLAGS\=\"\[RUNTIME_TEST_FLAG:false\]\[DISABLE_COMMIT_PAUSING_MECHANISM:false\]\[ANDROID_SYNCHRONOUSLY_UPDATE_UI_PROPS:false\]\[IOS_SYNCHRONOUSLY_UPDATE_UI_PROPS:false\]\[EXPERIMENTAL_CSS_ANIMATIONS_FOR_SVG_COMPONENTS:false\]\[USE_SYNCHRONIZABLE_FOR_MUTABLES:true\]\[USE_COMMIT_HOOK_ONLY_FOR_REACT_COMMITS:true\]\[ENABLE_SHARED_ELEMENT_TRANSITIONS:false\]\[FORCE_REACT_RENDER_FOR_SETTLED_ANIMATIONS:true\]\"\ \ \ -DREACT_NATIVE_MINOR_VERSION\=82
    export OTHER_CPLUSPLUSFLAGS\=\ -fmodule-map-file\=\"/Users/ppbuddy/Library/Developer/Xcode/DerivedData/RewardsPlanners-ekihbxkapylnzgekifxkpyiwfgsu/Build/Products/Debug-iphoneos/RNScreens/RNScreens.modulemap\"\ -fmodule-map-file\=\"/Users/ppbuddy/Desktop/RewardsPlanner/ios/Pods/Headers/Public/DoubleConversion/DoubleConversion.modulemap\"\ -fmodule-map-file\=\"/Users/ppbuddy/Desktop/RewardsPlanner/ios/Pods/Headers/Public/RCTDeprecation/RCTDeprecation.modulemap\"\ -fmodule-map-file\=\"/Users/ppbuddy/Desktop/RewardsPlanner/ios/Pods/Headers/Public/RCTFabric/React-RCTFabric.modulemap\"\ -fmodule-map-file\=\"/Users/ppbuddy/Desktop/RewardsPlanner/ios/Pods/Headers/Public/RCTImage/React-RCTImage.modulemap\"\ -fmodule-map-file\=\"/Users/ppbuddy/Desktop/RewardsPlanner/ios/Pods/Headers/Public/RCTRuntime/React-RCTRuntime.modulemap\"\ -fmodule-map-file\=\"/Users/ppbuddy/Desktop/RewardsPlanner/ios/Pods/Headers/Public/RCTTypeSafety/RCTTypeSafety.modulemap\"\ -fmodule-map-file\=\"/Users/ppbuddy/Desktop/RewardsPlanner/ios/Pods/Headers/Public/React/React-Core.modulemap\"\ -fmodule-map-file\=\"/Users/ppbuddy/Desktop/RewardsPlanner/ios/Pods/Headers/Public/ReactAppDependencyProvider/ReactAppDependencyProvider.modulemap\"\ -fmodule-map-file\=\"/Users/ppbuddy/Desktop/RewardsPlanner/ios/Pods/Headers/Public/ReactCodegen/ReactCodegen.modulemap\"\ -fmodule-map-file\=\"/Users/ppbuddy/Desktop/RewardsPlanner/ios/Pods/Headers/Public/ReactCommon/ReactCommon.modulemap\"\ -fmodule-map-file\=\"/Users/ppbuddy/Desktop/RewardsPlanner/ios/Pods/Headers/Public/React_Fabric/React-Fabric.modulemap\"\ -fmodule-map-file\=\"/Users/ppbuddy/Desktop/RewardsPlanner/ios/Pods/Headers/Public/React_FabricComponents/React-FabricComponents.modulemap\"\ -fmodule-map-file\=\"/Users/ppbuddy/Desktop/RewardsPlanner/ios/Pods/Headers/Public/React_NativeModulesApple/React-NativeModulesApple.modulemap\"\ -fmodule-map-file\=\"/Users/ppbuddy/Desktop/RewardsPlanner/ios/Pods/Headers/Public/React_RCTAppDelegate/React-RCTAppDelegate.modulemap\"\ -fmodule-map-file\=\"/Users/ppbuddy/Desktop/RewardsPlanner/ios/Pods/Headers/Public/React_runtimeexecutor/React-runtimeexecutor.modulemap\"\ -fmodule-map-file\=\"/Users/ppbuddy/Desktop/RewardsPlanner/ios/Pods/Headers/Public/SocketRocket/SocketRocket.modulemap\"\ -fmodule-map-file\=\"/Users/ppbuddy/Desktop/RewardsPlanner/ios/Pods/Headers/Public/fmt/fmt.modulemap\"\ -fmodule-map-file\=\"/Users/ppbuddy/Desktop/RewardsPlanner/ios/Pods/Headers/Public/folly/RCT-Folly.modulemap\"\ -fmodule-map-file\=\"/Users/ppbuddy/Desktop/RewardsPlanner/ios/Pods/Headers/Public/glog/glog.modulemap\"\ -fmodule-map-file\=\"/Users/ppbuddy/Desktop/RewardsPlanner/ios/Pods/Headers/Public/jsi/React-jsi.modulemap\"\ -fmodule-map-file\=\"/Users/ppbuddy/Desktop/RewardsPlanner/ios/Pods/Headers/Public/jsinspector_modern/React-jsinspector.modulemap\"\ -fmodule-map-file\=\"/Users/ppbuddy/Desktop/RewardsPlanner/ios/Pods/Headers/Public/jsinspector_modern_cdp/React-jsinspectorcdp.modulemap\"\ -fmodule-map-file\=\"/Users/ppbuddy/Desktop/RewardsPlanner/ios/Pods/Headers/Public/jsinspector_modern_network/React-jsinspectornetwork.modulemap\"\ -fmodule-map-file\=\"/Users/ppbuddy/Desktop/RewardsPlanner/ios/Pods/Headers/Public/jsinspector_modern_tracing/React-jsinspectortracing.modulemap\"\ -fmodule-map-file\=\"/Users/ppbuddy/Desktop/RewardsPlanner/ios/Pods/Headers/Public/react_debug/React-debug.modulemap\"\ -fmodule-map-file\=\"/Users/ppbuddy/Desktop/RewardsPlanner/ios/Pods/Headers/Public/react_featureflags/React-featureflags.modulemap\"\ -fmodule-map-file\=\"/Users/ppbuddy/Desktop/RewardsPlanner/ios/Pods/Headers/Public/react_nativemodule_defaults/React-defaultsnativemodule.modulemap\"\ -fmodule-map-file\=\"/Users/ppbuddy/Desktop/RewardsPlanner/ios/Pods/Headers/Public/react_nativemodule_dom/React-domnativemodule.modulemap\"\ -fmodule-map-file\=\"/Users/ppbuddy/Desktop/RewardsPlanner/ios/Pods/Headers/Public/react_nativemodule_featureflags/React-featureflagsnativemodule.modulemap\"\ -fmodule-map-file\=\"/Users/ppbuddy/Desktop/RewardsPlanner/ios/Pods/Headers/Public/react_nativemodule_idlecallbacks/React-idlecallbacksnativemodule.modulemap\"\ -fmodule-map-file\=\"/Users/ppbuddy/Desktop/RewardsPlanner/ios/Pods/Headers/Public/react_nativemodule_microtasks/React-microtasksnativemodule.modulemap\"\ -fmodule-map-file\=\"/Users/ppbuddy/Desktop/RewardsPlanner/ios/Pods/Headers/Public/react_nativemodule_webperformance/React-webperformancenativemodule.modulemap\"\ -fmodule-map-file\=\"/Users/ppbuddy/Desktop/RewardsPlanner/ios/Pods/Headers/Public/react_renderer_css/React-renderercss.modulemap\"\ -fmodule-map-file\=\"/Users/ppbuddy/Desktop/RewardsPlanner/ios/Pods/Headers/Public/react_renderer_debug/React-rendererdebug.modulemap\"\ -fmodule-map-file\=\"/Users/ppbuddy/Desktop/RewardsPlanner/ios/Pods/Headers/Public/react_renderer_graphics/React-graphics.modulemap\"\ -fmodule-map-file\=\"/Users/ppbuddy/Desktop/RewardsPlanner/ios/Pods/Headers/Public/react_renderer_imagemanager/React-ImageManager.modulemap\"\ -fmodule-map-file\=\"/Users/ppbuddy/Desktop/RewardsPlanner/ios/Pods/Headers/Public/react_runtime/React-jsitooling.modulemap\"\ -fmodule-map-file\=\"/Users/ppbuddy/Desktop/RewardsPlanner/ios/Pods/Headers/Public/react_utils/React-utils.modulemap\"\ -fmodule-map-file\=\"/Users/ppbuddy/Desktop/RewardsPlanner/ios/Pods/Headers/Public/reacthermes/React-hermes.modulemap\"\ -fmodule-map-file\=\"/Users/ppbuddy/Desktop/RewardsPlanner/ios/Pods/Headers/Public/reanimated/RNReanimated.modulemap\"\ -fmodule-map-file\=\"/Users/ppbuddy/Desktop/RewardsPlanner/ios/Pods/Headers/Public/worklets/RNWorklets.modulemap\"\ -fmodule-map-file\=\"/Users/ppbuddy/Desktop/RewardsPlanner/ios/Pods/Headers/Public/yoga/Yoga.modulemap\"\ \ \ -DREACT_NATIVE_MINOR_VERSION\=82\ \ \ -DREACT_NATIVE_MINOR_VERSION\=82\ -DREANIMATED_VERSION\=4.3.0\ \ -DREANIMATED_FEATURE_FLAGS\=\"\[RUNTIME_TEST_FLAG:false\]\[DISABLE_COMMIT_PAUSING_MECHANISM:false\]\[ANDROID_SYNCHRONOUSLY_UPDATE_UI_PROPS:false\]\[IOS_SYNCHRONOUSLY_UPDATE_UI_PROPS:false\]\[EXPERIMENTAL_CSS_ANIMATIONS_FOR_SVG_COMPONENTS:false\]\[USE_SYNCHRONIZABLE_FOR_MUTABLES:true\]\[USE_COMMIT_HOOK_ONLY_FOR_REACT_COMMITS:true\]\[ENABLE_SHARED_ELEMENT_TRANSITIONS:false\]\[FORCE_REACT_RENDER_FOR_SETTLED_ANIMATIONS:true\]\"\ \ \ -DREACT_NATIVE_MINOR_VERSION\=82\ -DFOLLY_NO_CONFIG\ -DFOLLY_MOBILE\=1\ -DFOLLY_USE_LIBCPP\=1\ -DFOLLY_CFG_NO_COROUTINES\=1\ -DFOLLY_HAVE_CLOCK_GETTIME\=1\ -DRCT_NEW_ARCH_ENABLED\=1
    export OTHER_LDFLAGS\=\ -ObjC\ -l\"BVLinearGradient\"\ -l\"DoubleConversion\"\ -l\"HtmlToPdf\"\ -l\"RCT-Folly\"\ -l\"RCTDeprecation\"\ -l\"RCTTypeSafety\"\ -l\"RNCAsyncStorage\"\ -l\"RNCMaskedView\"\ -l\"RNDeviceInfo\"\ -l\"RNGestureHandler\"\ -l\"RNPermissions\"\ -l\"RNReanimated\"\ -l\"RNSVG\"\ -l\"RNScreens\"\ -l\"RNShare\"\ -l\"RNVectorIcons\"\ -l\"RNWorklets\"\ -l\"React-Core\"\ -l\"React-CoreModules\"\ -l\"React-Fabric\"\ -l\"React-FabricComponents\"\ -l\"React-FabricImage\"\ -l\"React-ImageManager\"\ -l\"React-Mapbuffer\"\ -l\"React-NativeModulesApple\"\ -l\"React-RCTAnimation\"\ -l\"React-RCTAppDelegate\"\ -l\"React-RCTBlob\"\ -l\"React-RCTFBReactNativeSpec\"\ -l\"React-RCTFabric\"\ -l\"React-RCTImage\"\ -l\"React-RCTLinking\"\ -l\"React-RCTNetwork\"\ -l\"React-RCTRuntime\"\ -l\"React-RCTSettings\"\ -l\"React-RCTText\"\ -l\"React-RCTVibration\"\ -l\"React-RuntimeApple\"\ -l\"React-RuntimeCore\"\ -l\"React-RuntimeHermes\"\ -l\"React-cxxreact\"\ -l\"React-debug\"\ -l\"React-defaultsnativemodule\"\ -l\"React-domnativemodule\"\ -l\"React-featureflags\"\ -l\"React-featureflagsnativemodule\"\ -l\"React-graphics\"\ -l\"React-hermes\"\ -l\"React-idlecallbacksnativemodule\"\ -l\"React-jserrorhandler\"\ -l\"React-jsi\"\ -l\"React-jsiexecutor\"\ -l\"React-jsinspector\"\ -l\"React-jsinspectorcdp\"\ -l\"React-jsinspectornetwork\"\ -l\"React-jsinspectortracing\"\ -l\"React-jsitooling\"\ -l\"React-logger\"\ -l\"React-microtasksnativemodule\"\ -l\"React-oscompat\"\ -l\"React-perflogger\"\ -l\"React-performancecdpmetrics\"\ -l\"React-performancetimeline\"\ -l\"React-rendererconsistency\"\ -l\"React-renderercss\"\ -l\"React-rendererdebug\"\ -l\"React-runtimeexecutor\"\ -l\"React-runtimescheduler\"\ -l\"React-utils\"\ -l\"React-webperformancenativemodule\"\ -l\"ReactAppDependencyProvider\"\ -l\"ReactCodegen\"\ -l\"ReactCommon\"\ -l\"SocketRocket\"\ -l\"Yoga\"\ -l\"c++\"\ -l\"c++abi\"\ -l\"fmt\"\ -l\"glog\"\ -l\"icucore\"\ -l\"react-native-geolocation\"\ -l\"react-native-image-picker\"\ -l\"react-native-maps\"\ -l\"react-native-netinfo\"\ -l\"react-native-razorpay\"\ -l\"react-native-safe-area-context\"\ -framework\ \"AVFoundation\"\ -framework\ \"Accelerate\"\ -framework\ \"AudioToolbox\"\ -framework\ \"CFNetwork\"\ -framework\ \"CoreGraphics\"\ -framework\ \"CoreLocation\"\ -framework\ \"CoreMedia\"\ -framework\ \"Foundation\"\ -framework\ \"ImageIO\"\ -framework\ \"MobileCoreServices\"\ -framework\ \"NetworkExtension\"\ -framework\ \"Photos\"\ -framework\ \"PhotosUI\"\ -framework\ \"QuartzCore\"\ -framework\ \"Razorpay\"\ -framework\ \"RazorpayCore\"\ -framework\ \"RazorpayStandard\"\ -framework\ \"Security\"\ -framework\ \"UIKit\"\ -framework\ \"WebKit\"\ -framework\ \"hermesvm\"\ -weak_framework\ \"JavaScriptCore\"\ -weak_framework\ \"LinkPresentation\"\ -ObjC\ -lc++
    export OTHER_MODULE_VERIFIER_FLAGS\=\ \"-F/Users/ppbuddy/Library/Developer/Xcode/DerivedData/RewardsPlanners-ekihbxkapylnzgekifxkpyiwfgsu/Build/Products/Debug-iphoneos/BVLinearGradient\"\ \"-F/Users/ppbuddy/Library/Developer/Xcode/DerivedData/RewardsPlanners-ekihbxkapylnzgekifxkpyiwfgsu/Build/Products/Debug-iphoneos/DoubleConversion\"\ \"-F/Users/ppbuddy/Library/Developer/Xcode/DerivedData/RewardsPlanners-ekihbxkapylnzgekifxkpyiwfgsu/Build/Products/Debug-iphoneos/FBLazyVector\"\ \"-F/Users/ppbuddy/Library/Developer/Xcode/DerivedData/RewardsPlanners-ekihbxkapylnzgekifxkpyiwfgsu/Build/Products/Debug-iphoneos/HtmlToPdf\"\ \"-F/Users/ppbuddy/Library/Developer/Xcode/DerivedData/RewardsPlanners-ekihbxkapylnzgekifxkpyiwfgsu/Build/Products/Debug-iphoneos/RCT-Folly\"\ \"-F/Users/ppbuddy/Library/Developer/Xcode/DerivedData/RewardsPlanners-ekihbxkapylnzgekifxkpyiwfgsu/Build/Products/Debug-iphoneos/RCTDeprecation\"\ \"-F/Users/ppbuddy/Library/Developer/Xcode/DerivedData/RewardsPlanners-ekihbxkapylnzgekifxkpyiwfgsu/Build/Products/Debug-iphoneos/RCTRequired\"\ \"-F/Users/ppbuddy/Library/Developer/Xcode/DerivedData/RewardsPlanners-ekihbxkapylnzgekifxkpyiwfgsu/Build/Products/Debug-iphoneos/RCTTypeSafety\"\ \"-F/Users/ppbuddy/Library/Developer/Xcode/DerivedData/RewardsPlanners-ekihbxkapylnzgekifxkpyiwfgsu/Build/Products/Debug-iphoneos/RNCAsyncStorage\"\ \"-F/Users/ppbuddy/Library/Developer/Xcode/DerivedData/RewardsPlanners-ekihbxkapylnzgekifxkpyiwfgsu/Build/Products/Debug-iphoneos/RNCMaskedView\"\ \"-F/Users/ppbuddy/Library/Developer/Xcode/DerivedData/RewardsPlanners-ekihbxkapylnzgekifxkpyiwfgsu/Build/Products/Debug-iphoneos/RNDeviceInfo\"\ \"-F/Users/ppbuddy/Library/Developer/Xcode/DerivedData/RewardsPlanners-ekihbxkapylnzgekifxkpyiwfgsu/Build/Products/Debug-iphoneos/RNGestureHandler\"\ \"-F/Users/ppbuddy/Library/Developer/Xcode/DerivedData/RewardsPlanners-ekihbxkapylnzgekifxkpyiwfgsu/Build/Products/Debug-iphoneos/RNPermissions\"\ \"-F/Users/ppbuddy/Library/Developer/Xcode/DerivedData/RewardsPlanners-ekihbxkapylnzgekifxkpyiwfgsu/Build/Products/Debug-iphoneos/RNReanimated\"\ \"-F/Users/ppbuddy/Library/Developer/Xcode/DerivedData/RewardsPlanners-ekihbxkapylnzgekifxkpyiwfgsu/Build/Products/Debug-iphoneos/RNSVG\"\ \"-F/Users/ppbuddy/Library/Developer/Xcode/DerivedData/RewardsPlanners-ekihbxkapylnzgekifxkpyiwfgsu/Build/Products/Debug-iphoneos/RNScreens\"\ \"-F/Users/ppbuddy/Library/Developer/Xcode/DerivedData/RewardsPlanners-ekihbxkapylnzgekifxkpyiwfgsu/Build/Products/Debug-iphoneos/RNShare\"\ \"-F/Users/ppbuddy/Library/Developer/Xcode/DerivedData/RewardsPlanners-ekihbxkapylnzgekifxkpyiwfgsu/Build/Products/Debug-iphoneos/RNVectorIcons\"\ \"-F/Users/ppbuddy/Library/Developer/Xcode/DerivedData/RewardsPlanners-ekihbxkapylnzgekifxkpyiwfgsu/Build/Products/Debug-iphoneos/RNWorklets\"\ \"-F/Users/ppbuddy/Library/Developer/Xcode/DerivedData/RewardsPlanners-ekihbxkapylnzgekifxkpyiwfgsu/Build/Products/Debug-iphoneos/React\"\ \"-F/Users/ppbuddy/Library/Developer/Xcode/DerivedData/RewardsPlanners-ekihbxkapylnzgekifxkpyiwfgsu/Build/Products/Debug-iphoneos/React-Core\"\ \"-F/Users/ppbuddy/Library/Developer/Xcode/DerivedData/RewardsPlanners-ekihbxkapylnzgekifxkpyiwfgsu/Build/Products/Debug-iphoneos/React-CoreModules\"\ \"-F/Users/ppbuddy/Library/Developer/Xcode/DerivedData/RewardsPlanners-ekihbxkapylnzgekifxkpyiwfgsu/Build/Products/Debug-iphoneos/React-Fabric\"\ \"-F/Users/ppbuddy/Library/Developer/Xcode/DerivedData/RewardsPlanners-ekihbxkapylnzgekifxkpyiwfgsu/Build/Products/Debug-iphoneos/React-FabricComponents\"\ \"-F/Users/ppbuddy/Library/Developer/Xcode/DerivedData/RewardsPlanners-ekihbxkapylnzgekifxkpyiwfgsu/Build/Products/Debug-iphoneos/React-FabricImage\"\ \"-F/Users/ppbuddy/Library/Developer/Xcode/DerivedData/RewardsPlanners-ekihbxkapylnzgekifxkpyiwfgsu/Build/Products/Debug-iphoneos/React-ImageManager\"\ \"-F/Users/ppbuddy/Library/Developer/Xcode/DerivedData/RewardsPlanners-ekihbxkapylnzgekifxkpyiwfgsu/Build/Products/Debug-iphoneos/React-Mapbuffer\"\ \"-F/Users/ppbuddy/Library/Developer/Xcode/DerivedData/RewardsPlanners-ekihbxkapylnzgekifxkpyiwfgsu/Build/Products/Debug-iphoneos/React-NativeModulesApple\"\ \"-F/Users/ppbuddy/Library/Developer/Xcode/De
debug rivedData/RewardsPlanners-ekihbxkapylnzgekifxkpyiwfgsu/Build/Products/Debug-iphoneos/React-RCTActionSheet\"\ \"-F/Users/ppbuddy/Library/Developer/Xcode/DerivedData/RewardsPlanners-ekihbxkapylnzgekifxkpyiwfgsu/Build/Products/Debug-iphoneos/React-RCTAnimation\"\ \"-F/Users/ppbuddy/Library/Developer/Xcode/DerivedData/RewardsPlanners-ekihbxkapylnzgekifxkpyiwfgsu/Build/Products/Debug-iphoneos/React-RCTAppDelegate\"\ \"-F/Users/ppbuddy/Library/Developer/Xcode/DerivedData/RewardsPlanners-ekihbxkapylnzgekifxkpyiwfgsu/Build/Products/Debug-iphoneos/React-RCTBlob\"\ \"-F/Users/ppbuddy/Library/Developer/Xcode/DerivedData/RewardsPlanners-ekihbxkapylnzgekifxkpyiwfgsu/Build/Products/Debug-iphoneos/React-RCTFBReactNativeSpec\"\ \"-F/Users/ppbuddy/Library/Developer/Xcode/DerivedData/RewardsPlanners-ekihbxkapylnzgekifxkpyiwfgsu/Build/Products/Debug-iphoneos/React-RCTFabric\"\ \"-F/Users/ppbuddy/Library/Developer/Xcode/DerivedData/RewardsPlanners-ekihbxkapylnzgekifxkpyiwfgsu/Build/Products/Debug-iphoneos/React-RCTImage\"\ \"-F/Users/ppbuddy/Library/Developer/Xcode/DerivedData/RewardsPlanners-ekihbxkapylnzgekifxkpyiwfgsu/Build/Products/Debug-iphoneos/React-RCTLinking\"\ \"-F/Users/ppbuddy/Library/Developer/Xcode/DerivedData/RewardsPlanners-ekihbxkapylnzgekifxkpyiwfgsu/Build/Products/Debug-iphoneos/React-RCTNetwork\"\ \"-F/Users/ppbuddy/Library/Developer/Xcode/DerivedData/RewardsPlanners-ekihbxkapylnzgekifxkpyiwfgsu/Build/Products/Debug-iphoneos/React-RCTRuntime\"\ \"-F/Users/ppbuddy/Library/Developer/Xcode/DerivedData/RewardsPlanners-ekihbxkapylnzgekifxkpyiwfgsu/Build/Products/Debug-iphoneos/React-RCTSettings\"\ \"-F/Users/ppbuddy/Library/Developer/Xcode/DerivedData/RewardsPlanners-ekihbxkapylnzgekifxkpyiwfgsu/Build/Products/Debug-iphoneos/React-RCTText\"\ \"-F/Users/ppbuddy/Library/Developer/Xcode/DerivedData/RewardsPlanners-ekihbxkapylnzgekifxkpyiwfgsu/Build/Products/Debug-iphoneos/React-RCTVibration\"\ \"-F/Users/ppbuddy/Library/Developer/Xcode/DerivedData/RewardsPlanners-ekihbxkapylnzgekifxkpyiwfgsu/Build/Products/Debug-iphoneos/React-RuntimeApple\"\ \"-F/Users/ppbuddy/Library/Developer/Xcode/DerivedData/RewardsPlanners-ekihbxkapylnzgekifxkpyiwfgsu/Build/Products/Debug-iphoneos/React-RuntimeCore\"\ \"-F/Users/ppbuddy/Library/Developer/Xcode/DerivedData/RewardsPlanners-ekihbxkapylnzgekifxkpyiwfgsu/Build/Products/Debug-iphoneos/React-RuntimeHermes\"\ \"-F/Users/ppbuddy/Library/Developer/Xcode/DerivedData/RewardsPlanners-ekihbxkapylnzgekifxkpyiwfgsu/Build/Products/Debug-iphoneos/React-callinvoker\"\ \"-F/Users/ppbuddy/Library/Developer/Xcode/DerivedData/RewardsPlanners-ekihbxkapylnzgekifxkpyiwfgsu/Build/Products/Debug-iphoneos/React-cxxreact\"\ \"-F/Users/ppbuddy/Library/Developer/Xcode/DerivedData/RewardsPlanners-ekihbxkapylnzgekifxkpyiwfgsu/Build/Products/Debug-iphoneos/React-debug\"\ \"-F/Users/ppbuddy/Library/Developer/Xcode/DerivedData/RewardsPlanners-ekihbxkapylnzgekifxkpyiwfgsu/Build/Products/Debug-iphoneos/React-defaultsnativemodule\"\ \"-F/Users/ppbuddy/Library/Developer/Xcode/DerivedData/RewardsPlanners-ekihbxkapylnzgekifxkpyiwfgsu/Build/Products/Debug-iphoneos/React-domnativemodule\"\ \"-F/Users/ppbuddy/Library/Developer/Xcode/DerivedData/RewardsPlanners-ekihbxkapylnzgekifxkpyiwfgsu/Build/Products/Debug-iphoneos/React-featureflags\"\ \"-F/Users/ppbuddy/Library/Developer/Xcode/DerivedData/RewardsPlanners-ekihbxkapylnzgekifxkpyiwfgsu/Build/Products/Debug-iphoneos/React-featureflagsnativemodule\"\ \"-F/Users/ppbuddy/Library/Developer/Xcode/DerivedData/RewardsPlanners-ekihbxkapylnzgekifxkpyiwfgsu/Build/Products/Debug-iphoneos/React-graphics\"\ \"-F/Users/ppbuddy/Library/Developer/Xcode/DerivedData/RewardsPlanners-ekihbxkapylnzgekifxkpyiwfgsu/Build/Products/Debug-iphoneos/React-hermes\"\ \"-F/Users/ppbuddy/Library/Developer/Xcode/DerivedData/RewardsPlanners-ekihbxkapylnzgekifxkpyiwfgsu/Build/Products/Debug-iphoneos/React-idlecallbacksnativemodule\"\ \"-F/Users/ppbuddy/Library/Developer/Xcode/DerivedData/RewardsPlanners-ekihbxkapylnzgekifxkpyiwfgsu/Build/Products/Debug-iphoneos/React-jserrorhandler\"\ \"-F/Users/ppbuddy/Library/Developer/Xcode/DerivedData/RewardsPlanners-ekihbxkapylnzgekifxkpyiwfgsu/Build/Products/Debug-iphoneos/React-jsi\"\ \"-F/Users/ppbuddy/Library/Developer/Xcode/DerivedData/RewardsPlanners-ekihbxkapylnzgekifxkpyiwfgsu/Build/Products/Debug-iphoneos/React-jsiexecutor\"\ \"-F/Users/ppbuddy/Library/Developer/Xcode/DerivedData/RewardsPlanners-ekihbxkapylnzgekifxkpyiwfgsu/Build/Products/Debug-iphoneos/React-jsinspector\"\ \"-F/Users/ppbuddy/Library/Developer/Xcode/DerivedData/RewardsPlanners-ekihbxkapylnzgekifxkpyiwfgsu/Build/Products/Debug-iphoneos/React-jsinspectorcdp\"\ \"-F/Users/ppbuddy/Library/Developer/Xcode/DerivedData/RewardsPlanners-ekihbxkapylnzgekifxkpyiwfgsu/Build/Products/Debug-iphoneos/React-jsinspectornetwork\"\ \"-F/Users/ppbuddy/Library/Developer/Xcode/DerivedData/RewardsPlanners-ekihbxkapylnzgekifxkpyiwfgsu/Build/Products/Debug-iphoneos/React-jsinspectortracing\"\ \"-F/Users/ppbuddy/Library/Developer/Xcode/DerivedData/RewardsPlanners-ekihbxkapylnzgekifxkpyiwfgsu/Build/Products/Debug-iphoneos/React-jsitooling\"\ \"-F/Users/ppbuddy/Library/Developer/Xcode/DerivedData/RewardsPlanners-ekihbxkapylnzgekifxkpyiwfgsu/Build/Products/Debug-iphoneos/React-jsitracing\"\ \"-F/Users/ppbuddy/Library/Developer/Xcode/DerivedData/RewardsPlanners-ekihbxkapylnzgekifxkpyiwfgsu/Build/Products/Debug-iphoneos/React-logger\"\ \"-F/Users/ppbuddy/Library/Developer/Xcode/DerivedData/RewardsPlanners-ekihbxkapylnzgekifxkpyiwfgsu/Build/Products/Debug-iphoneos/React-microtasksnativemodule\"\ \"-F/Users/ppbuddy/Library/Developer/Xcode/DerivedData/RewardsPlanners-ekihbxkapylnzgekifxkpyiwfgsu/Build/Products/Debug-iphoneos/React-oscompat\"\ \"-F/Users/ppbuddy/Library/Developer/Xcode/DerivedData/RewardsPlanners-ekihbxkapylnzgekifxkpyiwfgsu/Build/Products/Debug-iphoneos/React-perflogger\"\ \"-F/Users/ppbuddy/Library/Developer/Xcode/DerivedData/RewardsPlanners-ekihbxkapylnzgekifxkpyiwfgsu/Build/Products/Debug-iphoneos/React-performancecdpmetrics\"\ \"-F/Users/ppbuddy/Library/Developer/Xcode/DerivedData/RewardsPlanners-ekihbxkapylnzgekifxkpyiwfgsu/Build/Products/Debug-iphoneos/React-performancetimeline\"\ \"-F/Users/ppbuddy/Library/Developer/Xcode/DerivedData/RewardsPlanners-ekihbxkapylnzgekifxkpyiwfgsu/Build/Products/Debug-iphoneos/React-rendererconsistency\"\ \"-F/Users/ppbuddy/Library/Developer/Xcode/DerivedData/RewardsPlanners-ekihbxkapylnzgekifxkpyiwfgsu/Build/Products/Debug-iphoneos/React-renderercss\"\ \"-F/Users/ppbuddy/Library/Developer/Xcode/DerivedData/RewardsPlanners-ekihbxkapylnzgekifxkpyiwfgsu/Build/Products/Debug-iphoneos/React-rendererdebug\"\ \"-F/Users/ppbuddy/Library/Developer/Xcode/DerivedData/RewardsPlanners-ekihbxkapylnzgekifxkpyiwfgsu/Build/Products/Debug-iphoneos/React-runtimeexecutor\"\ \"-F/Users/ppbuddy/Library/Developer/Xcode/DerivedData/RewardsPlanners-ekihbxkapylnzgekifxkpyiwfgsu/Build/Products/Debug-iphoneos/React-runtimescheduler\"\ \"-F/Users/ppbuddy/Library/Developer/Xcode/DerivedData/RewardsPlanners-ekihbxkapylnzgekifxkpyiwfgsu/Build/Products/Debug-iphoneos/React-timing\"\ \"-F/Users/ppbuddy/Library/Developer/Xcode/DerivedData/RewardsPlanners-ekihbxkapylnzgekifxkpyiwfgsu/Build/Products/Debug-iphoneos/React-utils\"\ \"-F/Users/ppbuddy/Library/Developer/Xcode/DerivedData/RewardsPlanners-ekihbxkapylnzgekifxkpyiwfgsu/Build/Products/Debug-iphoneos/React-webperformancenativemodule\"\ \"-F/Users/ppbuddy/Library/Developer/Xcode/DerivedData/RewardsPlanners-ekihbxkapylnzgekifxkpyiwfgsu/Build/Products/Debug-iphoneos/ReactAppDependencyProvider\"\ \"-F/Users/ppbuddy/Library/Developer/Xcode/DerivedData/RewardsPlanners-ekihbxkapylnzgekifxkpyiwfgsu/Build/Products/Debug-iphoneos/ReactCodegen\"\ \"-F/Users/ppbuddy/Library/Developer/Xcode/DerivedData/RewardsPlanners-ekihbxkapylnzgekifxkpyiwfgsu/Build/Products/Debug-iphoneos/ReactCommon\"\ \"-F/Users/ppbuddy/Library/Developer/Xcode/DerivedData/RewardsPlanners-ekihbxkapylnzgekifxkpyiwfgsu/Build/Products/Debug-iphoneos/SocketRocket\"\ \"-F/Users/ppbuddy/Library/Developer/Xcode/DerivedData/RewardsPlanners-ekihbxkapylnzgekifxkpyiwfgsu/Build/Products/Debug-iphoneos/Yoga\"\ \"-F/Users/ppbuddy/Library/Developer/Xcode/DerivedData/RewardsPlanners-ekihbxkapylnzgekifxkpyiwfgsu/Build/Products/Debug-iphoneos/boost\"\ \"-F/Users/ppbuddy/Library/Developer/Xcode/DerivedData/RewardsPlanners-ekihbxkapylnzgekifxkpyiwfgsu/Build/Products/Debug-iphoneos/fast_float\"\ \"-F/Users/ppbuddy/Library/Developer/Xcode/DerivedData/RewardsPlanners-ekihbxkapylnzgekifxkpyiwfgsu/Build/Products/Debug-iphoneos/fmt\"\ \"-F/Users/ppbuddy/Library/Developer/Xcode/DerivedData/RewardsPlanners-ekihbxkapylnzgekifxkpyiwfgsu/Build/Products/Debug-iphoneos/glog\"\ \"-F/Users/ppbuddy/Library/Developer/Xcode/DerivedData/RewardsPlanners-ekihbxkapylnzgekifxkpyiwfgsu/Build/Products/Debug-iphoneos/hermes-engine\"\ \"-F/Users/ppbuddy/Library/Developer/Xcode/DerivedData/RewardsPlanners-ekihbxkapylnzgekifxkpyiwfgsu/Build/Products/Debug-iphoneos/razorpay-core-pod\"\ \"-F/Users/ppbuddy/Library/Developer/Xcode/DerivedData/RewardsPlanners-ekihbxkapylnzgekifxkpyiwfgsu/Build/Products/Debug-iphoneos/razorpay-pod\"\ \"-F/Users/ppbuddy/Library/Developer/Xcode/DerivedData/RewardsPlanners-ekihbxkapylnzgekifxkpyiwfgsu/Build/Products/Debug-iphoneos/react-native-geolocation\"\ \"-F/Users/ppbuddy/Library/Developer/Xcode/DerivedData/RewardsPlanners-ekihbxkapylnzgekifxkpyiwfgsu/Build/Products/Debug-iphoneos/react-native-image-picker\"\ \"-F/Users/ppbuddy/Library/Developer/Xcode/DerivedData/RewardsPlanners-ekihbxkapylnzgekifxkpyiwfgsu/Build/Products/Debug-iphoneos/react-native-maps\"\ \"-F/Users/ppbuddy/Library/Developer/Xcode/DerivedData/RewardsPlanners-ekihbxkapylnzgekifxkpyiwfgsu/Build/Products/Debug-iphoneos/react-native-netinfo\"\ \"-F/Users/ppbuddy/Library/Developer/Xcode/DerivedData/RewardsPlanners-ekihbxkapylnzgekifxkpyiwfgsu/Build/Products/Debug-iphoneos/react-native-razorpay\"\ \"-F/Users/ppbuddy/Library/Developer/Xcode/DerivedData/RewardsPlanners-ekihbxkapylnzgekifxkpyiwfgsu/Build/Products/Debug-iphoneos/react-native-render-html\"\ \"-F/Users/ppbuddy/Library/Developer/Xcode/DerivedData/RewardsPlanners-ekihbxkapylnzgekifxkpyiwfgsu/Build/Products/Debug-iphoneos/react-native-safe-area-context\"\ \"-F/Users/ppbuddy/Library/Developer/Xcode/DerivedData/RewardsPlanners-ekihbxkapylnzgekifxkpyiwfgsu/Build/Products/Debug-iphoneos/react-native-vector-icons-fontawesome\"
    export OTHER_SWIFT_FLAGS\=\ -D\ COCOAPODS\ -Xcc\ -fmodule-map-file\=\"/Users/ppbuddy/Library/Developer/Xcode/DerivedData/RewardsPlanners-ekihbxkapylnzgekifxkpyiwfgsu/Build/Products/Debug-iphoneos/RNScreens/RNScreens.modulemap\"\ -Xcc\ -fmodule-map-file\=\"/Users/ppbuddy/Desktop/RewardsPlanner/ios/Pods/Headers/Public/DoubleConversion/DoubleConversion.modulemap\"\ -Xcc\ -fmodule-map-file\=\"/Users/ppbuddy/Desktop/RewardsPlanner/ios/Pods/Headers/Public/RCTDeprecation/RCTDeprecation.modulemap\"\ -Xcc\ -fmodule-map-file\=\"/Users/ppbuddy/Desktop/RewardsPlanner/ios/Pods/Headers/Public/RCTFabric/React-RCTFabric.modulemap\"\ -Xcc\ -fmodule-map-file\=\"/Users/ppbuddy/Desktop/RewardsPlanner/ios/Pods/Headers/Public/RCTImage/React-RCTImage.modulemap\"\ -Xcc\ -fmodule-map-file\=\"/Users/ppbuddy/Desktop/RewardsPlanner/ios/Pods/Headers/Public/RCTRuntime/React-RCTRuntime.modulemap\"\ -Xcc\ -fmodule-map-file\=\"/Users/ppbuddy/Desktop/RewardsPlanner/ios/Pods/Headers/Public/RCTTypeSafety/RCTTypeSafety.modulemap\"\ -Xcc\ -fmodule-map-file\=\"/Users/ppbuddy/Desktop/RewardsPlanner/ios/Pods/Headers/Public/React/React-Core.modulemap\"\ -Xcc\ -fmodule-map-file\=\"/Users/ppbuddy/Desktop/RewardsPlanner/ios/Pods/Headers/Public/ReactAppDependencyProvider/ReactAppDependencyProvider.modulemap\"\ -Xcc\ -fmodule-map-file\=\"/Users/ppbuddy/Desktop/RewardsPlanner/ios/Pods/Headers/Public/ReactCodegen/ReactCodegen.modulemap\"\ -Xcc\ -fmodule-map-file\=\"/Users/ppbuddy/Desktop/RewardsPlanner/ios/Pods/Headers/Public/ReactCommon/ReactCommon.modulemap\"\ -Xcc\ -fmodule-map-file\=\"/Users/ppbuddy/Desktop/RewardsPlanner/ios/Pods/Headers/Public/React_Fabric/React-Fabric.modulemap\"\ -Xcc\ -fmodule-map-file\=\"/Users/ppbuddy/Desktop/RewardsPlanner/ios/Pods/Headers/Public/React_FabricComponents/React-FabricComponents.modulemap\"\ -Xcc\ -fmodule-map-file\=\"/Users/ppbuddy/Desktop/RewardsPlanner/ios/Pods/Headers/Public/React_NativeModulesApple/React-NativeModulesApple.modulemap\"\ -Xcc\ -fmodule-map-file\=\"/Users/ppbuddy/Desktop/RewardsPlanner/ios/Pods/Headers/Public/React_RCTAppDelegate/React-RCTAppDelegate.modulemap\"\ -Xcc\ -fmodule-map-file\=\"/Users/ppbuddy/Desktop/RewardsPlanner/ios/Pods/Headers/Public/React_runtimeexecutor/React-runtimeexecutor.modulemap\"\ -Xcc\ -fmodule-map-file\=\"/Users/ppbuddy/Desktop/RewardsPlanner/ios/Pods/Headers/Public/SocketRocket/SocketRocket.modulemap\"\ -Xcc\ -fmodule-map-file\=\"/Users/ppbuddy/Desktop/RewardsPlanner/ios/Pods/Headers/Public/fmt/fmt.modulemap\"\ -Xcc\ -fmodule-map-file\=\"/Users/ppbuddy/Desktop/RewardsPlanner/ios/Pods/Headers/Public/folly/RCT-Folly.modulemap\"\ -Xcc\ -fmodule-map-file\=\"/Users/ppbuddy/Desktop/RewardsPlanner/ios/Pods/Headers/Public/glog/glog.modulemap\"\ -Xcc\ -fmodule-map-file\=\"/Users/ppbuddy/Desktop/RewardsPlanner/ios/Pods/Headers/Public/jsi/React-jsi.modulemap\"\ -Xcc\ -fmodule-map-file\=\"/Users/ppbuddy/Desktop/RewardsPlanner/ios/Pods/Headers/Public/jsinspector_modern/React-jsinspector.modulemap\"\ -Xcc\ -fmodule-map-file\=\"/Users/ppbuddy/Desktop/RewardsPlanner/ios/Pods/Headers/Public/jsinspector_modern_cdp/React-jsinspectorcdp.modulemap\"\ -Xcc\ -fmodule-map-file\=\"/Users/ppbuddy/Desktop/RewardsPlanner/ios/Pods/Headers/Public/jsinspector_modern_network/React-jsinspectornetwork.modulemap\"\ -Xcc\ -fmodule-map-file\=\"/Users/ppbuddy/Desktop/RewardsPlanner/ios/Pods/Headers/Public/jsinspector_modern_tracing/React-jsinspectortracing.modulemap\"\ -Xcc\ -fmodule-map-file\=\"/Users/ppbuddy/Desktop/RewardsPlanner/ios/Pods/Headers/Public/react_debug/React-debug.modulemap\"\ -Xcc\ -fmodule-map-file\=\"/Users/ppbuddy/Desktop/RewardsPlanner/ios/Pods/Headers/Public/react_featureflags/React-featureflags.modulemap\"\ -Xcc\ -fmodule-map-file\=\"/Users/ppbuddy/Desktop/RewardsPlanner/ios/Pods/Headers/Public/react_nativemodule_defaults/React-defaultsnativemodule.modulemap\"\ -Xcc\ -fmodule-map-file\=\"/Users/ppbuddy/Desktop/RewardsPlanner/ios/Pods/Headers/Public/react_nativemodule_dom/React-domnativemodule.modulemap\"\ -Xcc\ -fmodule-map-file\=\"/Users/ppbuddy/Desktop/RewardsPlanner/ios/Pods/Headers/Public/react_nativemodule_featureflags/React-featureflagsnativemodule.modulemap\"\ -Xcc\ -fmodule-map-file\=\"/Users/ppbuddy/Desktop/RewardsPlanner/ios/Pods/Headers/Public/react_nativemodule_idlecallbacks/React-idlecallbacksnativemodule.modulemap\"\ -Xcc\ -fmodule-map-file\=\"/Users/ppbuddy/Desktop/RewardsPlanner/ios/Pods/Headers/Public/react_nativemodule_microtasks/React-microtasksnativemodule.modulemap\"\ -Xcc\ -fmodule-map-file\=\"/Users/ppbuddy/Desktop/RewardsPlanner/ios/Pods/Headers/Public/react_nativemodule_webperformance/React-webperformancenativemodule.modulemap\"\ -Xcc\ -fmodule-map-file\=\"/Users/ppbuddy/Desktop/RewardsPlanner/ios/Pods/Headers/Public/react_renderer_css/React-renderercss.modulemap\"\ -Xcc\ -fmodule-map-file\=\"/Users/ppbuddy/Desktop/RewardsPlanner/ios/Pods/Headers/Public/react_renderer_debug/React-rendererdebug.modulemap\"\ -Xcc\ -fmodule-map-file\=\"/Users/ppbuddy/Desktop/RewardsPlanner/ios/Pods/Headers/Public/react_renderer_graphics/React-graphics.modulemap\"\ -Xcc\ -fmodule-map-file\=\"/Users/ppbuddy/Desktop/RewardsPlanner/ios/Pods/Headers/Public/react_renderer_imagemanager/React-ImageManager.modulemap\"\ -Xcc\ -fmodule-map-file\=\"/Users/ppbuddy/Desktop/RewardsPlanner/ios/Pods/Headers/Public/react_runtime/React-jsitooling.modulemap\"\ -Xcc\ -fmodule-map-file\=\"/Users/ppbuddy/Desktop/RewardsPlanner/ios/Pods/Headers/Public/react_utils/React-utils.modulemap\"\ -Xcc\ -fmodule-map-file\=\"/Users/ppbuddy/Desktop/RewardsPlanner/ios/Pods/Headers/Public/reacthermes/React-hermes.modulemap\"\ -Xcc\ -fmodule-map-file\=\"/Users/ppbuddy/Desktop/RewardsPlanner/ios/Pods/Headers/Public/reanimated/RNReanimated.modulemap\"\ -Xcc\ -fmodule-map-file\=\"/Users/ppbuddy/Desktop/RewardsPlanner/ios/Pods/Headers/Public/worklets/RNWorklets.modulemap\"\ -Xcc\ -fmodule-map-file\=\"/Users/ppbuddy/Desktop/RewardsPlanner/ios/Pods/Headers/Public/yoga/Yoga.modulemap\"
    export PACKAGE_TYPE\=com.apple.package-type.wrapper.application
    export PASCAL_STRINGS\=YES
    export PATH\=/Users/ppbuddy/Downloads/Xcode.app/Contents/SharedFrameworks/SwiftBuild.framework/Versions/A/PlugIns/SWBBuildService.bundle/Contents/PlugIns/SWBUniversalPlatformPlugin.bundle/Contents/Frameworks/SWBUniversalPlatform.framework/Resources:/Users/ppbuddy/Downloads/Xcode.app/Contents/Developer/Toolchains/XcodeDefault.xctoolchain/usr/bin:/Users/ppbuddy/Downloads/Xcode.app/Contents/Developer/Toolchains/XcodeDefault.xctoolchain/usr/local/bin:/Users/ppbuddy/Downloads/Xcode.app/Contents/Developer/Toolchains/XcodeDefault.xctoolchain/usr/libexec:/Users/ppbuddy/Downloads/Xcode.app/Contents/Developer/Platforms/iPhoneOS.platform/usr/bin:/Users/ppbuddy/Downloads/Xcode.app/Contents/Developer/Platforms/iPhoneOS.platform/usr/local/bin:/Users/ppbuddy/Downloads/Xcode.app/Contents/Developer/Platforms/iPhoneOS.platform/Developer/usr/bin:/Users/ppbuddy/Downloads/Xcode.app/Contents/Developer/Platforms/iPhoneOS.platform/Developer/usr/local/bin:/Users/ppbuddy/Downloads/Xcode.app/Contents/Developer/usr/bin:/Users/ppbuddy/Downloads/Xcode.app/Contents/Developer/usr/local/bin:/Users/ppbuddy/Desktop/RewardsPlanner/node_modules/.bin:/Users/ppbuddy/Desktop/node_modules/.bin:/Users/ppbuddy/node_modules/.bin:/Users/node_modules/.bin:/node_modules/.bin:/Users/ppbuddy/.nvm/versions/node/v22.23.1/lib/node_modules/npm/node_modules/@npmcli/run-script/lib/node-gyp-bin:/Users/ppbuddy/.nvm/versions/node/v22.23.1/bin:/usr/local/mysql-9.0.1-macos14-arm64/bin:/opt/homebrew/bin:/Library/Frameworks/Python.framework/Versions/3.12/bin:/Users/ppbuddy/.console-ninja/.bin:/Users/ppbuddy/Library/Application\ Support/Code/User/globalStorage/github.copilot-chat/debugCommand:/Users/ppbuddy/Library/Application\ Support/Code/User/globalStorage/github.copilot-chat/copilotCli:/opt/homebrew/sbin:/usr/local/bin:/System/Cryptexes/App/usr/bin:/usr/bin:/bin:/usr/sbin:/sbin:/var/run/com.apple.security.cryptexd/codex.system/bootstrap/usr/local/bin:/var/run/com.apple.security.cryptexd/codex.system/bootstrap/usr/bin:/var/run/com.apple.security.cryptexd/codex.system/bootstrap/usr/appleinternal/bin:/Library/Apple/usr/bin:/Users/ppbuddy/.local/bin:/Users/ppbuddy/Library/Android/sdk/platform-tools:/Users/ppbuddy/Library/Android/sdk/emulator:/Users/ppbuddy/.npm-global/bin:/Users/ppbuddy/.vscode/extensions/vscjava.vscode-java-debug-0.59.0/bundled/scripts/noConfigScripts
    export PATH_PREFIXES_EXCLUDED_FROM_HEADER_DEPENDENCIES\=/usr/include\ /usr/local/include\ /System/Library/Frameworks\ /System/Library/PrivateFrameworks\ /Users/ppbuddy/Downloads/Xcode.app/Contents/Developer/Headers\ /Users/ppbuddy/Downloads/Xcode.app/Contents/Developer/SDKs\ /Users/ppbuddy/Downloads/Xcode.app/Contents/Developer/Platforms
    export PBDEVELOPMENTPLIST_PATH\=Reward\ Planners.app/pbdevelopment.plist
    export PER_ARCH_MODULE_FILE_DIR\=/Users/ppbuddy/Library/Developer/Xcode/DerivedData/RewardsPlanners-ekihbxkapylnzgekifxkpyiwfgsu/Build/Intermediates.noindex/RewardsPlanners.build/Debug-iphoneos/RewardsPlanners.build/Objects-normal/undefined_arch
    export PER_ARCH_OBJECT_FILE_DIR\=/Users/ppbuddy/Library/Developer/Xcode/DerivedData/RewardsPlanners-ekihbxkapylnzgekifxkpyiwfgsu/Build/Intermediates.noindex/RewardsPlanners.build/Debug-iphoneos/RewardsPlanners.build/Objects-normal/undefined_arch
    export PER_VARIANT_OBJECT_FILE_DIR\=/Users/ppbuddy/Library/Developer/Xcode/DerivedData/RewardsPlanners-ekihbxkapylnzgekifxkpyiwfgsu/Build/Intermediates.noindex/RewardsPlanners.build/Debug-iphoneos/RewardsPlanners.build/Objects-normal
    export PKGINFO_FILE_PATH\=/Users/ppbuddy/Library/Developer/Xcode/DerivedData/RewardsPlanners-ekihbxkapylnzgekifxkpyiwfgsu/Build/Intermediates.noindex/RewardsPlanners.build/Debug-iphoneos/RewardsPlanners.build/PkgInfo
    export PKGINFO_PATH\=Reward\ Planners.app/PkgInfo
    export PLATFORM_DEVELOPER_APPLICATIONS_DIR\=/Users/ppbuddy/Downloads/Xcode.app/Contents/Developer/Platforms/iPhoneOS.platform/Developer/Applications
    export PLATFORM_DEVELOPER_BIN_DIR\=/Users/ppbuddy/Downloads/Xcode.app/Contents/Developer/Platforms/iPhoneOS.platform/Developer/usr/bin
    export PLATFORM_DEVELOPER_LIBRARY_DIR\=/Users/ppbuddy/Downloads/Xcode.app/Contents/Developer/Platforms/iPhoneOS.platform/Developer/Library
    export PLATFORM_DEVELOPER_SDK_DIR\=/Users/ppbuddy/Downloads/Xcode.app/Contents/Developer/Platforms/iPhoneOS.platform/Developer/SDKs
    export PLATFORM_DEVELOPER_TOOLS_DIR\=/Users/ppbuddy/Downloads/Xcode.app/Contents/Developer/Platforms/iPhoneOS.platform/Developer/Tools
    export PLATFORM_DEVELOPER_USR_DIR\=/Users/ppbuddy/Downloads/Xcode.app/Contents/Developer/Platforms/iPhoneOS.platform/Developer/usr
    export PLATFORM_DIR\=/Users/ppbuddy/Downloads/Xcode.app/Contents/Developer/Platforms/iPhoneOS.platform
    export PLATFORM_DISPLAY_NAME\=iOS
    export PLATFORM_FAMILY_NAME\=iOS
    export PLATFORM_NAME\=iphoneos
    export PLATFORM_PREFERRED_ARCH\=arm64
    export PLATFORM_PRODUCT_BUILD_VERSION\=23A339
    export PLATFORM_REQUIRES_SWIFT_AUTOLINK_EXTRACT\=NO
    export PLATFORM_REQUIRES_SWIFT_MODULEWRAP\=NO
    export PLIST_FILE_OUTPUT_FORMAT\=binary
    export PLUGINS_FOLDER_PATH\=Reward\ Planners.app/PlugIns
    export PODS_BUILD_DIR\=/Users/ppbuddy/Library/Developer/Xcode/DerivedData/RewardsPlanners-ekihbxkapylnzgekifxkpyiwfgsu/Build/Products
    export PODS_CONFIGURATION_BUILD_DIR\=/Users/ppbuddy/Library/Developer/Xcode/DerivedData/RewardsPlanners-ekihbxkapylnzgekifxkpyiwfgsu/Build/Products/Debug-iphoneos
    export PODS_PODFILE_DIR_PATH\=/Users/ppbuddy/Desktop/RewardsPlanner/ios/.
    export PODS_ROOT\=/Users/ppbuddy/Desktop/RewardsPlanner/ios/Pods
    export PODS_XCFRAMEWORKS_BUILD_DIR\=/Users/ppbuddy/Library/Developer/Xcode/DerivedData/RewardsPlanners-ekihbxkapylnzgekifxkpyiwfgsu/Build/Products/Debug-iphoneos/XCFrameworkIntermediates
    export PRECOMPS_INCLUDE_HEADERS_FROM_BUILT_PRODUCTS_DIR\=YES
    export PRECOMP_DESTINATION_DIR\=/Users/ppbuddy/Library/Developer/Xcode/DerivedData/RewardsPlanners-ekihbxkapylnzgekifxkpyiwfgsu/Build/Intermediates.noindex/RewardsPlanners.build/Debug-iphoneos/RewardsPlanners.build/PrefixHeaders
    export PRIVATE_HEADERS_FOLDER_PATH\=Reward\ Planners.app/PrivateHeaders
    export PROCESSED_INFOPLIST_PATH\=/Users/ppbuddy/Library/Developer/Xcode/DerivedData/RewardsPlanners-ekihbxkapylnzgekifxkpyiwfgsu/Build/Intermediates.noindex/RewardsPlanners.build/Debug-iphoneos/RewardsPlanners.build/Objects-normal/undefined_arch/Processed-Info.plist
    export PRODUCT_BUNDLE_IDENTIFIER\=com.mpstech.rewardsplanners
    export PRODUCT_BUNDLE_PACKAGE_TYPE\=APPL
    export PRODUCT_MODULE_NAME\=Reward_Planners
    export PRODUCT_NAME\=Reward\ Planners
    export PRODUCT_SETTINGS_PATH\=/Users/ppbuddy/Desktop/RewardsPlanner/ios/RewardsPlanners/Info.plist
    export PRODUCT_TYPE\=com.apple.product-type.application
    export PROFILING_CODE\=NO
    export PROJECT\=RewardsPlanners
    export PROJECT_DERIVED_FILE_DIR\=/Users/ppbuddy/Library/Developer/Xcode/DerivedData/RewardsPlanners-ekihbxkapylnzgekifxkpyiwfgsu/Build/Intermediates.noindex/RewardsPlanners.build/DerivedSources
    export PROJECT_DIR\=/Users/ppbuddy/Desktop/RewardsPlanner/ios
    export PROJECT_FILE_PATH\=/Users/ppbuddy/Desktop/RewardsPlanner/ios/RewardsPlanners.xcodeproj
    export PROJECT_GUID\=624561e0267092cc4b935fa1faeda5d8
    export PROJECT_NAME\=RewardsPlanners
    export PROJECT_TEMP_DIR\=/Users/ppbuddy/Library/Developer/Xcode/DerivedData/RewardsPlanners-ekihbxkapylnzgekifxkpyiwfgsu/Build/Intermediates.noindex/RewardsPlanners.build
    export PROJECT_TEMP_ROOT\=/Users/ppbuddy/Library/Developer/Xcode/DerivedData/RewardsPlanners-ekihbxkapylnzgekifxkpyiwfgsu/Build/Intermediates.noindex
    export PROVISIONING_PROFILE_REQUIRED\=YES
    export PROVISIONING_PROFILE_REQUIRED_YES_YES\=YES
    export PROVISIONING_PROFILE_SUPPORTED\=YES
    export PUBLIC_HEADERS_FOLDER_PATH\=Reward\ Planners.app/Headers
    export REACT_NATIVE_PATH\=/Users/ppbuddy/Desktop/RewardsPlanner/ios/Pods/../../node_modules/react-native
    export RECOMMENDED_IPHONEOS_DEPLOYMENT_TARGET\=15.0
    export RECURSIVE_SEARCH_PATHS_FOLLOW_SYMLINKS\=YES
    export REMOVE_CVS_FROM_RESOURCES\=YES
    export REMOVE_GIT_FROM_RESOURCES\=YES
    export REMOVE_HEADERS_FROM_EMBEDDED_BUNDLES\=YES
    export REMOVE_HG_FROM_RESOURCES\=YES
    export REMOVE_STATIC_EXECUTABLES_FROM_EMBEDDED_BUNDLES\=YES
    export REMOVE_SVN_FROM_RESOURCES\=YES
    export RESCHEDULE_INDEPENDENT_HEADERS_PHASES\=YES
    export REZ_COLLECTOR_DIR\=/Users/ppbuddy/Library/Developer/Xcode/DerivedData/RewardsPlanners-ekihbxkapylnzgekifxkpyiwfgsu/Build/Intermediates.noindex/RewardsPlanners.build/Debug-iphoneos/RewardsPlanners.build/ResourceManagerResources
    export REZ_OBJECTS_DIR\=/Users/ppbuddy/Library/Developer/Xcode/DerivedData/RewardsPlanners-ekihbxkapylnzgekifxkpyiwfgsu/Build/Intermediates.noindex/RewardsPlanners.build/Debug-iphoneos/RewardsPlanners.build/ResourceManagerResources/Objects
    export REZ_SEARCH_PATHS\=/Users/ppbuddy/Library/Developer/Xcode/DerivedData/RewardsPlanners-ekihbxkapylnzgekifxkpyiwfgsu/Build/Products/Debug-iphoneos\ 
    export RUNTIME_EXCEPTION_ALLOW_DYLD_ENVIRONMENT_VARIABLES\=NO
    export RUNTIME_EXCEPTION_ALLOW_JIT\=NO
    export RUNTIME_EXCEPTION_ALLOW_UNSIGNED_EXECUTABLE_MEMORY\=NO
    export RUNTIME_EXCEPTION_DEBUGGING_TOOL\=NO
    export RUNTIME_EXCEPTION_DISABLE_EXECUTABLE_PAGE_PROTECTION\=NO
    export RUNTIME_EXCEPTION_DISABLE_LIBRARY_VALIDATION\=NO
    export SCAN_ALL_SOURCE_FILES_FOR_INCLUDES\=NO
    export SCRIPTS_FOLDER_PATH\=Reward\ Planners.app/Scripts
    export SCRIPT_INPUT_FILE_0\=/Users/ppbuddy/Desktop/RewardsPlanner/ios/.xcode.env.local
    export SCRIPT_INPUT_FILE_1\=/Users/ppbuddy/Desktop/RewardsPlanner/ios/.xcode.env
    export SCRIPT_INPUT_FILE_COUNT\=2
    export SCRIPT_INPUT_FILE_LIST_COUNT\=0
    export SCRIPT_OUTPUT_FILE_COUNT\=0
    export SCRIPT_OUTPUT_FILE_LIST_COUNT\=0
    export SDKROOT\=/Users/ppbuddy/Downloads/Xcode.app/Contents/Developer/Platforms/iPhoneOS.platform/Developer/SDKs/iPhoneOS26.0.sdk
    export SDK_DIR\=/Users/ppbuddy/Downloads/Xcode.app/Contents/Developer/Platforms/iPhoneOS.platform/Developer/SDKs/iPhoneOS26.0.sdk
    export SDK_DIR_iphoneos\=/Users/ppbuddy/Downloads/Xcode.app/Contents/Developer/Platforms/iPhoneOS.platform/Developer/SDKs/iPhoneOS26.0.sdk
    export SDK_DIR_iphoneos26_0\=/Users/ppbuddy/Downloads/Xcode.app/Contents/Developer/Platforms/iPhoneOS.platform/Developer/SDKs/iPhoneOS26.0.sdk
    export SDK_NAME\=iphoneos26.0
    export SDK_NAMES\=iphoneos26.0
    export SDK_PRODUCT_BUILD_VERSION\=23A339
    export SDK_STAT_CACHE_DIR\=/Users/ppbuddy/Library/Developer/Xcode/DerivedData
    export SDK_STAT_CACHE_ENABLE\=YES
    export SDK_STAT_CACHE_PATH\=/Users/ppbuddy/Library/Developer/Xcode/DerivedData/SDKStatCaches.noindex/iphoneos26.0-23A339-cfb945115f37860d7757e16b6e7976e4.sdkstatcache
    export SDK_VERSION\=26.0
    export SDK_VERSION_ACTUAL\=260000
    export SDK_VERSION_MAJOR\=260000
    export SDK_VERSION_MINOR\=260000
    export SED\=/usr/bin/sed
    export SEPARATE_STRIP\=NO
    export SEPARATE_SYMBOL_EDIT\=NO
    export SET_DIR_MODE_OWNER_GROUP\=YES
    export SET_FILE_MODE_OWNER_GROUP\=NO
    export SHALLOW_BUNDLE\=YES
    export SHALLOW_BUNDLE_TRIPLE\=ios
    export SHALLOW_BUNDLE_ios_macabi\=NO
    export SHALLOW_BUNDLE_macos\=NO
    export SHARED_DERIVED_FILE_DIR\=/Users/ppbuddy/Library/Developer/Xcode/DerivedData/RewardsPlanners-ekihbxkapylnzgekifxkpyiwfgsu/Build/Products/Debug-iphoneos/DerivedSources
    export SHARED_FRAMEWORKS_FOLDER_PATH\=Reward\ Planners.app/SharedFrameworks
    export SHARED_PRECOMPS_DIR\=/Users/ppbuddy/Library/Developer/Xcode/DerivedData/RewardsPlanners-ekihbxkapylnzgekifxkpyiwfgsu/Build/Intermediates.noindex/PrecompiledHeaders
    export SHARED_SUPPORT_FOLDER_PATH\=Reward\ Planners.app/SharedSupport
    export SKIP_INSTALL\=NO
    export SOURCE_ROOT\=/Users/ppbuddy/Desktop/RewardsPlanner/ios
    export SRCROOT\=/Users/ppbuddy/Desktop/RewardsPlanner/ios
    export STRINGSDATA_DIR\=/Users/ppbuddy/Library/Developer/Xcode/DerivedData/RewardsPlanners-ekihbxkapylnzgekifxkpyiwfgsu/Build/Intermediates.noindex/RewardsPlanners.build/Debug-iphoneos/RewardsPlanners.build/Objects-normal/undefined_arch
    export STRINGSDATA_ROOT\=/Users/ppbuddy/Library/Developer/Xcode/DerivedData/RewardsPlanners-ekihbxkapylnzgekifxkpyiwfgsu/Build/Intermediates.noindex/RewardsPlanners.build/Debug-iphoneos/RewardsPlanners.build
    export STRINGS_FILE_INFOPLIST_RENAME\=YES
    export STRINGS_FILE_OUTPUT_ENCODING\=binary
    export STRING_CATALOG_GENERATE_SYMBOLS\=YES
    export STRIP_BITCODE_FROM_COPIED_FILES\=YES
    export STRIP_INSTALLED_PRODUCT\=NO
    export STRIP_STYLE\=all
    export STRIP_SWIFT_SYMBOLS\=YES
    export SUPPORTED_DEVICE_FAMILIES\=1,2
    export SUPPORTED_PLATFORMS\=iphoneos\ iphonesimulator
    export SUPPORTS_MACCATALYST\=NO
    export SUPPORTS_MAC_DESIGNED_FOR_IPHONE_IPAD\=YES
    export SUPPORTS_ON_DEMAND_RESOURCES\=YES
    export SUPPORTS_TEXT_BASED_API\=NO
    export SUPPORTS_XR_DESIGNED_FOR_IPHONE_IPAD\=YES
    export SUPPRESS_WARNINGS\=NO
    export SWIFT_ACTIVE_COMPILATION_CONDITIONS\=\ DEBUG
    export SWIFT_EMIT_CONST_VALUE_PROTOCOLS\=AppIntent\ EntityQuery\ AppEntity\ TransientEntity\ AppEnum\ AppShortcutProviding\ AppShortcutsProvider\ AnyResolverProviding\ AppIntentsPackage\ DynamicOptionsProvider\ _IntentValueRepresentable\ _AssistantIntentsProvider\ _GenerativeFunctionExtractable\ IntentValueQuery\ Resolver\ AppExtension\ ExtensionPointDefining
    export SWIFT_EMIT_LOC_STRINGS\=NO
    export SWIFT_ENABLE_EXPLICIT_MODULES\=YES
    export SWIFT_INCLUDE_PATHS\=/Users/ppbuddy/Library/Developer/Xcode/DerivedData/RewardsPlanners-ekihbxkapylnzgekifxkpyiwfgsu/Build/Products/Debug-iphoneos\ \ \"/Users/ppbuddy/Library/Developer/Xcode/DerivedData/RewardsPlanners-ekihbxkapylnzgekifxkpyiwfgsu/Build/Products/Debug-iphoneos/RNScreens\"
    export SWIFT_OPTIMIZATION_LEVEL\=-Onone
    export SWIFT_PLATFORM_TARGET_PREFIX\=ios
    export SWIFT_RESPONSE_FILE_PATH_normal_arm64\=/Users/ppbuddy/Library/Developer/Xcode/DerivedData/RewardsPlanners-ekihbxkapylnzgekifxkpyiwfgsu/Build/Intermediates.noindex/RewardsPlanners.build/Debug-iphoneos/RewardsPlanners.build/Objects-normal/arm64/Reward\ Planners.SwiftFileList
    export SWIFT_VERSION\=5.0
    export SYMROOT\=/Users/ppbuddy/Library/Developer/Xcode/DerivedData/RewardsPlanners-ekihbxkapylnzgekifxkpyiwfgsu/Build/Products
    export SYSTEM_ADMIN_APPS_DIR\=/Applications/Utilities
    export SYSTEM_APPS_DIR\=/Applications
    export SYSTEM_CORE_SERVICES_DIR\=/System/Library/CoreServices
    export SYSTEM_DEMOS_DIR\=/Applications/Extras
    export SYSTEM_DEVELOPER_APPS_DIR\=/Users/ppbuddy/Downloads/Xcode.app/Contents/Developer/Applications
    export SYSTEM_DEVELOPER_BIN_DIR\=/Users/ppbuddy/Downloads/Xcode.app/Contents/Developer/usr/bin
    export SYSTEM_DEVELOPER_DEMOS_DIR\=/Users/ppbuddy/Downloads/Xcode.app/Contents/Developer/Applications/Utilities/Built\ Examples
    export SYSTEM_DEVELOPER_DIR\=/Users/ppbuddy/Downloads/Xcode.app/Contents/Developer
    export SYSTEM_DEVELOPER_DOC_DIR\=/Users/ppbuddy/Downloads/Xcode.app/Contents/Developer/ADC\ Reference\ Library
    export SYSTEM_DEVELOPER_GRAPHICS_TOOLS_DIR\=/Users/ppbuddy/Downloads/Xcode.app/Contents/Developer/Applications/Graphics\ Tools
    export SYSTEM_DEVELOPER_JAVA_TOOLS_DIR\=/Users/ppbuddy/Downloads/Xcode.app/Contents/Developer/Applications/Java\ Tools
    export SYSTEM_DEVELOPER_PERFORMANCE_TOOLS_DIR\=/Users/ppbuddy/Downloads/Xcode.app/Contents/Developer/Applications/Performance\ Tools
    export SYSTEM_DEVELOPER_RELEASENOTES_DIR\=/Users/ppbuddy/Downloads/Xcode.app/Contents/Developer/ADC\ Reference\ Library/releasenotes
    export SYSTEM_DEVELOPER_TOOLS\=/Users/ppbuddy/Downloads/Xcode.app/Contents/Developer/Tools
    export SYSTEM_DEVELOPER_TOOLS_DOC_DIR\=/Users/ppbuddy/Downloads/Xcode.app/Contents/Developer/ADC\ Reference\ Library/documentation/DeveloperTools
    export SYSTEM_DEVELOPER_TOOLS_RELEASENOTES_DIR\=/Users/ppbuddy/Downloads/Xcode.app/Contents/Developer/ADC\ Reference\ Library/releasenotes/DeveloperTools
    export SYSTEM_DEVELOPER_USR_DIR\=/Users/ppbuddy/Downloads/Xcode.app/Contents/Developer/usr
    export SYSTEM_DEVELOPER_UTILITIES_DIR\=/Users/ppbuddy/Downloads/Xcode.app/Contents/Developer/Applications/Utilities
    export SYSTEM_DEXT_INSTALL_PATH\=/System/Library/DriverExtensions
    export SYSTEM_DOCUMENTATION_DIR\=/Library/Documentation
    export SYSTEM_EXTENSIONS_FOLDER_PATH\=Reward\ Planners.app/SystemExtensions
    export SYSTEM_EXTENSIONS_FOLDER_PATH_SHALLOW_BUNDLE_NO\=Reward\ Planners.app/Library/SystemExtensions
    export SYSTEM_EXTENSIONS_FOLDER_PATH_SHALLOW_BUNDLE_YES\=Reward\ Planners.app/SystemExtensions
    export SYSTEM_KEXT_INSTALL_PATH\=/System/Library/Extensions
    export SYSTEM_LIBRARY_DIR\=/System/Library
    export TAPI_DEMANGLE\=YES
    export TAPI_ENABLE_PROJECT_HEADERS\=NO
    export TAPI_LANGUAGE\=objective-c
    export TAPI_LANGUAGE_STANDARD\=compiler-default
    export TAPI_USE_SRCROOT\=YES
    export TAPI_VERIFY_MODE\=Pedantic
    export TARGETED_DEVICE_FAMILY\=1
    export TARGETNAME\=RewardsPlanners
    export TARGET_BUILD_DIR\=/Users/ppbuddy/Library/Developer/Xcode/DerivedData/RewardsPlanners-ekihbxkapylnzgekifxkpyiwfgsu/Build/Products/Debug-iphoneos
    export TARGET_DEVICE_IDENTIFIER\=00008101-001658210A11001E
    export TARGET_DEVICE_MODEL\=iPhone13,2
    export TARGET_DEVICE_OS_VERSION\=26.5
    export TARGET_DEVICE_PLATFORM_NAME\=iphoneos
    export TARGET_NAME\=RewardsPlanners
    export TARGET_TEMP_DIR\=/Users/ppbuddy/Library/Developer/Xcode/DerivedData/RewardsPlanners-ekihbxkapylnzgekifxkpyiwfgsu/Build/Intermediates.noindex/RewardsPlanners.build/Debug-iphoneos/RewardsPlanners.build
    export TEMP_DIR\=/Users/ppbuddy/Library/Developer/Xcode/DerivedData/RewardsPlanners-ekihbxkapylnzgekifxkpyiwfgsu/Build/Intermediates.noindex/RewardsPlanners.build/Debug-iphoneos/RewardsPlanners.build
    export TEMP_FILES_DIR\=/Users/ppbuddy/Library/Developer/Xcode/DerivedData/RewardsPlanners-ekihbxkapylnzgekifxkpyiwfgsu/Build/Intermediates.noindex/RewardsPlanners.build/Debug-iphoneos/RewardsPlanners.build
    export TEMP_FILE_DIR\=/Users/ppbuddy/Library/Developer/Xcode/DerivedData/RewardsPlanners-ekihbxkapylnzgekifxkpyiwfgsu/Build/Intermediates.noindex/RewardsPlanners.build/Debug-iphoneos/RewardsPlanners.build
    export TEMP_ROOT\=/Users/ppbuddy/Library/Developer/Xcode/DerivedData/RewardsPlanners-ekihbxkapylnzgekifxkpyiwfgsu/Build/Intermediates.noindex
    export TEMP_SANDBOX_DIR\=/Users/ppbuddy/Library/Developer/Xcode/DerivedData/RewardsPlanners-ekihbxkapylnzgekifxkpyiwfgsu/Build/Intermediates.noindex/TemporaryTaskSandboxes
    export TEST_FRAMEWORK_SEARCH_PATHS\=\ /Users/ppbuddy/Downloads/Xcode.app/Contents/Developer/Platforms/iPhoneOS.platform/Developer/Library/Frameworks\ /Users/ppbuddy/Downloads/Xcode.app/Contents/Developer/Platforms/iPhoneOS.platform/Developer/SDKs/iPhoneOS26.0.sdk/Developer/Library/Frameworks
    export TEST_LIBRARY_SEARCH_PATHS\=\ /Users/ppbuddy/Downloads/Xcode.app/Contents/Developer/Platforms/iPhoneOS.platform/Developer/usr/lib
    export TOOLCHAINS\=com.apple.dt.toolchain.XcodeDefault
    export TOOLCHAIN_DIR\=/Users/ppbuddy/Downloads/Xcode.app/Contents/Developer/Toolchains/XcodeDefault.xctoolchain
    export TREAT_MISSING_BASELINES_AS_TEST_FAILURES\=NO
    export TREAT_MISSING_SCRIPT_PHASE_OUTPUTS_AS_ERRORS\=NO
    export TeamIdentifierPrefix\=W2JCTWQZLY.
    export UID\=501
    export UNINSTALLED_PRODUCTS_DIR\=/Users/ppbuddy/Library/Developer/Xcode/DerivedData/RewardsPlanners-ekihbxkapylnzgekifxkpyiwfgsu/Build/Intermediates.noindex/UninstalledProducts
    export UNLOCALIZED_RESOURCES_FOLDER_PATH\=Reward\ Planners.app
    export UNLOCALIZED_RESOURCES_FOLDER_PATH_SHALLOW_BUNDLE_NO\=Reward\ Planners.app/Resources
    export UNLOCALIZED_RESOURCES_FOLDER_PATH_SHALLOW_BUNDLE_YES\=Reward\ Planners.app
    export UNSTRIPPED_PRODUCT\=NO
    export USER\=ppbuddy
    export USER_APPS_DIR\=/Users/ppbuddy/Applications
    export USER_LIBRARY_DIR\=/Users/ppbuddy/Library
    export USE_DYNAMIC_NO_PIC\=YES
    export USE_HEADERMAP\=YES
    export USE_HEADER_SYMLINKS\=NO
    export USE_HERMES\=true
    export USE_RECURSIVE_SCRIPT_INPUTS_IN_SCRIPT_PHASES\=YES
    export VALIDATE_DEVELOPMENT_ASSET_PATHS\=YES_ERROR
    export VALIDATE_PRODUCT\=NO
    export VALID_ARCHS\=arm64\ arm64e\ armv7\ armv7s
    export VERBOSE_PBXCP\=NO
    export VERSIONING_SYSTEM\=apple-generic
    export VERSIONPLIST_PATH\=Reward\ Planners.app/version.plist
    export VERSION_INFO_BUILDER\=ppbuddy
    export VERSION_INFO_FILE\=Reward\ Planners_vers.c
    export VERSION_INFO_STRING\=\"@\(\#\)PROGRAM:Reward\ Planners\ \ PROJECT:RewardsPlanners-2\"
    export WORKSPACE_DIR\=/Users/ppbuddy/Desktop/RewardsPlanner/ios
    export WRAPPER_EXTENSION\=app
    export WRAPPER_NAME\=Reward\ Planners.app
    export WRAPPER_SUFFIX\=.app
    export WRAP_ASSET_PACKS_IN_SEPARATE_DIRECTORIES\=NO
    export XCODE_APP_SUPPORT_DIR\=/Users/ppbuddy/Downloads/Xcode.app/Contents/Developer/Library/Xcode
    export XCODE_PRODUCT_BUILD_VERSION\=17A324
    export XCODE_VERSION_ACTUAL\=2600
    export XCODE_VERSION_MAJOR\=2600
    export XCODE_VERSION_MINOR\=2600
    export XPCSERVICES_FOLDER_PATH\=Reward\ Planners.app/XPCServices
    export YACC\=yacc
    export _DISCOVER_COMMAND_LINE_LINKER_INPUTS\=YES
    export _DISCOVER_COMMAND_LINE_LINKER_INPUTS_INCLUDE_WL\=YES
    export _LD_MULTIARCH\=YES
    export _WRAPPER_CONTENTS_DIR_SHALLOW_BUNDLE_NO\=/Contents
    export _WRAPPER_PARENT_PATH_SHALLOW_BUNDLE_NO\=/..
    export _WRAPPER_RESOURCES_DIR_SHALLOW_BUNDLE_NO\=/Resources
    export __DIAGNOSE_DEPRECATED_ARCHS\=YES
    export __IS_NOT_MACOS\=YES
    export __IS_NOT_MACOS_macosx\=NO
    export __IS_NOT_SIMULATOR\=YES
    export __IS_NOT_SIMULATOR_simulator\=NO
    export arch\=undefined_arch
    export variant\=normal
    /bin/sh -c /Users/ppbuddy/Library/Developer/Xcode/DerivedData/RewardsPlanners-ekihbxkapylnzgekifxkpyiwfgsu/Build/Intermediates.noindex/RewardsPlanners.build/Debug-iphoneos/RewardsPlanners.build/Script-00DD1BFF1BD5951E006B06BC.sh

debug Node found at: /Users/ppbuddy/.nvm/versions/node/v22.22.3/bin/node
+ DEST='/Users/ppbuddy/Library/Developer/Xcode/DerivedData/RewardsPlanners-ekihbxkapylnzgekifxkpyiwfgsu/Build/Products/Debug-iphoneos/Reward Planners.app'
+ [[ ! -n '' ]]
+ [[ Debug = *Debug* ]]
+ [[ ! iphoneos == *simulator ]]
+ for num in 0 1 2 3 4 5 6 7 8
++ ipconfig getifaddr en0
+ IP=192.168.1.183
+ '[' '!' -z 192.168.1.183 ']'
+ break
+ '[' -z 192.168.1.183 ']'
+ echo 192.168.1.183
+ [[ -n '' ]]
+ case "$CONFIGURATION" in
+ [[ iphoneos == *simulator ]]
+ echo 'Bundling for physical device. Use the SKIP_BUNDLING flag to change this behavior.'
Bundling for physical device. Use the SKIP_BUNDLING flag to change this behavior.
+ DEV=true
+++ dirname /Users/ppbuddy/Desktop/RewardsPlanner/ios/Pods/../../node_modules/react-native/scripts/react-native-xcode.sh
++ cd /Users/ppbuddy/Desktop/RewardsPlanner/ios/Pods/../../node_modules/react-native/scripts/..
++ pwd
+ REACT_NATIVE_DIR=/Users/ppbuddy/Desktop/RewardsPlanner/node_modules/react-native
+ PROJECT_ROOT=/Users/ppbuddy/Desktop/RewardsPlanner/ios/..
+ cd /Users/ppbuddy/Desktop/RewardsPlanner/ios/..
+ [[ -n '' ]]
+ [[ -s index.ios.js ]]
+ ENTRY_FILE=index.js
+ source /Users/ppbuddy/Desktop/RewardsPlanner/node_modules/react-native/scripts/node-binary.sh
++ '[' -z /Users/ppbuddy/.nvm/versions/node/v22.22.3/bin/node ']'
++ type /Users/ppbuddy/.nvm/versions/node/v22.22.3/bin/node
+ HERMES_ENGINE_PATH=/Users/ppbuddy/Desktop/RewardsPlanner/ios/Pods/hermes-engine
+ '[' -z '' ']'
+ HERMES_CLI_PATH=/Users/ppbuddy/Desktop/RewardsPlanner/ios/Pods/hermes-engine/destroot/bin/hermesc
+ [[ true != false ]]
+ [[ -f /Users/ppbuddy/Desktop/RewardsPlanner/ios/Pods/hermes-engine ]]
+ '[' -z '' ']'
+ export NODE_ARGS=
+ NODE_ARGS=
+ '[' -z '' ']'
+ CLI_PATH=/Users/ppbuddy/Desktop/RewardsPlanner/node_modules/react-native/scripts/bundle.js
+ '[' -z '' ']'
+ BUNDLE_COMMAND=bundle
+ '[' -z '' ']'
+ COMPOSE_SOURCEMAP_PATH=/Users/ppbuddy/Desktop/RewardsPlanner/node_modules/react-native/scripts/compose-source-maps.js
+ [[ -z '' ]]
+ CONFIG_ARG=
+ [[ -z '' ]]
+ BUNDLE_NAME=main
+ BUNDLE_FILE=/Users/ppbuddy/Library/Developer/Xcode/DerivedData/RewardsPlanners-ekihbxkapylnzgekifxkpyiwfgsu/Build/Products/Debug-iphoneos/main.jsbundle
+ EXTRA_ARGS=()
+ case "$PLATFORM_NAME" in
+ BUNDLE_PLATFORM=ios
+ '[' '' = YES ']'
+ EMIT_SOURCEMAP=
+ [[ ! -z '' ]]
+ PACKAGER_SOURCEMAP_FILE=
+ [[ '' == true ]]
+ [[ true != false ]]
+ [[ true == false ]]
+ [[ -n '' ]]
+ [[ -n '' ]]
+ EXTRA_ARGS+=("--config-cmd" "'$NODE_BINARY' $NODE_ARGS '$REACT_NATIVE_DIR/cli.js' config")
+ /Users/ppbuddy/.nvm/versions/node/v22.22.3/bin/node /Users/ppbuddy/Desktop/RewardsPlanner/node_modules/react-native/scripts/bundle.js bundle --entry-file index.js --platform ios --dev true --reset-cache --bundle-output /Users/ppbuddy/Library/Developer/Xcode/DerivedData/RewardsPlanners-ekihbxkapylnzgekifxkpyiwfgsu/Build/Products/Debug-iphoneos/main.jsbundle --assets-dest '/Users/ppbuddy/Library/Developer/Xcode/DerivedData/RewardsPlanners-ekihbxkapylnzgekifxkpyiwfgsu/Build/Products/Debug-iphoneos/Reward Planners.app' --config-cmd ''\''/Users/ppbuddy/.nvm/versions/node/v22.22.3/bin/node'\''  '\''/Users/ppbuddy/Desktop/RewardsPlanner/node_modules/react-native/cli.js'\'' config'

                        ▒▒▓▓▓▓▒▒
                     ▒▓▓▓▒▒░░▒▒▓▓▓▒
                  ▒▓▓▓▓░░░▒▒▒▒░░░▓▓▓▓▒
                 ▓▓▒▒▒▓▓▓▓▓▓▓▓▓▓▓▓▒▒▒▓▓
                 ▓▓░░░░░▒▓▓▓▓▓▓▒░░░░░▓▓
                 ▓▓░░▓▓▒░░░▒▒░░░▒▓▒░░▓▓
                 ▓▓░░▓▓▓▓▓▒▒▒▒▓▓▓▓▒░░▓▓
                 ▓▓░░▓▓▓▓▓▓▓▓▓▓▓▓▓▒░░▓▓
                 ▓▓▒░░▒▒▓▓▓▓▓▓▓▓▒░░░▒▓▓
                  ▒▓▓▓▒░░░▒▓▓▒░░░▒▓▓▓▒
                     ▒▓▓▓▒░░░░▒▓▓▓▒
                        ▒▒▓▓▓▓▒▒


 WARN  the transform cache was reset.
                Welcome to Metro v0.83.7
              Fast - Scalable - Integrated


/Users/ppbuddy/Desktop/RewardsPlanner/node_modules/metro/src/node-haste/DependencyGraph/ModuleResolution.js:179
        throw new UnableToResolveError(
              ^

UnableToResolveError: Unable to resolve module @babel/runtime/helpers/interopRequireDefault from /Users/ppbuddy/Desktop/RewardsPlanner/index.js: @babel/runtime/helpers/interopRequireDefault could not be found within the project or in these directories:
  node_modules
[0m[31m[1m>[22m[39m[90m 1 |[39m [90m/**[39m
 [90m 2 |[39m [90m * @format[39m
 [90m 3 |[39m [90m */[39m
 [90m 4 |[39m[0m
    at ModuleResolver.resolveDependency (/Users/ppbuddy/Desktop/RewardsPlanner/node_modules/metro/src/node-haste/DependencyGraph/ModuleResolution.js:179:15)
    at DependencyGraph.resolveDependency (/Users/ppbuddy/Desktop/RewardsPlanner/node_modules/metro/src/node-haste/DependencyGraph.js:263:43)
    ... 5 lines matching cause stack trace ...
    at async buildSubgraph (/Users/ppbuddy/Desktop/RewardsPlanner/node_modules/metro/src/DeltaBundler/buildSubgraph.js:105:3)
    at async Graph._buildDelta (/Users/ppbuddy/Desktop/RewardsPlanner/node_modules/metro/src/DeltaBundler/Graph.js:163:22)
    at async Graph.initialTraverseDependencies (/Users/ppbuddy/Desktop/RewardsPlanner/node_modules/metro/src/DeltaBundler/Graph.js:146:19) {
  type: 'UnableToResolveError',
  originModulePath: '/Users/ppbuddy/Desktop/RewardsPlanner/index.js',
  targetModuleName: '@babel/runtime/helpers/interopRequireDefault',
  cause: FailedToResolveNameError: Module does not exist in the Haste module map or in these directories:
    /Users/ppbuddy/Desktop/RewardsPlanner/node_modules
    /Users/ppbuddy/Desktop/node_modules
    /Users/ppbuddy/node_modules
    /Users/node_modules
    /node_modules
  
      at buildFailedToResolveNameError (/Users/ppbuddy/Desktop/RewardsPlanner/node_modules/metro-resolver/src/resolve.js:269:10)
      at Object.resolve (/Users/ppbuddy/Desktop/RewardsPlanner/node_modules/metro-resolver/src/resolve.js:210:9)
      at ModuleResolver.resolveDependency (/Users/ppbuddy/Desktop/RewardsPlanner/node_modules/metro/src/node-haste/DependencyGraph/ModuleResolution.js:103:31)
      at DependencyGraph.resolveDependency (/Users/ppbuddy/Desktop/RewardsPlanner/node_modules/metro/src/node-haste/DependencyGraph.js:263:43)
      at /Users/ppbuddy/Desktop/RewardsPlanner/node_modules/metro/src/lib/transformHelpers.js:165:21
      at resolveDependencies (/Users/ppbuddy/Desktop/RewardsPlanner/node_modules/metro/src/DeltaBundler/buildSubgraph.js:43:25)
      at visit (/Users/ppbuddy/Desktop/RewardsPlanner/node_modules/metro/src/DeltaBundler/buildSubgraph.js:81:30)
      at process.processTicksAndRejections (node:internal/process/task_queues:103:5)
      at async Promise.all (index 0)
      at async buildSubgraph (/Users/ppbuddy/Desktop/RewardsPlanner/node_modules/metro/src/DeltaBundler/buildSubgraph.js:105:3) {
    dirPaths: [
      '/Users/ppbuddy/Desktop/RewardsPlanner/node_modules',
      '/Users/ppbuddy/Desktop/node_modules',
      '/Users/ppbuddy/node_modules',
      '/Users/node_modules',
      '/node_modules'
    ],
    extraPaths: []
  }
}

Node.js v22.22.3

debug Command PhaseScriptExecution failed with a nonzero exit code

debug 


info 💡 Tip: Make sure that you have set up your development environment correctly, by running npx react-native doctor. To read more about doctor command visit: https://github.com/react-native-community/cli/blob/main/packages/cli-doctor/README.md#doctor 

error export CLANG_WARN_DOCUMENTATION_COMMENTS\=YES
error export CLANG_WARN_QUOTED_INCLUDE_IN_FRAMEWORK_HEADER\=NO
error export GCC_WARN_INHIBIT_ALL_WARNINGS\=YES
error export VALIDATE_PRODUCT\=NO
error export GCC_WARN_UNDECLARED_SELECTOR\=YES
error \=non-modular-include-in-framework-module -Wno-trigraphs -Wno-missing-field-initializers -Wno-missing-prototypes -Werror\=return-type -Wdocumentation -Wunreachable-code -Wno-implicit-atomic-properties -Werror\=deprecated-objc-isa-usage -Wno-objc-interface-ivars -Werror\=objc-root-class -Wno-arc-repeated-use-of-weak -Wimplicit-retain-self -Wno-non-virtual-dtor -Wno-overloaded-virtual -Wno-exit-time-destructors -Wduplicate-method-match -Wno-missing-braces -Wparentheses -Wswitch -Wunused-function -Wno-unused-label -Wno-unused-parameter -Wunused-variable -Wunused-value -Wempty-body -Wuninitialized -Wconditional-uninitialized -Wno-unknown-pragmas -Wno-shadow -Wno-four-char-constants -Wno-conversion -Wconstant-conversion -Wint-conversion -Wbool-conversion -Wenum-conversion -Wno-float-conversion -Wnon-literal-null-conversion -Wobjc-literal-conversion -Wshorten-64-to-32 -Wno-newline-eof -Wno-selector -Wno-strict-selector-match -Wundeclared-selector -Wdeprecated-implementations -Wno-c++11-extensions -Wno-implicit-fallthrough -fstrict-aliasing -Wprotocol -Wdeprecated-declarations -Winvalid-offsetof -Wno-sign-conversion -Winfinite-recursion -Wmove -Wcomma -Wblock-capture-autoreleasing -Wstrict-prototypes -Wrange-loop-analysis -Wno-semicolon-before-method-body -Wunguarded-availability -index-store-path /Users/ppbuddy/Library/Developer/Xcode/DerivedData/RewardsPlanners-ekihbxkapylnzgekifxkpyiwfgsu/Index.noindex/DataStore @/Users/ppbuddy/Library/Developer/Xcode/DerivedData/RewardsPlanners-ekihbxkapylnzgekifxkpyiwfgsu/Build/Intermediates.noindex/Pods.build/Debug-iphoneos/react-native-maps.build/Objects-normal/arm64/af3fcb34312c57c0f52879cdce924b91-common-args.resp -DFOLLY_MOBILE\=1 -DFOLLY_USE_LIBCPP\=1 -DFOLLY_CFG_NO_COROUTINES\=1 -DFOLLY_HAVE_CLOCK_GETTIME\=1 -Wno-comma -Wno-shorten-64-to-32 -DRCT_NEW_ARCH_ENABLED\=1 -include /Users/ppbuddy/Desktop/RewardsPlanner/ios/Pods/Target\ Support\ Files/react-native-maps/react-native-maps-prefix.pch -MMD -MT dependencies -MF /Users/ppbuddy/Library/Developer/Xcode/DerivedData/RewardsPlanners-ekihbxkapylnzgekifxkpyiwfgsu/Build/Intermediates.noindex/Pods.build/Debug-iphoneos/react-native-maps.build/Objects-normal/arm64/PlaceHolderGoogleMapView.d --serialize-diagnostics /Users/ppbuddy/Library/Developer/Xcode/DerivedData/RewardsPlanners-ekihbxkapylnzgekifxkpyiwfgsu/Build/Intermediates.noindex/Pods.build/Debug-iphoneos/react-native-maps.build/Objects-normal/arm64/PlaceHolderGoogleMapView.dia -c /Users/ppbuddy/Desktop/RewardsPlanner/node_modules/react-native-maps/ios/AirMaps/FabricPlaceholders/PlaceHolderGoogleMapView.mm -o /Users/ppbuddy/Library/Developer/Xcode/DerivedData/RewardsPlanners-ekihbxkapylnzgekifxkpyiwfgsu/Build/Intermediates.noindex/Pods.build/Debug-iphoneos/react-native-maps.build/Objects-normal/arm64/PlaceHolderGoogleMapView.o -index-unit-output-path /Pods.build/Debug-iphoneos/react-native-maps.build/Objects-normal/arm64/PlaceHolderGoogleMapView.o
error \=non-modular-include-in-framework-module -Wno-trigraphs -Wno-missing-field-initializers -Wno-missing-prototypes -Werror\=return-type -Wdocumentation -Wunreachable-code -Wno-implicit-atomic-properties -Werror\=deprecated-objc-isa-usage -Wno-objc-interface-ivars -Werror\=objc-root-class -Wno-arc-repeated-use-of-weak -Wimplicit-retain-self -Wno-non-virtual-dtor -Wno-overloaded-virtual -Wno-exit-time-destructors -Wduplicate-method-match -Wno-missing-braces -Wparentheses -Wswitch -Wunused-function -Wno-unused-label -Wno-unused-parameter -Wunused-variable -Wunused-value -Wempty-body -Wuninitialized -Wconditional-uninitialized -Wno-unknown-pragmas -Wno-shadow -Wno-four-char-constants -Wno-conversion -Wconstant-conversion -Wint-conversion -Wbool-conversion -Wenum-conversion -Wno-float-conversion -Wnon-literal-null-conversion -Wobjc-literal-conversion -Wshorten-64-to-32 -Wno-newline-eof -Wno-selector -Wno-strict-selector-match -Wundeclared-selector -Wdeprecated-implementations -Wno-c++11-extensions -Wno-implicit-fallthrough -fstrict-aliasing -Wprotocol -Wdeprecated-declarations -Winvalid-offsetof -Wno-sign-conversion -Winfinite-recursion -Wmove -Wcomma -Wblock-capture-autoreleasing -Wstrict-prototypes -Wrange-loop-analysis -Wno-semicolon-before-method-body -Wunguarded-availability -index-store-path /Users/ppbuddy/Library/Developer/Xcode/DerivedData/RewardsPlanners-ekihbxkapylnzgekifxkpyiwfgsu/Index.noindex/DataStore @/Users/ppbuddy/Library/Developer/Xcode/DerivedData/RewardsPlanners-ekihbxkapylnzgekifxkpyiwfgsu/Build/Intermediates.noindex/Pods.build/Debug-iphoneos/react-native-maps.build/Objects-normal/arm64/af3fcb34312c57c0f52879cdce924b91-common-args.resp -DFOLLY_MOBILE\=1 -DFOLLY_USE_LIBCPP\=1 -DFOLLY_CFG_NO_COROUTINES\=1 -DFOLLY_HAVE_CLOCK_GETTIME\=1 -Wno-comma -Wno-shorten-64-to-32 -DRCT_NEW_ARCH_ENABLED\=1 -include /Users/ppbuddy/Desktop/RewardsPlanner/ios/Pods/Target\ Support\ Files/react-native-maps/react-native-maps-prefix.pch -MMD -MT dependencies -MF /Users/ppbuddy/Library/Developer/Xcode/DerivedData/RewardsPlanners-ekihbxkapylnzgekifxkpyiwfgsu/Build/Intermediates.noindex/Pods.build/Debug-iphoneos/react-native-maps.build/Objects-normal/arm64/PlaceHolderGoogleMarkerView.d --serialize-diagnostics /Users/ppbuddy/Library/Developer/Xcode/DerivedData/RewardsPlanners-ekihbxkapylnzgekifxkpyiwfgsu/Build/Intermediates.noindex/Pods.build/Debug-iphoneos/react-native-maps.build/Objects-normal/arm64/PlaceHolderGoogleMarkerView.dia -c /Users/ppbuddy/Desktop/RewardsPlanner/node_modules/react-native-maps/ios/AirMaps/FabricPlaceholders/PlaceHolderGoogleMarkerView.mm -o /Users/ppbuddy/Library/Developer/Xcode/DerivedData/RewardsPlanners-ekihbxkapylnzgekifxkpyiwfgsu/Build/Intermediates.noindex/Pods.build/Debug-iphoneos/react-native-maps.build/Objects-normal/arm64/PlaceHolderGoogleMarkerView.o -index-unit-output-path /Pods.build/Debug-iphoneos/react-native-maps.build/Objects-normal/arm64/PlaceHolderGoogleMarkerView.o
error \=non-modular-include-in-framework-module -Wno-trigraphs -Wno-missing-field-initializers -Wno-missing-prototypes -Werror\=return-type -Wdocumentation -Wunreachable-code -Wno-implicit-atomic-properties -Werror\=deprecated-objc-isa-usage -Wno-objc-interface-ivars -Werror\=objc-root-class -Wno-arc-repeated-use-of-weak -Wimplicit-retain-self -Wno-non-virtual-dtor -Wno-overloaded-virtual -Wno-exit-time-destructors -Wduplicate-method-match -Wno-missing-braces -Wparentheses -Wswitch -Wunused-function -Wno-unused-label -Wno-unused-parameter -Wunused-variable -Wunused-value -Wempty-body -Wuninitialized -Wconditional-uninitialized -Wno-unknown-pragmas -Wno-shadow -Wno-four-char-constants -Wno-conversion -Wconstant-conversion -Wint-conversion -Wbool-conversion -Wenum-conversion -Wno-float-conversion -Wnon-literal-null-conversion -Wobjc-literal-conversion -Wshorten-64-to-32 -Wno-newline-eof -Wno-selector -Wno-strict-selector-match -Wundeclared-selector -Wdeprecated-implementations -Wno-c++11-extensions -Wno-implicit-fallthrough -fstrict-aliasing -Wprotocol -Wdeprecated-declarations -Winvalid-offsetof -Wno-sign-conversion -Winfinite-recursion -Wmove -Wcomma -Wblock-capture-autoreleasing -Wstrict-prototypes -Wrange-loop-analysis -Wno-semicolon-before-method-body -Wunguarded-availability -index-store-path /Users/ppbuddy/Library/Developer/Xcode/DerivedData/RewardsPlanners-ekihbxkapylnzgekifxkpyiwfgsu/Index.noindex/DataStore @/Users/ppbuddy/Library/Developer/Xcode/DerivedData/RewardsPlanners-ekihbxkapylnzgekifxkpyiwfgsu/Build/Intermediates.noindex/Pods.build/Debug-iphoneos/react-native-maps.build/Objects-normal/arm64/af3fcb34312c57c0f52879cdce924b91-common-args.resp -DFOLLY_MOBILE\=1 -DFOLLY_USE_LIBCPP\=1 -DFOLLY_CFG_NO_COROUTINES\=1 -DFOLLY_HAVE_CLOCK_GETTIME\=1 -Wno-comma -Wno-shorten-64-to-32 -DRCT_NEW_ARCH_ENABLED\=1 -include /Users/ppbuddy/Desktop/RewardsPlanner/ios/Pods/Target\ Support\ Files/react-native-maps/react-native-maps-prefix.pch -MMD -MT dependencies -MF /Users/ppbuddy/Library/Developer/Xcode/DerivedData/RewardsPlanners-ekihbxkapylnzgekifxkpyiwfgsu/Build/Intermediates.noindex/Pods.build/Debug-iphoneos/react-native-maps.build/Objects-normal/arm64/PlaceHolderPolygonView.d --serialize-diagnostics /Users/ppbuddy/Library/Developer/Xcode/DerivedData/RewardsPlanners-ekihbxkapylnzgekifxkpyiwfgsu/Build/Intermediates.noindex/Pods.build/Debug-iphoneos/react-native-maps.build/Objects-normal/arm64/PlaceHolderPolygonView.dia -c /Users/ppbuddy/Desktop/RewardsPlanner/node_modules/react-native-maps/ios/AirMaps/FabricPlaceholders/PlaceHolderPolygonView.mm -o /Users/ppbuddy/Library/Developer/Xcode/DerivedData/RewardsPlanners-ekihbxkapylnzgekifxkpyiwfgsu/Build/Intermediates.noindex/Pods.build/Debug-iphoneos/react-native-maps.build/Objects-normal/arm64/PlaceHolderPolygonView.o -index-unit-output-path /Pods.build/Debug-iphoneos/react-native-maps.build/Objects-normal/arm64/PlaceHolderPolygonView.o
error export CLANG_WARN_EMPTY_BODY\=YES
error (
error Unable to resolve module @babel/runtime/helpers/interopRequireDefault from /Users/ppbuddy/Desktop/RewardsPlanner/index.js: @babel/runtime/helpers/interopRequireDefault could not be found within the project or in these directories:
error ',
error Module does not exist in the Haste module map or in these directories:
error (/Users/ppbuddy/Desktop/RewardsPlanner/node_modules/metro-resolver/src/resolve.js:269:10)
error Failed to build ios project. "xcodebuild" exited with error code '65'. To debug build logs further, consider building your app with Xcode.app, by opening 'RewardsPlanners.xcworkspace'.
